variant,run_id,family,model_size,architecture,adaptation,resolution,total_params,trainable_params,best_epoch,val_mean_macro_f1,test_mean_macro_precision,test_mean_macro_recall,test_mean_macro_f1,test_mean_macro_f1_ci_lower,test_mean_macro_f1_ci_upper,train_duration_s,test_end_to_end_duration_s,test_end_to_end_images_per_s,test_model_forward_duration_s,test_model_forward_ms_per_image,loaded_backend,loaded_version,view_angle_macro_precision,view_angle_macro_recall,view_angle_macro_f1,view_angle_macro_f1_ci_lower,view_angle_macro_f1_ci_upper,view_angle_accuracy,mounting_macro_precision,mounting_macro_recall,mounting_macro_f1,mounting_macro_f1_ci_lower,mounting_macro_f1_ci_upper,mounting_accuracy,condition_macro_precision,condition_macro_recall,condition_macro_f1,condition_macro_f1_ci_lower,condition_macro_f1_ci_upper,condition_accuracy,sign_shape_macro_precision,sign_shape_macro_recall,sign_shape_macro_f1,sign_shape_macro_f1_ci_lower,sign_shape_macro_f1_ci_upper,sign_shape_accuracy
dinov3_vitb_frozen,dinov3_vitb_frozen-20260805-010218,DINOv3,base,ViT-B/16,frozen,224,85670413,9997,18,0.8052907277711745,0.7880565005122812,0.83503366909718,0.8067926301649743,0.7948895377586873,0.8187978179560332,2775.9,7.6699,246.42,1.3236,0.7003,transformers,n/a,0.8661728481486811,0.8723416737999723,0.8685539932387952,0.8536621057279256,0.8834929314515562,0.8756613756613757,0.8716839374050245,0.9326115027200949,0.8984684256935495,0.8777557775505181,0.9176716512221196,0.9476190476190476,0.5571008943363527,0.6164592166444781,0.576713346945611,0.5464508280821421,0.6063341681949922,0.7354497354497355,0.8572683221590663,0.9187222832241744,0.8834347547819412,0.8604643796450974,0.9037768315294076,0.9026455026455027
dinov3_vitl_frozen,dinov3_vitl_frozen-20260805-015010,DINOv3,large,ViT-L/16,frozen,224,303142925,13325,14,0.8110333284418991,0.8030737591074817,0.8379676160930959,0.8162240663198997,0.8050256142932118,0.8268719240727936,2376.1,7.3265,257.97,2.9518,1.5618,transformers,n/a,0.8575267807233464,0.8611435970824477,0.859122456620364,0.8427502717715906,0.8748737178130724,0.8671957671957672,0.8887728189481305,0.9420418704091784,0.9127272247521334,0.8932183760504523,0.9298353988935253,0.9555555555555556,0.5654555412205351,0.6290311513654453,0.5835485593704838,0.5520975579445798,0.6145749233876404,0.708994708994709,0.9005398955379145,0.9196538455153123,0.9094980245366177,0.8930153080790836,0.9244089241196826,0.9111111111111111
vjepa21_vitb_frozen,vjepa21_vitb_frozen-20260805-023109,V-JEPA,base,ViT-B/16,frozen,384,86843149,9997,20,0.7879026839874745,0.772395943129309,0.8180772225089001,0.7887785853333498,0.7763157006004419,0.8002940690767829,3409.4,8.4447,223.81,3.6234,1.9172,torch_hub,2.1,0.8520442208226311,0.8643846456086708,0.8523473327032013,0.8370101997959825,0.8677707119493345,0.8571428571428571,0.8226732928875693,0.9233187273766432,0.8613760419559409,0.8392273770940002,0.8825437156043292,0.9232804232804233,0.539095600019443,0.5888826214268783,0.5567680896602437,0.525669022215007,0.5867150473998809,0.7058201058201058,0.8757706587875929,0.8957228956234087,0.8846228770140131,0.8589259490560657,0.9065178577586565,0.9185185185185185
vjepa21_vitl_frozen,vjepa21_vitl_frozen-20260805-032934,V-JEPA,large,ViT-L/16,frozen,384,304694285,13325,34,0.8136981993827738,0.7976868798126713,0.8250318031304582,0.8085000171196968,0.7969209484277904,0.82007732091784,5323.9,11.0222,171.47,9.9198,5.2486,torch_hub,2.1,0.8808730044912463,0.881453985550476,0.8811580745836546,0.8664601606053819,0.8956477138686318,0.8888888888888888,0.8569055944055944,0.9321458055502636,0.8886877957700408,0.8688887232077079,0.9075669643786776,0.9412698412698413,0.5460695488912871,0.5847254673417703,0.5601042469841551,0.5294607684847352,0.5904393675612348,0.7375661375661375,0.9068993714625572,0.9018019540793232,0.9040499511409361,0.8801259694237272,0.9249421583253548,0.9306878306878307
convnext_base_frozen,convnext_base_frozen-20260805-050013,ConvNeXt,base,ConvNeXt-Base,frozen,224,87577741,13325,16,0.7811596200430666,0.7618878026783789,0.8180986777606929,0.7815507329291834,0.7706842261411235,0.792380043385389,2875.9,8.3216,227.12,1.5045,0.796,torchvision,n/a,0.8349625726754968,0.8423389760714536,0.8369712579112312,0.8204381253987517,0.8541523489386266,0.846031746031746,0.8299972666876159,0.9174234245676425,0.8651186843874438,0.8432597873905008,0.8854044893717766,0.926984126984127,0.5135059364699454,0.596091465142515,0.5338502518411795,0.5054936670886359,0.5622946841306845,0.6873015873015873,0.8690854348804578,0.9165408452611606,0.8902627375768791,0.8683127738723084,0.9079347319747957,0.9037037037037037
convnext_large_frozen,convnext_large_frozen-20260805-054942,ConvNeXt,large,ConvNeXt-Large,frozen,224,196247245,19981,16,0.77932568997652,0.772379184197572,0.813776573615868,0.7872979595285923,0.7751960461678565,0.7991401153219587,2951.0,8.5593,220.81,1.7795,0.9416,torchvision,n/a,0.8352146126493526,0.8416264029337276,0.8369912813852922,0.8189472608264601,0.8539783559980291,0.846031746031746,0.8589677374218334,0.9103109587011282,0.8819019346464841,0.8602177864972093,0.9020018849123167,0.9396825396825397,0.5501332445230456,0.5810075405587962,0.5537788522609106,0.5224460822947025,0.5840089014882514,0.7391534391534391,0.8452011421960565,0.9221613922698204,0.8765197698216822,0.8508175398206472,0.8974106253190578,0.9052910052910053
lingbot_vitb_frozen,lingbot_vitb_frozen-20260805-064029,LingBot-Vision,base,ViT-B/16,frozen,224,85679629,9997,33,0.7971743670653954,0.78595161362555,0.8325605406310801,0.8014734904234551,0.7899502231709404,0.8121550461059951,4530.9,8.4583,223.45,1.4652,0.7752,lingbot_vision,n/a,0.8762800907784986,0.8838317712209136,0.8790400703407951,0.8634800934451089,0.8935856780864441,0.8862433862433863,0.8761698593639338,0.9197413263902119,0.8960811179319081,0.8768128299728926,0.9151484814445597,0.9476190476190476,0.5125657871989778,0.5991838784243065,0.5306352825487579,0.5017865561371346,0.5585631829018506,0.6645502645502646,0.8787907171607898,0.9274851864888882,0.9001374908723593,0.8783572043363805,0.9199804994155303,0.9243386243386243
lingbot_vitl_frozen,lingbot_vitl_frozen-20260805-075734,LingBot-Vision,large,ViT-L/16,frozen,224,303167501,13325,24,0.8059231082947143,0.7960733586264523,0.8372730047533257,0.8118169512380335,0.8001752540001894,0.822775824409944,3798.9,8.4332,224.12,3.0297,1.603,lingbot_vision,n/a,0.8721002884049488,0.8775438197304218,0.8743772315785789,0.8591990740590232,0.8895687118363592,0.8814814814814815,0.8746631278072683,0.9316166042209097,0.8999475533730386,0.8798258279910453,0.9189345785184012,0.9486772486772487,0.5402429098578664,0.6033743154060157,0.5578478890702516,0.5297550090211347,0.587441205891655,0.7248677248677249,0.8972871084357255,0.9365572796559553,0.9150951309302651,0.8949878916016484,0.9321275474126082,0.9343915343915344
dinov3_vitb_lora,dinov3_vitb_lora-20260805-090227,DINOv3,base,ViT-B/16,lora,224,85965325,304909,32,0.8861582489409221,0.8847891932054421,0.8829068635407875,0.8834641789634015,0.8725386493212289,0.8929581267081028,4616.1,8.7758,215.37,1.618,0.8561,transformers,n/a,0.9201195122714658,0.9241818509858161,0.9219399240641746,0.9090638520232434,0.933784221287715,0.9285714285714286,0.9449343474287121,0.9591456573738913,0.951873217526575,0.936722282052873,0.9651540312344928,0.9767195767195768,0.7068586835972002,0.6801044468088518,0.6924425120419461,0.6572566238992313,0.7240698350426306,0.8301587301587302,0.9672442295243908,0.9681954989945909,0.9676010622209104,0.9566855388375205,0.976487797995629,0.9698412698412698
dinov3_vitl_lora,dinov3_vitl_lora-20260805-120137,DINOv3,large,ViT-L/16,lora,224,303929357,799757,21,0.90564166697555,0.8978075930295114,0.8956159688869719,0.8959488114563234,0.8859874504301446,0.9051284492129363,3747.8,8.8166,214.37,4.6788,2.4756,transformers,n/a,0.928758309950326,0.9217886599940571,0.9248114493294096,0.9122351448194991,0.9366362497753835,0.9328042328042329,0.9520286234432731,0.9549332147922356,0.953474032672506,0.9381626654482524,0.9665401069761507,0.9777777777777777,0.7333374416171671,0.7281276120613297,0.7281512231512465,0.6954811792826295,0.759810222253193,0.8433862433862434,0.9771059971072793,0.9776143887002654,0.9773585406721319,0.9699615098385101,0.9840435358354374,0.9783068783068783
vjepa21_vitb_lora,vjepa21_vitb_lora-20260805-130545,V-JEPA,base,ViT-B/16,lora,384,87138061,304909,18,0.8742766278150329,0.8870117145188343,0.8823455292161133,0.8843680879860023,0.8735605769569423,0.8945942747344736,4058.1,10.6703,177.13,5.9426,3.1442,torch_hub,2.1,0.9276673270684007,0.9262101797798431,0.9269167450023513,0.9141357775804168,0.9390449827237534,0.9349206349206349,0.9465101935434517,0.939300607523126,0.9428620883227987,0.926545026828796,0.9579994836640501,0.973015873015873,0.7209802384043041,0.7053683485445528,0.7125973836849564,0.6794801366795331,0.7433088742274424,0.8328042328042328,0.9528890990591806,0.9585029810169312,0.9550961349339028,0.9377070082123268,0.9688892934576574,0.9666666666666667
vjepa21_vitl_lora,vjepa21_vitl_lora-20260805-141508,V-JEPA,large,ViT-L/16,lora,384,305480717,799757,12,0.8930275154529488,0.8970258052303512,0.9049044479473147,0.9006372728938028,0.8911645085415463,0.9094745671415417,5229.1,13.3783,141.27,12.1833,6.4462,torch_hub,2.1,0.932887511974145,0.9272330160889837,0.9296771795020141,0.9175530788463023,0.9410499990075092,0.937037037037037,0.939331473981983,0.9671895175800682,0.9526152766160151,0.9379094690976609,0.966281927650473,0.9767195767195768,0.739920504536845,0.7545973616064189,0.7470310263292831,0.716208675908769,0.7761143824489056,0.8486772486772487,0.9759637304284322,0.9705978965137882,0.9732256091278991,0.9611633268259938,0.9823574223277163,0.9767195767195768
convnext_base_finetune,convnext_base_finetune-20260805-154425,ConvNeXt,base,ConvNeXt-Base,finetune,224,87577741,87577741,23,0.8753113931393688,0.8799145294039804,0.8637734311391544,0.8683584739032675,0.857017792282754,0.8788679624757169,3877.8,8.8145,214.42,1.3575,0.7183,torchvision,n/a,0.9201200166142378,0.9165613135254792,0.9180547019549636,0.9049364949269213,0.9308992728805507,0.926984126984127,0.9370806776249581,0.9412904045214963,0.9391705069124424,0.9234190208636204,0.9542428978370284,0.9708994708994709,0.6916438563085312,0.6357342910965801,0.6502177971002513,0.6138403197071938,0.684963230598369,0.8211640211640212,0.9708135670681942,0.9615077154130622,0.9659908896454127,0.955330374904935,0.974955050378712,0.9682539682539683
convnext_large_finetune,convnext_large_finetune-20260805-165036,ConvNeXt,large,ConvNeXt-Large,finetune,224,196247245,196247245,18,0.8781642019545479,0.8858534788239446,0.8709676519105345,0.8769784360530233,0.8665718440248732,0.8865100164369065,3372.6,9.0841,208.06,2.2178,1.1734,torchvision,n/a,0.9157132894814155,0.9195558897483261,0.9173393896203784,0.9038208282690432,0.9308397545846874,0.9248677248677248,0.9463776613010777,0.9172329120890752,0.9310871219211014,0.9145744012364919,0.9479030846783341,0.9682539682539683,0.7241848686293131,0.675783729787435,0.6954718330876557,0.6611357494656847,0.7282997816100611,0.8248677248677249,0.9571380958839718,0.971298076017302,0.9640153995829577,0.951944599129674,0.9739705087548629,0.9677248677248678
lingbot_vitb_lora,lingbot_vitb_lora-20260805-174824,LingBot-Vision,base,ViT-B/16,lora,224,85974541,304909,28,0.8879461863061091,0.8854194981504259,0.8865788934222522,0.8854148659058755,0.874585014376772,0.8948197002066216,4467.1,8.9991,210.02,2.0646,1.0924,lingbot_vision,n/a,0.915272515393133,0.9178938994953243,0.9165008720618891,0.9032728813456498,0.9285707554731051,0.9238095238095239,0.9309334580719381,0.952858745581169,0.9414859339202704,0.9248459427034101,0.9567616386302762,0.9714285714285714,0.7259843772677325,0.6974782079454784,0.7101471393849125,0.6755367273355203,0.7418882779528292,0.8338624338624339,0.9694876418688999,0.9780847206670368,0.9735255182564296,0.9654849437397899,0.9805962749312934,0.973015873015873
lingbot_vitl_lora,lingbot_vitl_lora-20260805-190422,LingBot-Vision,large,ViT-L/16,lora,224,303953933,799757,12,0.8981420221314974,0.8901626705741126,0.8982502535622297,0.8921301666171627,0.8820581641790617,0.9016419816617961,2671.5,9.4009,201.05,3.6029,1.9063,lingbot_vision,n/a,0.9290686046696637,0.9302808305347642,0.9296578274605117,0.9174523013779794,0.9409165058886029,0.9365079365079365,0.9546922173767192,0.9590715691877818,0.9568663594470046,0.9423959620884658,0.9695664005141997,0.9793650793650793,0.6996959684642169,0.7277506286769357,0.7055430773823007,0.6731629989402577,0.7360300279680698,0.8074074074074075,0.9771938917858505,0.9758979858494369,0.9764534021788339,0.9668395047850672,0.9843678990413355,0.9788359788359788
convnext_base_lora,convnext_base_lora-20260806-141628,ConvNeXt,base,ConvNeXt-Base,lora,224,89021581,1457165,48,0.876136152185104,0.888115521896075,0.8732316420125502,0.8796819681455341,0.8683759301829793,0.8897562350631688,6738.4,8.3258,227.01,2.0523,1.0859,torchvision,n/a,0.9170021686187528,0.9214470726692885,0.9189676130230376,0.9058614806497649,0.9314643550405104,0.9264550264550264,0.944031511482998,0.9223661649838064,0.9328014578666768,0.9157823413842754,0.9493674117243348,0.9687830687830687,0.7297114754059845,0.6811784105835156,0.7022089577784195,0.6670551452215494,0.7340273152280458,0.8402116402116402,0.961716932076565,0.9679349198135903,0.9647498439140023,0.9541087385493778,0.9740079959501922,0.9650793650793651
convnext_large_lora,convnext_large_lora-20260806-161029,ConvNeXt,large,ConvNeXt-Large,lora,224,198413005,2185741,36,0.8706358154287606,0.8835314206088654,0.8679767534355618,0.8748171613226606,0.8637947222375918,0.8844229805126185,4437.7,8.7565,215.84,4.0304,2.1325,torchvision,n/a,0.915788521575512,0.9208185483971393,0.9179820141664387,0.9051899950986984,0.9306983232610073,0.9248677248677248,0.9510607647983237,0.9050506974873521,0.9262678347066906,0.9083515434904884,0.9435950835061454,0.9666666666666667,0.7067382668340315,0.6744663597689534,0.6891240446796002,0.6538553526094227,0.7193635764739105,0.8402116402116402,0.9605381292275943,0.9715714080888025,0.9658947517379133,0.9555023847720224,0.9754045680704779,0.9671957671957672
