model,prompt,image_id,n_gt,n_pred,tp,fp,fn,duplicates,precision,recall,f1,accuracy
SAM 3,Black Garbage Bag,14_jpeg.rf.8214c51f9c25dea0e54007991c4e3666.jpg,3,0,0,0,3,0,0.0,0.0,0.0,0.0
SAM 3,Black Garbage Bag,20241213_080403_jpg.rf.3dcbef4810d284601796c30ae5e851ed.jpg,3,0,0,0,3,0,0.0,0.0,0.0,0.0
SAM 3,Black Garbage Bag,20241213_082745_jpg.rf.96486ae40adc356b948caf5f75b61f88.jpg,1,0,0,0,1,0,0.0,0.0,0.0,0.0
SAM 3,Black Garbage Bag,20241214_075842_jpg.rf.1891b8867310eeface2f0bc74a0dc490.jpg,1,1,1,0,0,0,1.0,1.0,1.0,1.0
SAM 3,Black Garbage Bag,20241214_080005_jpg.rf.8f62c5b3603421b99194e2142efb05e1.jpg,3,2,2,0,1,0,1.0,0.6667,0.8,0.6667
SAM 3,Grey Garbage Bag,14_jpeg.rf.8214c51f9c25dea0e54007991c4e3666.jpg,3,4,3,1,0,1,0.75,1.0,0.8571,0.75
SAM 3,Grey Garbage Bag,20241213_080403_jpg.rf.3dcbef4810d284601796c30ae5e851ed.jpg,3,0,0,0,3,0,0.0,0.0,0.0,0.0
SAM 3,Grey Garbage Bag,20241213_082745_jpg.rf.96486ae40adc356b948caf5f75b61f88.jpg,1,0,0,0,1,0,0.0,0.0,0.0,0.0
SAM 3,Grey Garbage Bag,20241214_075842_jpg.rf.1891b8867310eeface2f0bc74a0dc490.jpg,1,1,1,0,0,0,1.0,1.0,1.0,1.0
SAM 3,Grey Garbage Bag,20241214_080005_jpg.rf.8f62c5b3603421b99194e2142efb05e1.jpg,3,3,3,0,0,0,1.0,1.0,1.0,1.0
SAM 3,White Garbage Bag,14_jpeg.rf.8214c51f9c25dea0e54007991c4e3666.jpg,3,4,3,1,0,1,0.75,1.0,0.8571,0.75
SAM 3,White Garbage Bag,20241213_080403_jpg.rf.3dcbef4810d284601796c30ae5e851ed.jpg,3,3,3,0,0,0,1.0,1.0,1.0,1.0
SAM 3,White Garbage Bag,20241213_082745_jpg.rf.96486ae40adc356b948caf5f75b61f88.jpg,1,1,1,0,0,0,1.0,1.0,1.0,1.0
SAM 3,White Garbage Bag,20241214_075842_jpg.rf.1891b8867310eeface2f0bc74a0dc490.jpg,1,0,0,0,1,0,0.0,0.0,0.0,0.0
SAM 3,White Garbage Bag,20241214_080005_jpg.rf.8f62c5b3603421b99194e2142efb05e1.jpg,3,0,0,0,3,0,0.0,0.0,0.0,0.0
SAM 3,Orange Garbage Bag,14_jpeg.rf.8214c51f9c25dea0e54007991c4e3666.jpg,3,0,0,0,3,0,0.0,0.0,0.0,0.0
SAM 3,Orange Garbage Bag,20241213_080403_jpg.rf.3dcbef4810d284601796c30ae5e851ed.jpg,3,0,0,0,3,0,0.0,0.0,0.0,0.0
SAM 3,Orange Garbage Bag,20241213_082745_jpg.rf.96486ae40adc356b948caf5f75b61f88.jpg,1,0,0,0,1,0,0.0,0.0,0.0,0.0
SAM 3,Orange Garbage Bag,20241214_075842_jpg.rf.1891b8867310eeface2f0bc74a0dc490.jpg,1,0,0,0,1,0,0.0,0.0,0.0,0.0
SAM 3,Orange Garbage Bag,20241214_080005_jpg.rf.8f62c5b3603421b99194e2142efb05e1.jpg,3,0,0,0,3,0,0.0,0.0,0.0,0.0
SAM 3,Domestic Waste,14_jpeg.rf.8214c51f9c25dea0e54007991c4e3666.jpg,3,6,3,3,0,2,0.5,1.0,0.6667,0.5
SAM 3,Domestic Waste,20241213_080403_jpg.rf.3dcbef4810d284601796c30ae5e851ed.jpg,3,0,0,0,3,0,0.0,0.0,0.0,0.0
SAM 3,Domestic Waste,20241213_082745_jpg.rf.96486ae40adc356b948caf5f75b61f88.jpg,1,0,0,0,1,0,0.0,0.0,0.0,0.0
SAM 3,Domestic Waste,20241214_075842_jpg.rf.1891b8867310eeface2f0bc74a0dc490.jpg,1,0,0,0,1,0,0.0,0.0,0.0,0.0
SAM 3,Domestic Waste,20241214_080005_jpg.rf.8f62c5b3603421b99194e2142efb05e1.jpg,3,0,0,0,3,0,0.0,0.0,0.0,0.0
SAM 3,Garbage,14_jpeg.rf.8214c51f9c25dea0e54007991c4e3666.jpg,3,6,3,3,0,2,0.5,1.0,0.6667,0.5
SAM 3,Garbage,20241213_080403_jpg.rf.3dcbef4810d284601796c30ae5e851ed.jpg,3,4,3,1,0,0,0.75,1.0,0.8571,0.75
SAM 3,Garbage,20241213_082745_jpg.rf.96486ae40adc356b948caf5f75b61f88.jpg,1,1,1,0,0,0,1.0,1.0,1.0,1.0
SAM 3,Garbage,20241214_075842_jpg.rf.1891b8867310eeface2f0bc74a0dc490.jpg,1,1,1,0,0,0,1.0,1.0,1.0,1.0
SAM 3,Garbage,20241214_080005_jpg.rf.8f62c5b3603421b99194e2142efb05e1.jpg,3,3,3,0,0,0,1.0,1.0,1.0,1.0
Cosmos Reason2 2B,Black Garbage Bag,14_jpeg.rf.8214c51f9c25dea0e54007991c4e3666.jpg,3,1,1,0,2,0,1.0,0.3333,0.5,0.3333
Cosmos Reason2 2B,Black Garbage Bag,20241213_080403_jpg.rf.3dcbef4810d284601796c30ae5e851ed.jpg,3,0,0,0,3,0,0.0,0.0,0.0,0.0
Cosmos Reason2 2B,Black Garbage Bag,20241213_082745_jpg.rf.96486ae40adc356b948caf5f75b61f88.jpg,1,1,1,0,0,0,1.0,1.0,1.0,1.0
Cosmos Reason2 2B,Black Garbage Bag,20241214_075842_jpg.rf.1891b8867310eeface2f0bc74a0dc490.jpg,1,0,0,0,1,0,0.0,0.0,0.0,0.0
Cosmos Reason2 2B,Black Garbage Bag,20241214_080005_jpg.rf.8f62c5b3603421b99194e2142efb05e1.jpg,3,0,0,0,3,0,0.0,0.0,0.0,0.0
Cosmos Reason2 2B,Grey Garbage Bag,14_jpeg.rf.8214c51f9c25dea0e54007991c4e3666.jpg,3,1,1,0,2,0,1.0,0.3333,0.5,0.3333
Cosmos Reason2 2B,Grey Garbage Bag,20241213_080403_jpg.rf.3dcbef4810d284601796c30ae5e851ed.jpg,3,1,0,1,3,0,0.0,0.0,0.0,0.0
Cosmos Reason2 2B,Grey Garbage Bag,20241213_082745_jpg.rf.96486ae40adc356b948caf5f75b61f88.jpg,1,1,1,0,0,0,1.0,1.0,1.0,1.0
Cosmos Reason2 2B,Grey Garbage Bag,20241214_075842_jpg.rf.1891b8867310eeface2f0bc74a0dc490.jpg,1,1,1,0,0,0,1.0,1.0,1.0,1.0
Cosmos Reason2 2B,Grey Garbage Bag,20241214_080005_jpg.rf.8f62c5b3603421b99194e2142efb05e1.jpg,3,1,1,0,2,0,1.0,0.3333,0.5,0.3333
Cosmos Reason2 2B,White Garbage Bag,14_jpeg.rf.8214c51f9c25dea0e54007991c4e3666.jpg,3,1,1,0,2,0,1.0,0.3333,0.5,0.3333
Cosmos Reason2 2B,White Garbage Bag,20241213_080403_jpg.rf.3dcbef4810d284601796c30ae5e851ed.jpg,3,1,1,0,2,0,1.0,0.3333,0.5,0.3333
Cosmos Reason2 2B,White Garbage Bag,20241213_082745_jpg.rf.96486ae40adc356b948caf5f75b61f88.jpg,1,1,1,0,0,0,1.0,1.0,1.0,1.0
Cosmos Reason2 2B,White Garbage Bag,20241214_075842_jpg.rf.1891b8867310eeface2f0bc74a0dc490.jpg,1,1,1,0,0,0,1.0,1.0,1.0,1.0
Cosmos Reason2 2B,White Garbage Bag,20241214_080005_jpg.rf.8f62c5b3603421b99194e2142efb05e1.jpg,3,0,0,0,3,0,0.0,0.0,0.0,0.0
Cosmos Reason2 2B,Orange Garbage Bag,14_jpeg.rf.8214c51f9c25dea0e54007991c4e3666.jpg,3,1,1,0,2,0,1.0,0.3333,0.5,0.3333
Cosmos Reason2 2B,Orange Garbage Bag,20241213_080403_jpg.rf.3dcbef4810d284601796c30ae5e851ed.jpg,3,1,1,0,2,0,1.0,0.3333,0.5,0.3333
Cosmos Reason2 2B,Orange Garbage Bag,20241213_082745_jpg.rf.96486ae40adc356b948caf5f75b61f88.jpg,1,0,0,0,1,0,0.0,0.0,0.0,0.0
Cosmos Reason2 2B,Orange Garbage Bag,20241214_075842_jpg.rf.1891b8867310eeface2f0bc74a0dc490.jpg,1,1,1,0,0,0,1.0,1.0,1.0,1.0
Cosmos Reason2 2B,Orange Garbage Bag,20241214_080005_jpg.rf.8f62c5b3603421b99194e2142efb05e1.jpg,3,1,1,0,2,0,1.0,0.3333,0.5,0.3333
Cosmos Reason2 2B,Domestic Waste,14_jpeg.rf.8214c51f9c25dea0e54007991c4e3666.jpg,3,2,2,0,1,0,1.0,0.6667,0.8,0.6667
Cosmos Reason2 2B,Domestic Waste,20241213_080403_jpg.rf.3dcbef4810d284601796c30ae5e851ed.jpg,3,1,0,1,3,0,0.0,0.0,0.0,0.0
Cosmos Reason2 2B,Domestic Waste,20241213_082745_jpg.rf.96486ae40adc356b948caf5f75b61f88.jpg,1,1,1,0,0,0,1.0,1.0,1.0,1.0
Cosmos Reason2 2B,Domestic Waste,20241214_075842_jpg.rf.1891b8867310eeface2f0bc74a0dc490.jpg,1,1,1,0,0,0,1.0,1.0,1.0,1.0
Cosmos Reason2 2B,Domestic Waste,20241214_080005_jpg.rf.8f62c5b3603421b99194e2142efb05e1.jpg,3,2,2,0,1,0,1.0,0.6667,0.8,0.6667
Cosmos Reason2 2B,Garbage,14_jpeg.rf.8214c51f9c25dea0e54007991c4e3666.jpg,3,2,2,0,1,0,1.0,0.6667,0.8,0.6667
Cosmos Reason2 2B,Garbage,20241213_080403_jpg.rf.3dcbef4810d284601796c30ae5e851ed.jpg,3,1,0,1,3,0,0.0,0.0,0.0,0.0
Cosmos Reason2 2B,Garbage,20241213_082745_jpg.rf.96486ae40adc356b948caf5f75b61f88.jpg,1,0,0,0,1,0,0.0,0.0,0.0,0.0
Cosmos Reason2 2B,Garbage,20241214_075842_jpg.rf.1891b8867310eeface2f0bc74a0dc490.jpg,1,1,1,0,0,0,1.0,1.0,1.0,1.0
Cosmos Reason2 2B,Garbage,20241214_080005_jpg.rf.8f62c5b3603421b99194e2142efb05e1.jpg,3,2,2,0,1,0,1.0,0.6667,0.8,0.6667
