dataset,model_family,model_variant,parameters,model_size_mb,precision,recall,f1,map50,map50_95,test_map50,test_map50_95,val_inference_ms,train_seconds,run_path,wandb_url,source_file,status
MDWD,YOLO11,yolo11n,2590815,5.22,0.9035638191227982,0.8036866029135148,0.8507037127455663,0.8636417638926028,0.6888369062440758,0.8570737834746062,0.6712756802289579,1.4703723577181742,10402.89,E:\1. UM-Staff\AICOM\AICOM-OD\runs\YOLO11-EUVIP\E001_yolo11n_rfv20_img640_b32_e100_adamw_lr0p001\weights\best.pt,https://wandb.ai/mark-bugeja-university-of-malta/MSc-MDWD-EUVIP26/runs/ekpate6x,Results\MDWD-Results\YOLO11\Model-Size-Comparison\yolo11_multi_model_template_summary.csv,completed
MDWD,YOLO11,yolo11s,9429727,18.29,0.9345350765796423,0.8350317903928598,0.8819858833775887,0.8973637859791648,0.7346008341140627,0.9005741753502459,0.7333992793647316,2.191731978301606,10635.52,E:\1. UM-Staff\AICOM\AICOM-OD\runs\YOLO11-EUVIP\E002_yolo11s_rfv20_img640_b32_e100_adamw_lr0p001\weights\best.pt,https://wandb.ai/mark-bugeja-university-of-malta/MSc-MDWD-EUVIP26/runs/mw104771,Results\MDWD-Results\YOLO11\Model-Size-Comparison\yolo11_multi_model_template_summary.csv,completed
MDWD,YOLO11,yolo11m,20056863,38.64,0.9203475253528313,0.8200175360752494,0.8672905780509078,0.8866884997447217,0.7353568731041266,0.8971660048873099,0.7477186962711211,3.6567655826734535,12053.98,E:\1. UM-Staff\AICOM\AICOM-OD\runs\YOLO11-EUVIP\E003_yolo11m_rfv20_img640_b32_e100_adamw_lr0p001\weights\best.pt,https://wandb.ai/mark-bugeja-university-of-malta/MSc-MDWD-EUVIP26/runs/14s10692,Results\MDWD-Results\YOLO11\Model-Size-Comparison\yolo11_multi_model_template_summary.csv,completed
MDWD,YOLO11,yolo11l,25314335,48.83,0.9430254248999848,0.8613766154054854,0.9003537244993949,0.8992977873215562,0.7614110989418542,0.886509395520411,0.7490432677651303,4.579085907844421,17753.24,E:\1. UM-Staff\AICOM\AICOM-OD\runs\YOLO11-EUVIP\E004_yolo11l_rfv20_img640_b32_e100_adamw_lr0p001\weights\best.pt,https://wandb.ai/mark-bugeja-university-of-malta/MSc-MDWD-EUVIP26/runs/xiw9b748,Results\MDWD-Results\YOLO11\Model-Size-Comparison\yolo11_multi_model_template_summary.csv,completed
MDWD,YOLO12,yolo12n,2569023,5.26,0.9154546014676533,0.8216141219033026,0.8659996215550535,0.8834670451829236,0.7121870181049601,0.8801085427634456,0.7028998127188875,54.976495392934474,12042.9,E:\1. UM-Staff\AICOM\AICOM-OD\runs\YOLO12-EUVIP\E001_yolo12n_rfv20_img640_b32_e100_adamw_lr0p001\weights\best.pt,https://wandb.ai/mark-bugeja-university-of-malta/MSc-MDWD-EUVIP26/runs/9w5iy8yf,Results\MDWD-Results\YOLO12\Model-Size-Comparison\yolo12_multi_model_template_summary.csv,completed
MDWD,YOLO12,yolo12s,9255071,18.06,0.9268869459779859,0.8458354822242413,0.8845083183312759,0.8941019091806585,0.7413695245455391,0.9000294663959238,0.7441136123028703,123.72210135500119,15157.6,E:\1. UM-Staff\AICOM\AICOM-OD\runs\YOLO12-EUVIP\E002_yolo12s_rfv20_img640_b32_e100_adamw_lr0p001\weights\best.pt,https://wandb.ai/mark-bugeja-university-of-malta/MSc-MDWD-EUVIP26/runs/lsk5l42p,Results\MDWD-Results\YOLO12\Model-Size-Comparison\yolo12_multi_model_template_summary.csv,completed
MDWD,YOLO12,yolo12m,20141343,38.88,0.9416166668810266,0.8759404715528101,0.9075919868142031,0.9146507932357523,0.7655754993119791,0.9030288175429702,0.7584478892257497,282.71240813016885,16741.3,E:\1. UM-Staff\AICOM\AICOM-OD\runs\YOLO12-EUVIP\E003_yolo12m_rfv20_img640_b32_e100_adamw_lr0p001\weights\best.pt,https://wandb.ai/mark-bugeja-university-of-malta/MSc-MDWD-EUVIP26/runs/h6nvyz1h,Results\MDWD-Results\YOLO12\Model-Size-Comparison\yolo12_multi_model_template_summary.csv,completed
MDWD,YOLO26,yolo26n,2505750,5.14,0.9222904546628795,0.803722135332503,0.8589337736179753,0.8697870789738549,0.6983701238316875,0.8659065868805218,0.6886184747156848,1.4199146352264131,10687.15,E:\1. UM-Staff\AICOM\AICOM-OD\runs\YOLO26-EUVIP\E001_yolo26n_rfv20_img640_b32_e100_adamw_lr0p001\weights\best.pt,https://wandb.ai/mark-bugeja-university-of-malta/MSc-MDWD-EUVIP26/runs/1ly4otlc,Results\MDWD-Results\YOLO26\Model-Size-Comparison\yolo26_multi_model_template_summary.csv,completed
MDWD,YOLO26,yolo26s,9951734,19.38,0.9469718641738665,0.8486864448127379,0.8951393265871109,0.8998867887087038,0.7559666179134011,0.9013860898059962,0.7526606369179244,2.5447943086324507,18632.86,E:\1. UM-Staff\AICOM\AICOM-OD\runs\YOLO26-EUVIP\E002_yolo26s_rfv20_img640_b32_e100_adamw_lr0p001\weights\best.pt,https://wandb.ai/mark-bugeja-university-of-malta/MSc-MDWD-EUVIP26/runs/om02qlrq,Results\MDWD-Results\YOLO26\Model-Size-Comparison\yolo26_multi_model_template_summary.csv,completed
MDWD,YOLO26,yolo26m,21780598,42.0,0.9405646614668035,0.8614048960762952,0.8992460511580751,0.9073978148901288,0.762111243348453,0.895146625588527,0.7596933044605231,3.835848238581645,18368.08,E:\1. UM-Staff\AICOM\AICOM-OD\runs\YOLO26-EUVIP\E003_yolo26m_rfv20_img640_b32_e100_adamw_lr0p001\weights\best.pt,https://wandb.ai/mark-bugeja-university-of-malta/MSc-MDWD-EUVIP26/runs/lla7nn1e,Results\MDWD-Results\YOLO26\Model-Size-Comparison\yolo26_multi_model_template_summary.csv,completed
MDWD,YOLO26,yolo26l,26184054,50.54,0.9578149412414303,0.8732289459488067,0.9135681972513805,0.9152102000336587,0.7951067059184301,0.8976302321761004,0.782444279952786,4.69017533842868,26600.16,E:\1. UM-Staff\AICOM\AICOM-OD\runs\YOLO26-EUVIP\E004_yolo26l_rfv20_img640_b32_e100_adamw_lr0p001\weights\best.pt,https://wandb.ai/mark-bugeja-university-of-malta/MSc-MDWD-EUVIP26/runs/at8vk5xq,Results\MDWD-Results\YOLO26\Model-Size-Comparison\yolo26_multi_model_template_summary.csv,completed
MDWD,YOLO26-DGX,yolo26n,2505750,5.14,0.9052559522558431,0.8332353816675917,0.8677538670065944,0.8819945517967597,0.7101449387196088,0.8659986595995866,0.6893505797323799,3.4520835853642,9188.58,/mnt/external_ssd/1. UM-Staff/AICOM/AICOM-OD/runs/YOLO26-DGX/E001_yolo26n_rfv20_img640_b32_e100_adamw_lr0p001/weights/best.pt,https://wandb.ai/mark-bugeja-university-of-malta/MSc-MDWD-EUVIP26/runs/m9ylqdrr,Results\MDWD-Results\YOLO26-DGX\Model-Size-Comparison\yolo26_multi_model_template_summary.csv,completed
MDWD,YOLO26-DGX,yolo26s,9951734,19.38,0.9375666900010955,0.8561401190591977,0.8950051965560605,0.9091723737957915,0.7565106419877367,0.9120955526378707,0.7610614941574424,8.186924943118672,22959.41,/mnt/external_ssd/1. UM-Staff/AICOM/AICOM-OD/runs/YOLO26-DGX/E002_yolo26s_rfv20_img640_b32_e100_adamw_lr0p001/weights/best.pt,https://wandb.ai/mark-bugeja-university-of-malta/MSc-MDWD-EUVIP26/runs/9yfcixfl,Results\MDWD-Results\YOLO26-DGX\Model-Size-Comparison\yolo26_multi_model_template_summary.csv,completed
MDWD,YOLO26-DGX,yolo26m,21780598,41.99,0.9396810135352093,0.8592301594256876,0.8976566260803364,0.9087364468168133,0.7637484286319105,0.907307962049978,0.7638215956365161,13.51098994851279,46709.58,/mnt/external_ssd/1. UM-Staff/AICOM/AICOM-OD/runs/YOLO26-DGX/E003_yolo26m_rfv20_img640_b32_e100_adamw_lr0p001/weights/best.pt,https://wandb.ai/mark-bugeja-university-of-malta/MSc-MDWD-EUVIP26/runs/6uj03ph3,Results\MDWD-Results\YOLO26-DGX\Model-Size-Comparison\yolo26_multi_model_template_summary.csv,completed
MDWD,YOLO26-DGX,yolo26l,26184054,50.54,0.9485779923671703,0.8795903108683845,0.9127824935072647,0.9099584651611433,0.7947859960634506,0.9014279321813479,0.7810236678470909,17.25308737945667,90351.43,/mnt/external_ssd/1. UM-Staff/AICOM/AICOM-OD/runs/YOLO26-DGX/E004_yolo26l_rfv20_img640_b32_e100_adamw_lr0p001/weights/best.pt,https://wandb.ai/mark-bugeja-university-of-malta/MSc-MDWD-EUVIP26/runs/xdmn2clm,Results\MDWD-Results\YOLO26-DGX\Model-Size-Comparison\yolo26_multi_model_template_summary.csv,completed
