evaluation_protocol,dataset,split,model,prompt,precision,recall,f1,ap50,map50_95,mean_matched_iou,n_images,run_folder,status
class-agnostic-exploratory,MDWD,test,SAM 3,Black Garbage Bag,1.0,0.2727,0.4286,0.2727,0.2454,0.9351,5,Results\PromptDetect\BatchEvaluation\MDWD\20260709-234655,completed
class-agnostic-exploratory,MDWD,test,SAM 3,Grey Garbage Bag,0.875,0.6364,0.7368,0.6136,0.5368,0.9262,5,Results\PromptDetect\BatchEvaluation\MDWD\20260709-234655,completed
class-agnostic-exploratory,MDWD,test,SAM 3,White Garbage Bag,0.875,0.6364,0.7368,0.6364,0.5864,0.9412,5,Results\PromptDetect\BatchEvaluation\MDWD\20260709-234655,completed
class-agnostic-exploratory,MDWD,test,SAM 3,Orange Garbage Bag,0.0,0.0,0.0,0.0,0.0,0.0,5,Results\PromptDetect\BatchEvaluation\MDWD\20260709-234655,completed
class-agnostic-exploratory,MDWD,test,SAM 3,Domestic Waste,0.5,0.2727,0.3529,0.2273,0.1645,0.7886,5,Results\PromptDetect\BatchEvaluation\MDWD\20260709-234655,completed
class-agnostic-exploratory,MDWD,test,SAM 3,Garbage,0.7333,1.0,0.8462,0.9282,0.7515,0.9117,5,Results\PromptDetect\BatchEvaluation\MDWD\20260709-234655,completed
class-agnostic-exploratory,MDWD,test,SAM 3,<all prompts combined>,0.275,1.0,0.4314,0.7329,0.6493,0.9358,5,Results\PromptDetect\BatchEvaluation\MDWD\20260709-234655,completed
class-agnostic-exploratory,MDWD,test,Cosmos Reason2 2B,Black Garbage Bag,1.0,0.1818,0.3077,0.1818,0.0546,0.7125,5,Results\PromptDetect\BatchEvaluation\MDWD\20260709-234655,completed
class-agnostic-exploratory,MDWD,test,Cosmos Reason2 2B,Grey Garbage Bag,0.8,0.3636,0.5,0.3091,0.1182,0.7491,5,Results\PromptDetect\BatchEvaluation\MDWD\20260709-234655,completed
class-agnostic-exploratory,MDWD,test,Cosmos Reason2 2B,White Garbage Bag,1.0,0.3636,0.5333,0.3636,0.2,0.8244,5,Results\PromptDetect\BatchEvaluation\MDWD\20260709-234655,completed
class-agnostic-exploratory,MDWD,test,Cosmos Reason2 2B,Orange Garbage Bag,1.0,0.3636,0.5333,0.3636,0.1545,0.7637,5,Results\PromptDetect\BatchEvaluation\MDWD\20260709-234655,completed
class-agnostic-exploratory,MDWD,test,Cosmos Reason2 2B,Domestic Waste,0.8571,0.5455,0.6667,0.4935,0.2725,0.8158,5,Results\PromptDetect\BatchEvaluation\MDWD\20260709-234655,completed
class-agnostic-exploratory,MDWD,test,Cosmos Reason2 2B,Garbage,0.8333,0.4545,0.5882,0.4091,0.1758,0.7925,5,Results\PromptDetect\BatchEvaluation\MDWD\20260709-234655,completed
class-agnostic-exploratory,MDWD,test,Cosmos Reason2 2B,<all prompts combined>,0.25,0.6364,0.359,0.2508,0.1167,0.832,5,Results\PromptDetect\BatchEvaluation\MDWD\20260709-234655,completed
class-agnostic-exploratory,MDWD,test,SAM 3.1,garbage bag,0.9167,0.9565,0.9362,0.9565,0.8481,0.9308,10,Results\PromptDetect\BatchEvaluation\MDWD\20260710-011505,completed
class-agnostic-exploratory,MDWD,test,Cosmos Reason2 2B,garbage bag,1.0,0.3478,0.5161,0.3478,0.2632,0.8921,10,Results\PromptDetect\BatchEvaluation\MDWD\20260710-011505,completed
