model,prompt_id,prompt,image_id,n_gt,n_pred,tp,fp,fn,duplicates,precision,recall,f1,accuracy
Cosmos Reason2 2B,mtsd-p13,roadside traffic-control object,grp10_IMG_1495.jpg,4,1,1,0,3,0,1.0,0.25,0.4,0.25
Cosmos Reason2 2B,mtsd-p13,roadside traffic-control object,grp10_IMG_1510.jpg,1,1,1,0,0,0,1.0,1.0,1.0,1.0
Cosmos Reason2 2B,mtsd-p13,roadside traffic-control object,grp10_IMG_1527.jpg,4,1,0,1,4,0,0.0,0.0,0.0,0.0
Cosmos Reason2 2B,mtsd-p13,roadside traffic-control object,grp10_IMG_1557.jpg,1,1,1,0,0,0,1.0,1.0,1.0,1.0
Cosmos Reason2 2B,mtsd-p13,roadside traffic-control object,grp10_IMG_1564.jpg,2,2,2,0,0,0,1.0,1.0,1.0,1.0
Cosmos Reason2 2B,mtsd-p13,roadside traffic-control object,grp10_IMG_1575.jpg,3,1,0,1,3,0,0.0,0.0,0.0,0.0
Cosmos Reason2 2B,mtsd-p13,roadside traffic-control object,grp10_IMG_1593.jpg,2,1,1,0,1,0,1.0,0.5,0.6667,0.5
Cosmos Reason2 2B,mtsd-p13,roadside traffic-control object,grp10_IMG_1597.jpg,4,1,0,1,4,0,0.0,0.0,0.0,0.0
Cosmos Reason2 2B,mtsd-p13,roadside traffic-control object,grp10_IMG_1599.jpg,6,1,1,0,5,0,1.0,0.1667,0.2857,0.1667
Cosmos Reason2 2B,mtsd-p13,roadside traffic-control object,grp10_IMG_1606.jpg,1,1,1,0,0,0,1.0,1.0,1.0,1.0
Cosmos Reason2 2B,mtsd-p13,roadside traffic-control object,grp10_IMG_1612.jpg,2,1,0,1,2,0,0.0,0.0,0.0,0.0
Cosmos Reason2 2B,mtsd-p13,roadside traffic-control object,grp10_IMG_1645.jpg,3,1,1,0,2,0,1.0,0.3333,0.5,0.3333
Cosmos Reason2 2B,mtsd-p13,roadside traffic-control object,grp10_IMG_20251123_141219.jpg,2,1,1,0,1,0,1.0,0.5,0.6667,0.5
Cosmos Reason2 2B,mtsd-p13,roadside traffic-control object,grp10_IMG_20251123_141844.jpg,1,1,1,0,0,0,1.0,1.0,1.0,1.0
Cosmos Reason2 2B,mtsd-p13,roadside traffic-control object,grp10_IMG_20251123_143317.jpg,1,1,0,1,1,0,0.0,0.0,0.0,0.0
Cosmos Reason2 2B,mtsd-p13,roadside traffic-control object,grp10_IMG_20251123_150542.jpg,2,1,0,1,2,0,0.0,0.0,0.0,0.0
Cosmos Reason2 2B,mtsd-p13,roadside traffic-control object,grp10_IMG_20251123_164433.jpg,1,1,0,1,1,0,0.0,0.0,0.0,0.0
Cosmos Reason2 2B,mtsd-p13,roadside traffic-control object,grp10_IMG_20251123_164446.jpg,1,1,0,1,1,0,0.0,0.0,0.0,0.0
Cosmos Reason2 2B,mtsd-p13,roadside traffic-control object,grp10_IMG_20251123_165832.jpg,1,1,0,1,1,0,0.0,0.0,0.0,0.0
Cosmos Reason2 2B,mtsd-p13,roadside traffic-control object,grp10_IMG_20251125_112108.jpg,2,1,0,1,2,0,0.0,0.0,0.0,0.0
Cosmos Reason2 2B,mtsd-p13,roadside traffic-control object,grp10_IMG_20251125_113833.jpg,6,1,0,1,6,0,0.0,0.0,0.0,0.0
Cosmos Reason2 2B,mtsd-p13,roadside traffic-control object,grp10_IMG_20251125_113844.jpg,1,1,0,1,1,0,0.0,0.0,0.0,0.0
Cosmos Reason2 2B,mtsd-p13,roadside traffic-control object,grp10_IMG_20251125_114450.jpg,3,1,1,0,2,0,1.0,0.3333,0.5,0.3333
Cosmos Reason2 2B,mtsd-p13,roadside traffic-control object,grp10_IMG_20251125_120326.jpg,3,1,1,0,2,0,1.0,0.3333,0.5,0.3333
Cosmos Reason2 2B,mtsd-p13,roadside traffic-control object,grp10_IMG_20251125_121131.jpg,6,1,0,1,6,0,0.0,0.0,0.0,0.0
Cosmos Reason2 2B,mtsd-p13,roadside traffic-control object,grp10_IMG_20251125_121142.jpg,1,1,1,0,0,0,1.0,1.0,1.0,1.0
Cosmos Reason2 2B,mtsd-p13,roadside traffic-control object,grp10_IMG_20251125_121556.jpg,1,1,0,1,1,0,0.0,0.0,0.0,0.0
Cosmos Reason2 2B,mtsd-p13,roadside traffic-control object,grp10_IMG_20251125_121957.jpg,2,1,0,1,2,0,0.0,0.0,0.0,0.0
Cosmos Reason2 2B,mtsd-p13,roadside traffic-control object,grp10_IMG_20251125_122125.jpg,1,1,0,1,1,0,0.0,0.0,0.0,0.0
Cosmos Reason2 2B,mtsd-p13,roadside traffic-control object,grp10_IMG_20251125_122225.jpg,3,0,0,0,3,0,0.0,0.0,0.0,0.0
Cosmos Reason2 2B,mtsd-p13,roadside traffic-control object,grp10_IMG_20251125_122515.jpg,8,1,0,1,8,0,0.0,0.0,0.0,0.0
Cosmos Reason2 2B,mtsd-p13,roadside traffic-control object,grp10_IMG_20251125_122819+1.jpg,2,1,1,0,1,0,1.0,0.5,0.6667,0.5
Cosmos Reason2 2B,mtsd-p13,roadside traffic-control object,grp10_IMG_20251125_122826.jpg,3,1,1,0,2,0,1.0,0.3333,0.5,0.3333
Cosmos Reason2 2B,mtsd-p13,roadside traffic-control object,grp10_IMG_20251125_123112.jpg,1,1,0,1,1,0,0.0,0.0,0.0,0.0
Cosmos Reason2 2B,mtsd-p13,roadside traffic-control object,grp10_IMG_20251125_123425.jpg,1,1,1,0,0,0,1.0,1.0,1.0,1.0
Cosmos Reason2 2B,mtsd-p13,roadside traffic-control object,grp10_IMG_20251125_124400.jpg,1,1,1,0,0,0,1.0,1.0,1.0,1.0
Cosmos Reason2 2B,mtsd-p13,roadside traffic-control object,grp10_IMG_20251125_153252.jpg,5,1,1,0,4,0,1.0,0.2,0.3333,0.2
Cosmos Reason2 2B,mtsd-p13,roadside traffic-control object,grp10_IMG_20251125_153559.jpg,3,1,1,0,2,0,1.0,0.3333,0.5,0.3333
Cosmos Reason2 2B,mtsd-p13,roadside traffic-control object,grp10_IMG_20251126_123510.jpg,4,1,1,0,3,0,1.0,0.25,0.4,0.25
Cosmos Reason2 2B,mtsd-p13,roadside traffic-control object,grp10_IMG_20251126_123524.jpg,3,1,1,0,2,0,1.0,0.3333,0.5,0.3333
Cosmos Reason2 2B,mtsd-p13,roadside traffic-control object,grp10_IMG_20251126_123910.jpg,3,1,0,1,3,0,0.0,0.0,0.0,0.0
Cosmos Reason2 2B,mtsd-p13,roadside traffic-control object,grp10_IMG_20260106_160010_253.jpg,8,1,0,1,8,0,0.0,0.0,0.0,0.0
Cosmos Reason2 2B,mtsd-p13,roadside traffic-control object,grp10_IMG_20260106_160549_637.jpg,6,1,1,0,5,0,1.0,0.1667,0.2857,0.1667
Cosmos Reason2 2B,mtsd-p13,roadside traffic-control object,grp10_IMG_20260106_160608_331.jpg,3,1,0,1,3,0,0.0,0.0,0.0,0.0
Cosmos Reason2 2B,mtsd-p13,roadside traffic-control object,grp10_IMG_20260106_161746_914.jpg,1,1,1,0,0,0,1.0,1.0,1.0,1.0
Cosmos Reason2 2B,mtsd-p13,roadside traffic-control object,grp10_IMG_20260106_162304_258.jpg,1,0,0,0,1,0,0.0,0.0,0.0,0.0
Cosmos Reason2 2B,mtsd-p13,roadside traffic-control object,grp10_IMG_20260110_171243_436.jpg,1,1,0,1,1,0,0.0,0.0,0.0,0.0
Cosmos Reason2 2B,mtsd-p13,roadside traffic-control object,grp10_IMG_20260110_172451_501.jpg,2,0,0,0,2,0,0.0,0.0,0.0,0.0
Cosmos Reason2 2B,mtsd-p13,roadside traffic-control object,grp10_IMG_20260110_172745_673.jpg,1,1,1,0,0,0,1.0,1.0,1.0,1.0
Cosmos Reason2 2B,mtsd-p13,roadside traffic-control object,grp10_IMG_20260110_173056_747.jpg,2,0,0,0,2,0,0.0,0.0,0.0,0.0
Cosmos Reason2 2B,mtsd-p13,roadside traffic-control object,grp10_IMG_20260110_173308_202.jpg,2,0,0,0,2,0,0.0,0.0,0.0,0.0
Cosmos Reason2 2B,mtsd-p13,roadside traffic-control object,grp10_IMG_20260113_083600_409.jpg,8,0,0,0,8,0,0.0,0.0,0.0,0.0
Cosmos Reason2 2B,mtsd-p13,roadside traffic-control object,grp10_IMG_20260113_083728_516.jpg,6,0,0,0,6,0,0.0,0.0,0.0,0.0
Cosmos Reason2 2B,mtsd-p13,roadside traffic-control object,grp10_IMG_20260113_083759_046.jpg,5,0,0,0,5,0,0.0,0.0,0.0,0.0
Cosmos Reason2 2B,mtsd-p13,roadside traffic-control object,grp10_IMG_20260113_083821_567.jpg,5,0,0,0,5,0,0.0,0.0,0.0,0.0
Cosmos Reason2 2B,mtsd-p13,roadside traffic-control object,grp10_IMG_20260113_084856_622.jpg,1,0,0,0,1,0,0.0,0.0,0.0,0.0
Cosmos Reason2 2B,mtsd-p13,roadside traffic-control object,grp10_IMG_20260113_084947_261.jpg,2,0,0,0,2,0,0.0,0.0,0.0,0.0
Cosmos Reason2 2B,mtsd-p13,roadside traffic-control object,grp10_IMG_20260113_085011_841.jpg,3,0,0,0,3,0,0.0,0.0,0.0,0.0
Cosmos Reason2 2B,mtsd-p13,roadside traffic-control object,grp10_IMG_20260113_085024_440.jpg,8,0,0,0,8,0,0.0,0.0,0.0,0.0
Cosmos Reason2 2B,mtsd-p13,roadside traffic-control object,grp10_IMG_8791.jpeg,2,1,1,0,1,0,1.0,0.5,0.6667,0.5
Cosmos Reason2 2B,mtsd-p13,roadside traffic-control object,grp10_IMG_8810.jpeg,1,1,1,0,0,0,1.0,1.0,1.0,1.0
Cosmos Reason2 2B,mtsd-p13,roadside traffic-control object,grp10_wall_stop.jpeg,2,1,1,0,1,0,1.0,0.5,0.6667,0.5
Cosmos Reason2 2B,mtsd-p13,roadside traffic-control object,grp10_WhatsApp Image 2025-11-16 at 17.52.23 (3).jpeg,1,1,1,0,0,0,1.0,1.0,1.0,1.0
Cosmos Reason2 2B,mtsd-p13,roadside traffic-control object,grp10_WhatsApp Image 2025-11-16 at 17.52.25 (1).jpeg,2,0,0,0,2,0,0.0,0.0,0.0,0.0
Cosmos Reason2 2B,mtsd-p13,roadside traffic-control object,grp10_WhatsApp Image 2025-11-16 at 17.52.27.jpeg,2,1,1,0,1,0,1.0,0.5,0.6667,0.5
Cosmos Reason2 2B,mtsd-p13,roadside traffic-control object,grp10_WhatsApp Image 2025-11-16 at 17.52.28 (3).jpeg,2,1,0,1,2,0,0.0,0.0,0.0,0.0
Cosmos Reason2 2B,mtsd-p13,roadside traffic-control object,grp10_WhatsApp Image 2025-11-16 at 17.52.29.jpeg,1,1,0,1,1,0,0.0,0.0,0.0,0.0
Cosmos Reason2 2B,mtsd-p13,roadside traffic-control object,grp10_WhatsApp Image 2025-11-17 at 12.38.32 (2).jpeg,1,1,1,0,0,0,1.0,1.0,1.0,1.0
Cosmos Reason2 2B,mtsd-p13,roadside traffic-control object,grp10_WhatsApp Image 2025-11-17 at 12.38.34.jpeg,1,1,1,0,0,0,1.0,1.0,1.0,1.0
Cosmos Reason2 2B,mtsd-p13,roadside traffic-control object,grp10_WhatsApp Image 2025-11-17 at 12.38.37 (2).jpeg,3,1,0,1,3,0,0.0,0.0,0.0,0.0
Cosmos Reason2 2B,mtsd-p13,roadside traffic-control object,grp10_WhatsApp Image 2025-11-17 at 15.01.27 - Edited.jpg,5,1,0,1,5,0,0.0,0.0,0.0,0.0
Cosmos Reason2 2B,mtsd-p13,roadside traffic-control object,grp10_WhatsApp Image 2025-11-17 at 15.01.44.jpeg,2,0,0,0,2,0,0.0,0.0,0.0,0.0
Cosmos Reason2 2B,mtsd-p13,roadside traffic-control object,grp10_WhatsApp Image 2025-11-17 at 15.01.45 (3).jpeg,2,1,1,0,1,0,1.0,0.5,0.6667,0.5
Cosmos Reason2 2B,mtsd-p13,roadside traffic-control object,grp10_WhatsApp Image 2025-11-17 at 15.01.50 (1).jpeg,1,1,0,1,1,0,0.0,0.0,0.0,0.0
Cosmos Reason2 2B,mtsd-p13,roadside traffic-control object,grp10_WhatsApp Image 2025-11-17 at 15.01.54.jpeg,4,1,1,0,3,0,1.0,0.25,0.4,0.25
Cosmos Reason2 2B,mtsd-p13,roadside traffic-control object,grp10_WhatsApp Image 2025-11-17 at 15.01.56 (1).jpeg,2,1,1,0,1,0,1.0,0.5,0.6667,0.5
Cosmos Reason2 2B,mtsd-p13,roadside traffic-control object,grp10_WhatsApp Image 2025-11-17 at 15.02.00.jpeg,2,1,1,0,1,0,1.0,0.5,0.6667,0.5
Cosmos Reason2 2B,mtsd-p13,roadside traffic-control object,grp10_WhatsApp Image 2025-11-20 at 16.03.01 (1).jpeg,2,2,2,0,0,0,1.0,1.0,1.0,1.0
Cosmos Reason2 2B,mtsd-p13,roadside traffic-control object,grp11_00ffbbb0-IMG_20251125_195040.jpg,11,3,0,3,11,0,0.0,0.0,0.0,0.0
Cosmos Reason2 2B,mtsd-p13,roadside traffic-control object,grp11_089d4626-IMG_20251125_192354.jpg,1,1,0,1,1,0,0.0,0.0,0.0,0.0
Cosmos Reason2 2B,mtsd-p13,roadside traffic-control object,grp11_08da688f-IMG_6393.jpeg,1,0,0,0,1,0,0.0,0.0,0.0,0.0
Cosmos Reason2 2B,mtsd-p13,roadside traffic-control object,grp11_0ac2eda8-IMG_6412.jpeg,2,0,0,0,2,0,0.0,0.0,0.0,0.0
Cosmos Reason2 2B,mtsd-p13,roadside traffic-control object,grp11_12031735-Pre_2026_6669.jpg,3,1,1,0,2,0,1.0,0.3333,0.5,0.3333
Cosmos Reason2 2B,mtsd-p13,roadside traffic-control object,grp11_1346633a-IMG_20251125_195535.jpg,4,1,0,1,4,0,0.0,0.0,0.0,0.0
Cosmos Reason2 2B,mtsd-p13,roadside traffic-control object,grp11_1c6ec821-IMG_20251125_194942.jpg,6,1,0,1,6,0,0.0,0.0,0.0,0.0
Cosmos Reason2 2B,mtsd-p13,roadside traffic-control object,grp11_1ff1325d-IMG_1333.jpg,2,1,1,0,1,0,1.0,0.5,0.6667,0.5
Cosmos Reason2 2B,mtsd-p13,roadside traffic-control object,grp11_217d0bb2-IMG_1445.jpg,1,1,0,1,1,0,0.0,0.0,0.0,0.0
Cosmos Reason2 2B,mtsd-p13,roadside traffic-control object,grp11_243ba713-IMG_6313.jpg,9,1,0,1,9,0,0.0,0.0,0.0,0.0
Cosmos Reason2 2B,mtsd-p13,roadside traffic-control object,grp11_2960150f-Pre_2026_6705.jpg,1,1,1,0,0,0,1.0,1.0,1.0,1.0
Cosmos Reason2 2B,mtsd-p13,roadside traffic-control object,grp11_2a7d15c7-Pre_2026_6626.jpg,3,1,0,1,3,0,0.0,0.0,0.0,0.0
Cosmos Reason2 2B,mtsd-p13,roadside traffic-control object,grp11_2d64dcc1-IMG_20251125_194650.jpg,2,1,1,0,1,0,1.0,0.5,0.6667,0.5
Cosmos Reason2 2B,mtsd-p13,roadside traffic-control object,grp11_2dae9065-IMG_20251125_195604.jpg,2,2,2,0,0,0,1.0,1.0,1.0,1.0
Cosmos Reason2 2B,mtsd-p13,roadside traffic-control object,grp11_387a3e09-IMG_6403.jpeg,4,0,0,0,4,0,0.0,0.0,0.0,0.0
Cosmos Reason2 2B,mtsd-p13,roadside traffic-control object,grp11_3a5a4d41-Pre_2026_6633.jpg,1,1,1,0,0,0,1.0,1.0,1.0,1.0
Cosmos Reason2 2B,mtsd-p13,roadside traffic-control object,grp11_3f9be580-IMG_1323.jpg,3,1,0,1,3,0,0.0,0.0,0.0,0.0
Cosmos Reason2 2B,mtsd-p13,roadside traffic-control object,grp11_4029b5b7-Pre_2026_6760.jpg,1,1,0,1,1,0,0.0,0.0,0.0,0.0
Cosmos Reason2 2B,mtsd-p13,roadside traffic-control object,grp11_41188dd2-IMG_1440.jpg,2,1,0,1,2,0,0.0,0.0,0.0,0.0
Cosmos Reason2 2B,mtsd-p13,roadside traffic-control object,grp11_4a7fe027-Pre_2026_6682.jpg,1,1,0,1,1,0,0.0,0.0,0.0,0.0
Cosmos Reason2 2B,mtsd-p13,roadside traffic-control object,grp11_4a8ce21e-IMG_20251125_194252.jpg,3,0,0,0,3,0,0.0,0.0,0.0,0.0
Cosmos Reason2 2B,mtsd-p13,roadside traffic-control object,grp11_578f49cf-IMG_6367.jpeg,2,0,0,0,2,0,0.0,0.0,0.0,0.0
Cosmos Reason2 2B,mtsd-p13,roadside traffic-control object,grp11_59f96d19-IMG_6251.jpeg,1,1,1,0,0,0,1.0,1.0,1.0,1.0
Cosmos Reason2 2B,mtsd-p13,roadside traffic-control object,grp11_5c71ae7e-IMG_6256.jpeg,2,1,1,0,1,0,1.0,0.5,0.6667,0.5
Cosmos Reason2 2B,mtsd-p13,roadside traffic-control object,grp11_5cef4344-Pre_2026_6674.jpg,3,1,0,1,3,0,0.0,0.0,0.0,0.0
Cosmos Reason2 2B,mtsd-p13,roadside traffic-control object,grp11_6bd01c27-IMG_1442.jpg,1,1,1,0,0,0,1.0,1.0,1.0,1.0
Cosmos Reason2 2B,mtsd-p13,roadside traffic-control object,grp11_6d03b071-IMG_6395.jpeg,2,0,0,0,2,0,0.0,0.0,0.0,0.0
Cosmos Reason2 2B,mtsd-p13,roadside traffic-control object,grp11_6d1c0888-IMG_20251125_191657.jpg,2,1,0,1,2,0,0.0,0.0,0.0,0.0
Cosmos Reason2 2B,mtsd-p13,roadside traffic-control object,grp11_7041f709-IMG_1379.jpg,1,1,1,0,0,0,1.0,1.0,1.0,1.0
Cosmos Reason2 2B,mtsd-p13,roadside traffic-control object,grp11_80f216ed-Pre_2026_6647.jpg,3,1,0,1,3,0,0.0,0.0,0.0,0.0
Cosmos Reason2 2B,mtsd-p13,roadside traffic-control object,grp11_8297098a-IMG_6326.jpeg,1,0,0,0,1,0,0.0,0.0,0.0,0.0
Cosmos Reason2 2B,mtsd-p13,roadside traffic-control object,grp11_87a2a97d-IMG_6417.jpeg,1,1,1,0,0,0,1.0,1.0,1.0,1.0
Cosmos Reason2 2B,mtsd-p13,roadside traffic-control object,grp11_8d5205a5-IMG_6322.jpeg,2,1,0,1,2,0,0.0,0.0,0.0,0.0
Cosmos Reason2 2B,mtsd-p13,roadside traffic-control object,grp11_8da30211-IMG_1389.jpg,3,1,0,1,3,0,0.0,0.0,0.0,0.0
Cosmos Reason2 2B,mtsd-p13,roadside traffic-control object,grp11_92113811-IMG_1371.jpg,3,1,0,1,3,0,0.0,0.0,0.0,0.0
Cosmos Reason2 2B,mtsd-p13,roadside traffic-control object,grp11_93c9acc6-Pre_2026_6752.jpg,1,1,0,1,1,0,0.0,0.0,0.0,0.0
Cosmos Reason2 2B,mtsd-p13,roadside traffic-control object,grp11_94c2771c-IMG_1367.jpg,2,1,1,0,1,0,1.0,0.5,0.6667,0.5
Cosmos Reason2 2B,mtsd-p13,roadside traffic-control object,grp11_9adb1ffc-IMG_1447.jpg,1,1,1,0,0,0,1.0,1.0,1.0,1.0
Cosmos Reason2 2B,mtsd-p13,roadside traffic-control object,grp11_9aea0791-Pre_2026_6686.jpg,4,1,0,1,4,0,0.0,0.0,0.0,0.0
Cosmos Reason2 2B,mtsd-p13,roadside traffic-control object,grp11_9e3f1527-IMG_6303.jpeg,2,1,0,1,2,0,0.0,0.0,0.0,0.0
Cosmos Reason2 2B,mtsd-p13,roadside traffic-control object,grp11_a9ff1854-IMG_6408.jpeg,2,2,0,2,2,0,0.0,0.0,0.0,0.0
Cosmos Reason2 2B,mtsd-p13,roadside traffic-control object,grp11_aff5c880-IMG_6324.jpeg,2,1,1,0,1,0,1.0,0.5,0.6667,0.5
Cosmos Reason2 2B,mtsd-p13,roadside traffic-control object,grp11_b25d900c-Pre_2026_6648.jpg,1,1,0,1,1,0,0.0,0.0,0.0,0.0
Cosmos Reason2 2B,mtsd-p13,roadside traffic-control object,grp11_b40e574e-IMG_1307.jpg,7,1,0,1,7,0,0.0,0.0,0.0,0.0
Cosmos Reason2 2B,mtsd-p13,roadside traffic-control object,grp11_b4a34518-Pre_2026_6659.jpg,3,1,0,1,3,0,0.0,0.0,0.0,0.0
Cosmos Reason2 2B,mtsd-p13,roadside traffic-control object,grp11_bab711b8-IMG_20251125_192613.jpg,1,1,0,1,1,0,0.0,0.0,0.0,0.0
Cosmos Reason2 2B,mtsd-p13,roadside traffic-control object,grp11_badbe466-IMG_20251125_194752.jpg,6,1,0,1,6,0,0.0,0.0,0.0,0.0
Cosmos Reason2 2B,mtsd-p13,roadside traffic-control object,grp11_bdad925f-IMG_20251125_194953.jpg,3,1,0,1,3,0,0.0,0.0,0.0,0.0
Cosmos Reason2 2B,mtsd-p13,roadside traffic-control object,grp11_cb23d6ca-IMG_20251125_190938.jpg,9,1,0,1,9,0,0.0,0.0,0.0,0.0
Cosmos Reason2 2B,mtsd-p13,roadside traffic-control object,grp11_cf483702-IMG_20251125_195623.jpg,3,1,0,1,3,0,0.0,0.0,0.0,0.0
Cosmos Reason2 2B,mtsd-p13,roadside traffic-control object,grp11_d9b50eb1-Pre_2026_6691.jpg,3,1,1,0,2,0,1.0,0.3333,0.5,0.3333
Cosmos Reason2 2B,mtsd-p13,roadside traffic-control object,grp11_daaadabb-IMG_1451.jpg,1,1,1,0,0,0,1.0,1.0,1.0,1.0
Cosmos Reason2 2B,mtsd-p13,roadside traffic-control object,grp11_e27435a0-IMG_20251125_194217.jpg,1,1,0,1,1,0,0.0,0.0,0.0,0.0
Cosmos Reason2 2B,mtsd-p13,roadside traffic-control object,grp11_ebb70ae4-Pre_2026_6672.jpg,4,1,1,0,3,0,1.0,0.25,0.4,0.25
Cosmos Reason2 2B,mtsd-p13,roadside traffic-control object,grp11_ee2f066e-IMG_20251125_194701.jpg,5,1,0,1,5,0,0.0,0.0,0.0,0.0
Cosmos Reason2 2B,mtsd-p13,roadside traffic-control object,grp11_f09e9bf4-Pre_2026_6657.jpg,1,1,0,1,1,0,0.0,0.0,0.0,0.0
Cosmos Reason2 2B,mtsd-p13,roadside traffic-control object,grp11_f0c7f95a-IMG_6420.jpeg,1,0,0,0,1,0,0.0,0.0,0.0,0.0
Cosmos Reason2 2B,mtsd-p13,roadside traffic-control object,grp11_f3e6cd7a-IMG_6398.jpeg,3,1,0,1,3,0,0.0,0.0,0.0,0.0
Cosmos Reason2 2B,mtsd-p13,roadside traffic-control object,grp11_f71868de-IMG_20251125_191832.jpg,1,0,0,0,1,0,0.0,0.0,0.0,0.0
Cosmos Reason2 2B,mtsd-p13,roadside traffic-control object,grp11_fbaad6ff-IMG_1423.jpg,1,1,0,1,1,0,0.0,0.0,0.0,0.0
Cosmos Reason2 2B,mtsd-p13,roadside traffic-control object,grp1_02ac92f5-IMG20251123165127.jpg,2,1,1,0,1,0,1.0,0.5,0.6667,0.5
Cosmos Reason2 2B,mtsd-p13,roadside traffic-control object,grp1_0608acbd-IMG_4633.jpeg,1,1,1,0,0,0,1.0,1.0,1.0,1.0
Cosmos Reason2 2B,mtsd-p13,roadside traffic-control object,grp1_072bd818-IMG_4648.jpeg,1,1,1,0,0,0,1.0,1.0,1.0,1.0
Cosmos Reason2 2B,mtsd-p13,roadside traffic-control object,grp1_091652b2-IMG20260105120954.jpg,2,1,1,0,1,0,1.0,0.5,0.6667,0.5
Cosmos Reason2 2B,mtsd-p13,roadside traffic-control object,grp1_094f8a9f-RV__2.jpeg,5,1,0,1,5,0,0.0,0.0,0.0,0.0
Cosmos Reason2 2B,mtsd-p13,roadside traffic-control object,grp1_0dd8c85f-RV_001_114.jpeg,4,0,0,0,4,0,0.0,0.0,0.0,0.0
Cosmos Reason2 2B,mtsd-p13,roadside traffic-control object,grp1_0ea4c27e-RV_001_43.jpeg,1,1,1,0,0,0,1.0,1.0,1.0,1.0
Cosmos Reason2 2B,mtsd-p13,roadside traffic-control object,grp1_1bc3cf13-IMG_5516.jpeg,4,1,0,1,4,0,0.0,0.0,0.0,0.0
Cosmos Reason2 2B,mtsd-p13,roadside traffic-control object,grp1_1e8d03ef-IMG_4745.jpeg,2,1,1,0,1,0,1.0,0.5,0.6667,0.5
Cosmos Reason2 2B,mtsd-p13,roadside traffic-control object,grp1_1ea7fc82-IMG_4719.jpeg,1,1,1,0,0,0,1.0,1.0,1.0,1.0
Cosmos Reason2 2B,mtsd-p13,roadside traffic-control object,grp1_213f8e9b-IMG20260105131202.jpg,1,1,1,0,0,0,1.0,1.0,1.0,1.0
Cosmos Reason2 2B,mtsd-p13,roadside traffic-control object,grp1_22a1d833-RV_001_174.jpeg,3,1,0,1,3,0,0.0,0.0,0.0,0.0
Cosmos Reason2 2B,mtsd-p13,roadside traffic-control object,grp1_22c68da3-IMG_4717.jpeg,1,1,0,1,1,0,0.0,0.0,0.0,0.0
Cosmos Reason2 2B,mtsd-p13,roadside traffic-control object,grp1_2493a507-RV_001_172.jpeg,2,1,0,1,2,0,0.0,0.0,0.0,0.0
Cosmos Reason2 2B,mtsd-p13,roadside traffic-control object,grp1_25ff97a8-IMG20260105132835.jpg,2,1,0,1,2,0,0.0,0.0,0.0,0.0
Cosmos Reason2 2B,mtsd-p13,roadside traffic-control object,grp1_265aa6a6-IMG_5573.jpeg,1,1,0,1,1,0,0.0,0.0,0.0,0.0
Cosmos Reason2 2B,mtsd-p13,roadside traffic-control object,grp1_2a767150-RV_001_64.jpeg,2,1,1,0,1,0,1.0,0.5,0.6667,0.5
Cosmos Reason2 2B,mtsd-p13,roadside traffic-control object,grp1_2f062204-IMG_5549.jpeg,8,1,1,0,7,0,1.0,0.125,0.2222,0.125
Cosmos Reason2 2B,mtsd-p13,roadside traffic-control object,grp1_335c2601-IMG_4793.jpeg,2,1,0,1,2,0,0.0,0.0,0.0,0.0
Cosmos Reason2 2B,mtsd-p13,roadside traffic-control object,grp1_37e4fc9d-RV_001_33.jpeg,7,1,1,0,6,0,1.0,0.1429,0.25,0.1429
Cosmos Reason2 2B,mtsd-p13,roadside traffic-control object,grp1_39fe0c0b-IMG_4673.jpeg,2,1,0,1,2,0,0.0,0.0,0.0,0.0
Cosmos Reason2 2B,mtsd-p13,roadside traffic-control object,grp1_3b1bbe25-IMG_4677.jpeg,1,1,1,0,0,0,1.0,1.0,1.0,1.0
Cosmos Reason2 2B,mtsd-p13,roadside traffic-control object,grp1_46552970-IMG_5766.jpeg,2,1,1,0,1,0,1.0,0.5,0.6667,0.5
Cosmos Reason2 2B,mtsd-p13,roadside traffic-control object,grp1_4b0be6d1-IMG20260105131256.jpg,1,1,1,0,0,0,1.0,1.0,1.0,1.0
Cosmos Reason2 2B,mtsd-p13,roadside traffic-control object,grp1_5068c583-IMG_4683.jpeg,1,1,1,0,0,0,1.0,1.0,1.0,1.0
Cosmos Reason2 2B,mtsd-p13,roadside traffic-control object,grp1_52634fe4-IMG_20260108_180144.jpg,7,1,1,0,6,0,1.0,0.1429,0.25,0.1429
Cosmos Reason2 2B,mtsd-p13,roadside traffic-control object,grp1_531e767b-IMG_4685.jpeg,2,1,1,0,1,0,1.0,0.5,0.6667,0.5
Cosmos Reason2 2B,mtsd-p13,roadside traffic-control object,grp1_53e7c3c2-IMG_5568.jpeg,1,1,0,1,1,0,0.0,0.0,0.0,0.0
Cosmos Reason2 2B,mtsd-p13,roadside traffic-control object,grp1_578dabe6-IMG_4802.jpeg,1,1,0,1,1,0,0.0,0.0,0.0,0.0
Cosmos Reason2 2B,mtsd-p13,roadside traffic-control object,grp1_598f8dcc-IMG_5777.jpeg,3,1,0,1,3,0,0.0,0.0,0.0,0.0
Cosmos Reason2 2B,mtsd-p13,roadside traffic-control object,grp1_5eb024cb-IMG_20260108_180228.jpg,2,1,1,0,1,0,1.0,0.5,0.6667,0.5
Cosmos Reason2 2B,mtsd-p13,roadside traffic-control object,grp1_64a36757-IMG20251230164429.jpg,5,1,0,1,5,0,0.0,0.0,0.0,0.0
Cosmos Reason2 2B,mtsd-p13,roadside traffic-control object,grp1_69e094db-IMG20260103164903.jpg,1,1,1,0,0,0,1.0,1.0,1.0,1.0
Cosmos Reason2 2B,mtsd-p13,roadside traffic-control object,grp1_6ad1ae03-IMG_4778.jpeg,2,1,0,1,2,0,0.0,0.0,0.0,0.0
Cosmos Reason2 2B,mtsd-p13,roadside traffic-control object,grp1_7052b6a6-IMG_5704.jpeg,2,1,0,1,2,0,0.0,0.0,0.0,0.0
Cosmos Reason2 2B,mtsd-p13,roadside traffic-control object,grp1_71268279-IMG_4702.jpeg,1,1,1,0,0,0,1.0,1.0,1.0,1.0
Cosmos Reason2 2B,mtsd-p13,roadside traffic-control object,grp1_7fcdb608-IMG_5767.jpeg,3,1,0,1,3,0,0.0,0.0,0.0,0.0
Cosmos Reason2 2B,mtsd-p13,roadside traffic-control object,grp1_8135c353-IMG_4634.jpeg,2,1,1,0,1,0,1.0,0.5,0.6667,0.5
Cosmos Reason2 2B,mtsd-p13,roadside traffic-control object,grp1_831c366a-IMG_5656.jpeg,2,0,0,0,2,0,0.0,0.0,0.0,0.0
Cosmos Reason2 2B,mtsd-p13,roadside traffic-control object,grp1_87d2eeb0-IMG20251124134318.jpg,1,1,1,0,0,0,1.0,1.0,1.0,1.0
Cosmos Reason2 2B,mtsd-p13,roadside traffic-control object,grp1_8941e841-RV_001_100.jpeg,3,1,1,0,2,0,1.0,0.3333,0.5,0.3333
Cosmos Reason2 2B,mtsd-p13,roadside traffic-control object,grp1_8b994555-IMG_5798.jpeg,8,1,0,1,8,0,0.0,0.0,0.0,0.0
Cosmos Reason2 2B,mtsd-p13,roadside traffic-control object,grp1_8d820602-IMG_4687.jpeg,1,1,1,0,0,0,1.0,1.0,1.0,1.0
Cosmos Reason2 2B,mtsd-p13,roadside traffic-control object,grp1_8fe876b9-IMG_4754.jpeg,1,1,1,0,0,0,1.0,1.0,1.0,1.0
Cosmos Reason2 2B,mtsd-p13,roadside traffic-control object,grp1_9082eb51-IMG20251230170110.jpg,2,1,1,0,1,0,1.0,0.5,0.6667,0.5
Cosmos Reason2 2B,mtsd-p13,roadside traffic-control object,grp1_9dfbd54a-IMG_5537.jpeg,1,1,1,0,0,0,1.0,1.0,1.0,1.0
Cosmos Reason2 2B,mtsd-p13,roadside traffic-control object,grp1_9f52d58a-IMG_5554.jpeg,3,1,1,0,2,0,1.0,0.3333,0.5,0.3333
Cosmos Reason2 2B,mtsd-p13,roadside traffic-control object,grp1_a7df285e-RV_001_147.jpeg,3,1,1,0,2,0,1.0,0.3333,0.5,0.3333
Cosmos Reason2 2B,mtsd-p13,roadside traffic-control object,grp1_a9638634-IMG20260105131308.jpg,2,1,1,0,1,0,1.0,0.5,0.6667,0.5
Cosmos Reason2 2B,mtsd-p13,roadside traffic-control object,grp1_aa406f9d-IMG_4615.jpeg,1,1,1,0,0,0,1.0,1.0,1.0,1.0
Cosmos Reason2 2B,mtsd-p13,roadside traffic-control object,grp1_b82e20fa-IMG_4708.jpeg,1,1,1,0,0,0,1.0,1.0,1.0,1.0
Cosmos Reason2 2B,mtsd-p13,roadside traffic-control object,grp1_c74547eb-RV_001_38.jpeg,3,1,0,1,3,0,0.0,0.0,0.0,0.0
Cosmos Reason2 2B,mtsd-p13,roadside traffic-control object,grp1_ca48394e-RV_001_125.jpeg,2,1,0,1,2,0,0.0,0.0,0.0,0.0
Cosmos Reason2 2B,mtsd-p13,roadside traffic-control object,grp1_cb282f25-RV_001_112.jpeg,2,1,0,1,2,0,0.0,0.0,0.0,0.0
Cosmos Reason2 2B,mtsd-p13,roadside traffic-control object,grp1_ce09cd20-IMG_4692.jpeg,1,1,1,0,0,0,1.0,1.0,1.0,1.0
Cosmos Reason2 2B,mtsd-p13,roadside traffic-control object,grp1_d341fc22-IMG20260105131647.jpg,2,1,1,0,1,0,1.0,0.5,0.6667,0.5
Cosmos Reason2 2B,mtsd-p13,roadside traffic-control object,grp1_d64c06cd-IMG20260103165218.jpg,2,1,1,0,1,0,1.0,0.5,0.6667,0.5
Cosmos Reason2 2B,mtsd-p13,roadside traffic-control object,grp1_d681b797-IMG20260105132903.jpg,2,1,1,0,1,0,1.0,0.5,0.6667,0.5
Cosmos Reason2 2B,mtsd-p13,roadside traffic-control object,grp1_db486299-IMG_5815.jpeg,1,1,1,0,0,0,1.0,1.0,1.0,1.0
Cosmos Reason2 2B,mtsd-p13,roadside traffic-control object,grp1_dbac3098-IMG_4803.jpeg,1,1,1,0,0,0,1.0,1.0,1.0,1.0
Cosmos Reason2 2B,mtsd-p13,roadside traffic-control object,grp1_e1306f94-IMG20251230164545.jpg,2,1,1,0,1,0,1.0,0.5,0.6667,0.5
Cosmos Reason2 2B,mtsd-p13,roadside traffic-control object,grp1_e3c71733-IMG_5538.jpeg,1,1,0,1,1,0,0.0,0.0,0.0,0.0
Cosmos Reason2 2B,mtsd-p13,roadside traffic-control object,grp1_e7b1a54d-IMG_5669.jpeg,2,1,1,0,1,0,1.0,0.5,0.6667,0.5
Cosmos Reason2 2B,mtsd-p13,roadside traffic-control object,grp1_e9043741-IMG_4709.jpeg,1,1,1,0,0,0,1.0,1.0,1.0,1.0
Cosmos Reason2 2B,mtsd-p13,roadside traffic-control object,grp1_ec712362-IMG_5803.jpeg,12,1,0,1,12,0,0.0,0.0,0.0,0.0
Cosmos Reason2 2B,mtsd-p13,roadside traffic-control object,grp1_f28bdb6c-RV_001_29.jpeg,1,1,0,1,1,0,0.0,0.0,0.0,0.0
Cosmos Reason2 2B,mtsd-p13,roadside traffic-control object,grp1_f3f0450d-IMG20260105132606.jpg,1,1,0,1,1,0,0.0,0.0,0.0,0.0
Cosmos Reason2 2B,mtsd-p13,roadside traffic-control object,grp1_f4371c23-IMG_5562.jpeg,1,1,1,0,0,0,1.0,1.0,1.0,1.0
Cosmos Reason2 2B,mtsd-p13,roadside traffic-control object,grp1_f468f4a5-IMG_5772.jpeg,1,1,1,0,0,0,1.0,1.0,1.0,1.0
Cosmos Reason2 2B,mtsd-p13,roadside traffic-control object,grp1_fa18c1a9-IMG_5810.jpeg,5,1,1,0,4,0,1.0,0.2,0.3333,0.2
Cosmos Reason2 2B,mtsd-p13,roadside traffic-control object,grp1_fb9922e7-IMG_4700.jpeg,1,1,1,0,0,0,1.0,1.0,1.0,1.0
Cosmos Reason2 2B,mtsd-p13,roadside traffic-control object,grp1_fd97d901-IMG20260105125535.jpg,1,1,1,0,0,0,1.0,1.0,1.0,1.0
Cosmos Reason2 2B,mtsd-p13,roadside traffic-control object,grp1_fdedfd29-IMG_4737.jpeg,1,1,1,0,0,0,1.0,1.0,1.0,1.0
Cosmos Reason2 2B,mtsd-p13,roadside traffic-control object,grp2_0cd46f17-MP_0097.jpg,3,1,1,0,2,0,1.0,0.3333,0.5,0.3333
Cosmos Reason2 2B,mtsd-p13,roadside traffic-control object,grp2_1a942391-IMG_20251224_114123.jpg,2,1,0,1,2,0,0.0,0.0,0.0,0.0
Cosmos Reason2 2B,mtsd-p13,roadside traffic-control object,grp2_1cd6f44d-20251223_152650.jpg,1,1,0,1,1,0,0.0,0.0,0.0,0.0
Cosmos Reason2 2B,mtsd-p13,roadside traffic-control object,grp2_1d09be1b-MP_0034.jpg,8,1,0,1,8,0,0.0,0.0,0.0,0.0
Cosmos Reason2 2B,mtsd-p13,roadside traffic-control object,grp2_1f7e1b10-20251224_132557.jpg,4,1,1,0,3,0,1.0,0.25,0.4,0.25
Cosmos Reason2 2B,mtsd-p13,roadside traffic-control object,grp2_21220c6f-IMG_20251223_114958.jpg,7,1,0,1,7,0,0.0,0.0,0.0,0.0
Cosmos Reason2 2B,mtsd-p13,roadside traffic-control object,grp2_24c5c7cd-20251223_155820.jpg,3,2,2,0,1,0,1.0,0.6667,0.8,0.6667
Cosmos Reason2 2B,mtsd-p13,roadside traffic-control object,grp2_24fcf1af-MP_0080.jpg,7,1,0,1,7,0,0.0,0.0,0.0,0.0
Cosmos Reason2 2B,mtsd-p13,roadside traffic-control object,grp2_31ecc6f6-20251230_124942.jpg,1,1,0,1,1,0,0.0,0.0,0.0,0.0
Cosmos Reason2 2B,mtsd-p13,roadside traffic-control object,grp2_32305793-MP_0024.jpg,6,2,2,0,4,0,1.0,0.3333,0.5,0.3333
Cosmos Reason2 2B,mtsd-p13,roadside traffic-control object,grp2_331688ad-20251223_152821.jpg,1,1,0,1,1,0,0.0,0.0,0.0,0.0
Cosmos Reason2 2B,mtsd-p13,roadside traffic-control object,grp2_339c8d04-26.side.jpg,4,1,0,1,4,0,0.0,0.0,0.0,0.0
Cosmos Reason2 2B,mtsd-p13,roadside traffic-control object,grp2_33c8250b-MP_0150.jpeg,3,0,0,0,3,0,0.0,0.0,0.0,0.0
Cosmos Reason2 2B,mtsd-p13,roadside traffic-control object,grp2_3855fec5-20251223_150427.jpg,1,1,0,1,1,0,0.0,0.0,0.0,0.0
Cosmos Reason2 2B,mtsd-p13,roadside traffic-control object,grp2_3d2ae4e7-IMG_20251223_114602.jpg,1,1,0,1,1,0,0.0,0.0,0.0,0.0
Cosmos Reason2 2B,mtsd-p13,roadside traffic-control object,grp2_3e9d99d7-IMG_20251223_122636.jpg,4,1,0,1,4,0,0.0,0.0,0.0,0.0
Cosmos Reason2 2B,mtsd-p13,roadside traffic-control object,grp2_4155f545-MP_0066.jpg,1,1,1,0,0,0,1.0,1.0,1.0,1.0
Cosmos Reason2 2B,mtsd-p13,roadside traffic-control object,grp2_421f593e-20251224_132616.jpg,3,1,0,1,3,0,0.0,0.0,0.0,0.0
Cosmos Reason2 2B,mtsd-p13,roadside traffic-control object,grp2_477681c7-21.front.jpg,1,1,0,1,1,0,0.0,0.0,0.0,0.0
Cosmos Reason2 2B,mtsd-p13,roadside traffic-control object,grp2_4acb7340-20251223_155105.jpg,2,0,0,0,2,0,0.0,0.0,0.0,0.0
Cosmos Reason2 2B,mtsd-p13,roadside traffic-control object,grp2_5061299f-MP_0130.jpg,2,1,0,1,2,0,0.0,0.0,0.0,0.0
Cosmos Reason2 2B,mtsd-p13,roadside traffic-control object,grp2_5dd50184-MP_0013.jpg,1,1,0,1,1,0,0.0,0.0,0.0,0.0
Cosmos Reason2 2B,mtsd-p13,roadside traffic-control object,grp2_5e8f002c-IMG_20251223_132013.jpg,4,1,0,1,4,0,0.0,0.0,0.0,0.0
Cosmos Reason2 2B,mtsd-p13,roadside traffic-control object,grp2_62c50d8e-20251230_121740.jpg,1,1,1,0,0,0,1.0,1.0,1.0,1.0
Cosmos Reason2 2B,mtsd-p13,roadside traffic-control object,grp2_76c73962-MP_0139.jpg,1,0,0,0,1,0,0.0,0.0,0.0,0.0
Cosmos Reason2 2B,mtsd-p13,roadside traffic-control object,grp2_797d9987-MP_0038.jpg,2,1,0,1,2,0,0.0,0.0,0.0,0.0
Cosmos Reason2 2B,mtsd-p13,roadside traffic-control object,grp2_7ad50d73-MP_0075.jpg,2,1,0,1,2,0,0.0,0.0,0.0,0.0
Cosmos Reason2 2B,mtsd-p13,roadside traffic-control object,grp2_7bccf907-IMG_20251223_114643.jpg,4,1,0,1,4,0,0.0,0.0,0.0,0.0
Cosmos Reason2 2B,mtsd-p13,roadside traffic-control object,grp2_8042282f-20251223_150231.jpg,1,0,0,0,1,0,0.0,0.0,0.0,0.0
Cosmos Reason2 2B,mtsd-p13,roadside traffic-control object,grp2_85bab424-IMG_20251223_120632.jpg,1,1,0,1,1,0,0.0,0.0,0.0,0.0
Cosmos Reason2 2B,mtsd-p13,roadside traffic-control object,grp2_86560763-IMG_20251223_113000.jpg,6,1,1,0,5,0,1.0,0.1667,0.2857,0.1667
Cosmos Reason2 2B,mtsd-p13,roadside traffic-control object,grp2_888b1f4f-MP_0074.jpg,2,0,0,0,2,0,0.0,0.0,0.0,0.0
Cosmos Reason2 2B,mtsd-p13,roadside traffic-control object,grp2_920c4f4e-20251223_152507.jpg,1,1,1,0,0,0,1.0,1.0,1.0,1.0
Cosmos Reason2 2B,mtsd-p13,roadside traffic-control object,grp2_9272e80b-20251230_124926.jpg,1,1,0,1,1,0,0.0,0.0,0.0,0.0
Cosmos Reason2 2B,mtsd-p13,roadside traffic-control object,grp2_9288cb02-IMG_20251223_114539.jpg,3,1,0,1,3,0,0.0,0.0,0.0,0.0
Cosmos Reason2 2B,mtsd-p13,roadside traffic-control object,grp2_983dc626-30.side.jpg,1,1,1,0,0,0,1.0,1.0,1.0,1.0
Cosmos Reason2 2B,mtsd-p13,roadside traffic-control object,grp2_98bbb72b-IMG_20251224_113143.jpg,1,1,1,0,0,0,1.0,1.0,1.0,1.0
Cosmos Reason2 2B,mtsd-p13,roadside traffic-control object,grp2_9c71fd6a-20251223_153024.jpg,1,1,0,1,1,0,0.0,0.0,0.0,0.0
Cosmos Reason2 2B,mtsd-p13,roadside traffic-control object,grp2_a8531ee5-IMG_20251223_131712.jpg,1,1,1,0,0,0,1.0,1.0,1.0,1.0
Cosmos Reason2 2B,mtsd-p13,roadside traffic-control object,grp2_ab84ff33-MP_0056.jpg,1,1,0,1,1,0,0.0,0.0,0.0,0.0
Cosmos Reason2 2B,mtsd-p13,roadside traffic-control object,grp2_ab9b17dd-34.back.jpg,6,1,0,1,6,0,0.0,0.0,0.0,0.0
Cosmos Reason2 2B,mtsd-p13,roadside traffic-control object,grp2_b430b918-IMG_20251223_132103.jpg,1,1,0,1,1,0,0.0,0.0,0.0,0.0
Cosmos Reason2 2B,mtsd-p13,roadside traffic-control object,grp2_b7da3d82-20251230_123417.jpg,2,1,1,0,1,0,1.0,0.5,0.6667,0.5
Cosmos Reason2 2B,mtsd-p13,roadside traffic-control object,grp2_b9e760b0-IMG_20251223_125447.jpg,6,1,0,1,6,0,0.0,0.0,0.0,0.0
Cosmos Reason2 2B,mtsd-p13,roadside traffic-control object,grp2_bf4582b0-IMG_20251223_113056.jpg,1,1,1,0,0,0,1.0,1.0,1.0,1.0
Cosmos Reason2 2B,mtsd-p13,roadside traffic-control object,grp2_bf551d52-MP_0136.jpg,2,0,0,0,2,0,0.0,0.0,0.0,0.0
Cosmos Reason2 2B,mtsd-p13,roadside traffic-control object,grp2_c39d026a-IMG_20251223_125605.jpg,2,1,0,1,2,0,0.0,0.0,0.0,0.0
Cosmos Reason2 2B,mtsd-p13,roadside traffic-control object,grp2_c96ca64e-MP_0098.jpg,1,0,0,0,1,0,0.0,0.0,0.0,0.0
Cosmos Reason2 2B,mtsd-p13,roadside traffic-control object,grp2_ccff3003-MP_0047.jpg,4,1,0,1,4,0,0.0,0.0,0.0,0.0
Cosmos Reason2 2B,mtsd-p13,roadside traffic-control object,grp2_ced8bffa-14.front.jpg,2,1,1,0,1,0,1.0,0.5,0.6667,0.5
Cosmos Reason2 2B,mtsd-p13,roadside traffic-control object,grp2_d1fa2493-20251230_123128.jpg,1,1,0,1,1,0,0.0,0.0,0.0,0.0
Cosmos Reason2 2B,mtsd-p13,roadside traffic-control object,grp2_d201b393-MP_0004.jpg,4,1,1,0,3,0,1.0,0.25,0.4,0.25
Cosmos Reason2 2B,mtsd-p13,roadside traffic-control object,grp2_d3fe8c38-MP_0046.jpg,1,1,0,1,1,0,0.0,0.0,0.0,0.0
Cosmos Reason2 2B,mtsd-p13,roadside traffic-control object,grp2_d71e8065-MP_0021.jpg,15,1,0,1,15,0,0.0,0.0,0.0,0.0
Cosmos Reason2 2B,mtsd-p13,roadside traffic-control object,grp2_e074406f-IMG_20251223_115520.jpg,6,0,0,0,6,0,0.0,0.0,0.0,0.0
Cosmos Reason2 2B,mtsd-p13,roadside traffic-control object,grp2_e44be02a-MP_0116.jpg,1,0,0,0,1,0,0.0,0.0,0.0,0.0
Cosmos Reason2 2B,mtsd-p13,roadside traffic-control object,grp2_e46067a0-MP_0166.jpg,2,1,1,0,1,0,1.0,0.5,0.6667,0.5
Cosmos Reason2 2B,mtsd-p13,roadside traffic-control object,grp2_e55dea8e-MP_0157.jpg,2,1,1,0,1,0,1.0,0.5,0.6667,0.5
Cosmos Reason2 2B,mtsd-p13,roadside traffic-control object,grp2_ed201818-17.back.jpg,3,1,0,1,3,0,0.0,0.0,0.0,0.0
Cosmos Reason2 2B,mtsd-p13,roadside traffic-control object,grp2_ee20554d-MP_0115.jpg,1,1,0,1,1,0,0.0,0.0,0.0,0.0
Cosmos Reason2 2B,mtsd-p13,roadside traffic-control object,grp2_f082e9d0-02.side.jpg,2,1,0,1,2,0,0.0,0.0,0.0,0.0
Cosmos Reason2 2B,mtsd-p13,roadside traffic-control object,grp2_f69ebb76-IMG_20251227_110428.jpg,6,1,1,0,5,0,1.0,0.1667,0.2857,0.1667
Cosmos Reason2 2B,mtsd-p13,roadside traffic-control object,grp2_f6e60d8b-33.front.back.jpg,3,1,1,0,2,0,1.0,0.3333,0.5,0.3333
Cosmos Reason2 2B,mtsd-p13,roadside traffic-control object,grp3_09e3faa9-IMG_20251203_121602.jpg,3,1,1,0,2,0,1.0,0.3333,0.5,0.3333
Cosmos Reason2 2B,mtsd-p13,roadside traffic-control object,grp3_13fcb840-IMG_20251203_093318.jpg,4,1,0,1,4,0,0.0,0.0,0.0,0.0
Cosmos Reason2 2B,mtsd-p13,roadside traffic-control object,grp3_16b18930-IMG_4415.jpeg,1,1,1,0,0,0,1.0,1.0,1.0,1.0
Cosmos Reason2 2B,mtsd-p13,roadside traffic-control object,grp3_17e38feb-20251129_115024.jpg,6,1,0,1,6,0,0.0,0.0,0.0,0.0
Cosmos Reason2 2B,mtsd-p13,roadside traffic-control object,grp3_19cc8708-IMG_20251203_095416.jpg,2,1,1,0,1,0,1.0,0.5,0.6667,0.5
Cosmos Reason2 2B,mtsd-p13,roadside traffic-control object,grp3_22c38c39-IMG_4293.jpeg,3,1,0,1,3,0,0.0,0.0,0.0,0.0
Cosmos Reason2 2B,mtsd-p13,roadside traffic-control object,grp3_25e08496-IMG_9116.jpg,1,1,1,0,0,0,1.0,1.0,1.0,1.0
Cosmos Reason2 2B,mtsd-p13,roadside traffic-control object,grp3_2b9ed5a1-IMG_4416.jpeg,1,0,0,0,1,0,0.0,0.0,0.0,0.0
Cosmos Reason2 2B,mtsd-p13,roadside traffic-control object,grp3_3cee3d85-IMG_4285.jpeg,4,2,2,0,2,0,1.0,0.5,0.6667,0.5
Cosmos Reason2 2B,mtsd-p13,roadside traffic-control object,grp3_458db4bf-IMG_9314.jpg,2,1,1,0,1,0,1.0,0.5,0.6667,0.5
Cosmos Reason2 2B,mtsd-p13,roadside traffic-control object,grp3_4d14c289-20251129_122448.jpg,7,1,0,1,7,0,0.0,0.0,0.0,0.0
Cosmos Reason2 2B,mtsd-p13,roadside traffic-control object,grp3_4daf8454-IMG_4356.jpeg,14,1,0,1,14,0,0.0,0.0,0.0,0.0
Cosmos Reason2 2B,mtsd-p13,roadside traffic-control object,grp3_5881a320-IMG_9141.jpg,3,1,1,0,2,0,1.0,0.3333,0.5,0.3333
Cosmos Reason2 2B,mtsd-p13,roadside traffic-control object,grp3_5a350ee3-IMG_9144.jpg,4,1,1,0,3,0,1.0,0.25,0.4,0.25
Cosmos Reason2 2B,mtsd-p13,roadside traffic-control object,grp3_5a5ec99c-IMG_4369.jpeg,1,1,1,0,0,0,1.0,1.0,1.0,1.0
Cosmos Reason2 2B,mtsd-p13,roadside traffic-control object,grp3_5a849df3-20251129_113801.jpg,6,1,0,1,6,0,0.0,0.0,0.0,0.0
Cosmos Reason2 2B,mtsd-p13,roadside traffic-control object,grp3_5e7ebbc1-IMG_4337.jpeg,5,0,0,0,5,0,0.0,0.0,0.0,0.0
Cosmos Reason2 2B,mtsd-p13,roadside traffic-control object,grp3_5e84f6fa-20251129_114532.jpg,2,1,0,1,2,0,0.0,0.0,0.0,0.0
Cosmos Reason2 2B,mtsd-p13,roadside traffic-control object,grp3_62bcab50-IMG_20251203_121207.jpg,2,1,1,0,1,0,1.0,0.5,0.6667,0.5
Cosmos Reason2 2B,mtsd-p13,roadside traffic-control object,grp3_64c9c943-IMG_20251203_121935.jpg,4,1,0,1,4,0,0.0,0.0,0.0,0.0
Cosmos Reason2 2B,mtsd-p13,roadside traffic-control object,grp3_66257b80-IMG_9242.jpg,1,1,0,1,1,0,0.0,0.0,0.0,0.0
Cosmos Reason2 2B,mtsd-p13,roadside traffic-control object,grp3_6a5c994c-IMG_9361.jpg,2,1,1,0,1,0,1.0,0.5,0.6667,0.5
Cosmos Reason2 2B,mtsd-p13,roadside traffic-control object,grp3_729363da-IMG_4319.jpeg,2,1,1,0,1,0,1.0,0.5,0.6667,0.5
Cosmos Reason2 2B,mtsd-p13,roadside traffic-control object,grp3_72ce7bb8-IMG_20251203_121930.jpg,3,1,0,1,3,0,0.0,0.0,0.0,0.0
Cosmos Reason2 2B,mtsd-p13,roadside traffic-control object,grp3_733addec-IMG_9083.jpg,1,0,0,0,1,0,0.0,0.0,0.0,0.0
Cosmos Reason2 2B,mtsd-p13,roadside traffic-control object,grp3_76fb906e-20251129_122552.jpg,5,1,0,1,5,0,0.0,0.0,0.0,0.0
Cosmos Reason2 2B,mtsd-p13,roadside traffic-control object,grp3_7b58307a-IMG_20251203_094229.jpg,1,1,0,1,1,0,0.0,0.0,0.0,0.0
Cosmos Reason2 2B,mtsd-p13,roadside traffic-control object,grp3_81a84d18-IMG_9109.jpg,2,1,1,0,1,0,1.0,0.5,0.6667,0.5
Cosmos Reason2 2B,mtsd-p13,roadside traffic-control object,grp3_874592da-20251129_122245.jpg,2,1,0,1,2,0,0.0,0.0,0.0,0.0
Cosmos Reason2 2B,mtsd-p13,roadside traffic-control object,grp3_87ee400a-IMG_9122.jpg,1,1,0,1,1,0,0.0,0.0,0.0,0.0
Cosmos Reason2 2B,mtsd-p13,roadside traffic-control object,grp3_8c6aa47e-IMG_20251203_121607.jpg,2,1,1,0,1,0,1.0,0.5,0.6667,0.5
Cosmos Reason2 2B,mtsd-p13,roadside traffic-control object,grp3_8d66655f-IMG_4305.jpeg,4,1,0,1,4,0,0.0,0.0,0.0,0.0
Cosmos Reason2 2B,mtsd-p13,roadside traffic-control object,grp3_913cab50-IMG_20251204_094538.jpg,2,1,0,1,2,0,0.0,0.0,0.0,0.0
Cosmos Reason2 2B,mtsd-p13,roadside traffic-control object,grp3_915b758c-IMG_4287.jpeg,2,2,1,1,1,0,0.5,0.5,0.5,0.3333
Cosmos Reason2 2B,mtsd-p13,roadside traffic-control object,grp3_940c99a8-IMG_9166.jpg,2,1,0,1,2,0,0.0,0.0,0.0,0.0
Cosmos Reason2 2B,mtsd-p13,roadside traffic-control object,grp3_9e3990fa-20251129_124245.jpg,1,1,1,0,0,0,1.0,1.0,1.0,1.0
Cosmos Reason2 2B,mtsd-p13,roadside traffic-control object,grp3_9eaf77cf-IMG_4402.jpeg,1,0,0,0,1,0,0.0,0.0,0.0,0.0
Cosmos Reason2 2B,mtsd-p13,roadside traffic-control object,grp3_9ff54512-IMG_20251203_093925.jpg,3,1,0,1,3,0,0.0,0.0,0.0,0.0
Cosmos Reason2 2B,mtsd-p13,roadside traffic-control object,grp3_a2b6698c-IMG_4431.jpeg,1,0,0,0,1,0,0.0,0.0,0.0,0.0
Cosmos Reason2 2B,mtsd-p13,roadside traffic-control object,grp3_a5739f60-IMG_20251203_120925.jpg,4,1,1,0,3,0,1.0,0.25,0.4,0.25
Cosmos Reason2 2B,mtsd-p13,roadside traffic-control object,grp3_a9724b83-20251129_122439.jpg,9,1,0,1,9,0,0.0,0.0,0.0,0.0
Cosmos Reason2 2B,mtsd-p13,roadside traffic-control object,grp3_ae42a8a0-20251129_121839.jpg,2,1,0,1,2,0,0.0,0.0,0.0,0.0
Cosmos Reason2 2B,mtsd-p13,roadside traffic-control object,grp3_aebbbcad-IMG_9204.jpg,4,1,0,1,4,0,0.0,0.0,0.0,0.0
Cosmos Reason2 2B,mtsd-p13,roadside traffic-control object,grp3_b05e6955-IMG_4433.jpeg,2,0,0,0,2,0,0.0,0.0,0.0,0.0
Cosmos Reason2 2B,mtsd-p13,roadside traffic-control object,grp3_c0cc3ce0-IMG_20251203_115646.jpg,2,1,0,1,2,0,0.0,0.0,0.0,0.0
Cosmos Reason2 2B,mtsd-p13,roadside traffic-control object,grp3_c7a58be8-IMG_20251203_121028.jpg,2,1,0,1,2,0,0.0,0.0,0.0,0.0
Cosmos Reason2 2B,mtsd-p13,roadside traffic-control object,grp3_ca162d3e-20251129_114653.jpg,6,1,0,1,6,0,0.0,0.0,0.0,0.0
Cosmos Reason2 2B,mtsd-p13,roadside traffic-control object,grp3_cb90b89e-IMG_9211.jpg,1,1,0,1,1,0,0.0,0.0,0.0,0.0
Cosmos Reason2 2B,mtsd-p13,roadside traffic-control object,grp3_d3cfa1f7-IMG_20251204_133658.jpg,1,1,1,0,0,0,1.0,1.0,1.0,1.0
Cosmos Reason2 2B,mtsd-p13,roadside traffic-control object,grp3_def908c3-IMG_4315.jpeg,2,1,0,1,2,0,0.0,0.0,0.0,0.0
Cosmos Reason2 2B,mtsd-p13,roadside traffic-control object,grp3_e0a623d6-IMG_9293.jpg,1,1,0,1,1,0,0.0,0.0,0.0,0.0
Cosmos Reason2 2B,mtsd-p13,roadside traffic-control object,grp3_e17ffb83-20251129_115005.jpg,1,1,0,1,1,0,0.0,0.0,0.0,0.0
Cosmos Reason2 2B,mtsd-p13,roadside traffic-control object,grp3_e337de9a-IMG_4362.jpeg,10,1,0,1,10,0,0.0,0.0,0.0,0.0
Cosmos Reason2 2B,mtsd-p13,roadside traffic-control object,grp3_eb512649-IMG_4353.jpeg,2,1,0,1,2,0,0.0,0.0,0.0,0.0
Cosmos Reason2 2B,mtsd-p13,roadside traffic-control object,grp3_eb95b9a8-IMG_9119.jpg,1,1,0,1,1,0,0.0,0.0,0.0,0.0
Cosmos Reason2 2B,mtsd-p13,roadside traffic-control object,grp3_ec385cc7-IMG_20251203_121353.jpg,1,1,1,0,0,0,1.0,1.0,1.0,1.0
Cosmos Reason2 2B,mtsd-p13,roadside traffic-control object,grp3_ecbe9be3-IMG_20251204_100152.jpg,2,1,0,1,2,0,0.0,0.0,0.0,0.0
Cosmos Reason2 2B,mtsd-p13,roadside traffic-control object,grp3_f2a7e32a-IMG_4334.jpeg,7,1,0,1,7,0,0.0,0.0,0.0,0.0
Cosmos Reason2 2B,mtsd-p13,roadside traffic-control object,grp3_f6ba6aba-IMG_4397.jpeg,3,1,1,0,2,0,1.0,0.3333,0.5,0.3333
Cosmos Reason2 2B,mtsd-p13,roadside traffic-control object,grp3_facbf33e-IMG_9197.jpg,1,1,0,1,1,0,0.0,0.0,0.0,0.0
Cosmos Reason2 2B,mtsd-p13,roadside traffic-control object,grp3_faf213d1-IMG_20251203_120236.jpg,4,1,0,1,4,0,0.0,0.0,0.0,0.0
Cosmos Reason2 2B,mtsd-p13,roadside traffic-control object,grp4_0da97af9-20251222_133337.jpg,1,1,0,1,1,0,0.0,0.0,0.0,0.0
Cosmos Reason2 2B,mtsd-p13,roadside traffic-control object,grp4_11d8a182-WhatsApp_Image_2026-01-14_at_11.12.01.jpeg,2,1,1,0,1,0,1.0,0.5,0.6667,0.5
Cosmos Reason2 2B,mtsd-p13,roadside traffic-control object,grp4_1d0747c0-20260107_105907.jpg,5,1,1,0,4,0,1.0,0.2,0.3333,0.2
Cosmos Reason2 2B,mtsd-p13,roadside traffic-control object,grp4_20251115_125732.jpg,1,1,1,0,0,0,1.0,1.0,1.0,1.0
Cosmos Reason2 2B,mtsd-p13,roadside traffic-control object,grp4_20251130_114937.jpg,1,0,0,0,1,0,0.0,0.0,0.0,0.0
Cosmos Reason2 2B,mtsd-p13,roadside traffic-control object,grp4_20251130_115129.jpg,9,1,1,0,8,0,1.0,0.1111,0.2,0.1111
Cosmos Reason2 2B,mtsd-p13,roadside traffic-control object,grp4_20251130_115523.jpg,6,1,0,1,6,0,0.0,0.0,0.0,0.0
Cosmos Reason2 2B,mtsd-p13,roadside traffic-control object,grp4_20251130_115532.jpg,3,1,1,0,2,0,1.0,0.3333,0.5,0.3333
Cosmos Reason2 2B,mtsd-p13,roadside traffic-control object,grp4_20251130_115613.jpg,1,1,1,0,0,0,1.0,1.0,1.0,1.0
Cosmos Reason2 2B,mtsd-p13,roadside traffic-control object,grp4_20251130_115807.jpg,1,0,0,0,1,0,0.0,0.0,0.0,0.0
Cosmos Reason2 2B,mtsd-p13,roadside traffic-control object,grp4_20251130_120143.jpg,1,1,1,0,0,0,1.0,1.0,1.0,1.0
Cosmos Reason2 2B,mtsd-p13,roadside traffic-control object,grp4_20251130_120206.jpg,3,1,1,0,2,0,1.0,0.3333,0.5,0.3333
Cosmos Reason2 2B,mtsd-p13,roadside traffic-control object,grp4_20251219_134240.jpg,3,1,1,0,2,0,1.0,0.3333,0.5,0.3333
Cosmos Reason2 2B,mtsd-p13,roadside traffic-control object,grp4_20251229_142249.jpg,1,1,1,0,0,0,1.0,1.0,1.0,1.0
Cosmos Reason2 2B,mtsd-p13,roadside traffic-control object,grp4_20251229_144322.jpg,2,1,0,1,2,0,0.0,0.0,0.0,0.0
Cosmos Reason2 2B,mtsd-p13,roadside traffic-control object,grp4_20251229_145129.jpg,2,1,1,0,1,0,1.0,0.5,0.6667,0.5
Cosmos Reason2 2B,mtsd-p13,roadside traffic-control object,grp4_20251229_150136.jpg,3,1,0,1,3,0,0.0,0.0,0.0,0.0
Cosmos Reason2 2B,mtsd-p13,roadside traffic-control object,grp4_20251229_150338.jpg,8,1,1,0,7,0,1.0,0.125,0.2222,0.125
Cosmos Reason2 2B,mtsd-p13,roadside traffic-control object,grp4_20251229_151051.jpg,4,1,0,1,4,0,0.0,0.0,0.0,0.0
Cosmos Reason2 2B,mtsd-p13,roadside traffic-control object,grp4_20251229_152158.jpg,1,1,1,0,0,0,1.0,1.0,1.0,1.0
Cosmos Reason2 2B,mtsd-p13,roadside traffic-control object,grp4_20251231_160526.jpg,1,1,1,0,0,0,1.0,1.0,1.0,1.0
Cosmos Reason2 2B,mtsd-p13,roadside traffic-control object,grp4_20251231_160545.jpg,1,1,1,0,0,0,1.0,1.0,1.0,1.0
Cosmos Reason2 2B,mtsd-p13,roadside traffic-control object,grp4_20251231_160556.jpg,1,1,1,0,0,0,1.0,1.0,1.0,1.0
Cosmos Reason2 2B,mtsd-p13,roadside traffic-control object,grp4_219a5ac5-20251116_164504.jpg,1,1,1,0,0,0,1.0,1.0,1.0,1.0
Cosmos Reason2 2B,mtsd-p13,roadside traffic-control object,grp4_21c64815-20251116_163111.jpg,1,1,1,0,0,0,1.0,1.0,1.0,1.0
Cosmos Reason2 2B,mtsd-p13,roadside traffic-control object,grp4_22bb020a-20251222_131805.jpg,2,1,1,0,1,0,1.0,0.5,0.6667,0.5
Cosmos Reason2 2B,mtsd-p13,roadside traffic-control object,grp4_25671e9a-WhatsApp_Image_2026-01-14_at_11.11.43_3.jpeg,6,1,0,1,6,0,0.0,0.0,0.0,0.0
Cosmos Reason2 2B,mtsd-p13,roadside traffic-control object,grp4_2659e726-20260107_105845.jpg,2,1,1,0,1,0,1.0,0.5,0.6667,0.5
Cosmos Reason2 2B,mtsd-p13,roadside traffic-control object,grp4_27645844-20260107_151619.jpg,10,1,1,0,9,0,1.0,0.1,0.1818,0.1
Cosmos Reason2 2B,mtsd-p13,roadside traffic-control object,grp4_27f66596-20260109_125516.jpg,4,1,0,1,4,0,0.0,0.0,0.0,0.0
Cosmos Reason2 2B,mtsd-p13,roadside traffic-control object,grp4_303a684b-WhatsApp_Image_2026-01-14_at_11.12.36_1.jpeg,3,1,0,1,3,0,0.0,0.0,0.0,0.0
Cosmos Reason2 2B,mtsd-p13,roadside traffic-control object,grp4_3a0abdfb-20251116_161259.jpg,2,1,1,0,1,0,1.0,0.5,0.6667,0.5
Cosmos Reason2 2B,mtsd-p13,roadside traffic-control object,grp4_3a5008ad-20251222_141011.jpg,2,1,0,1,2,0,0.0,0.0,0.0,0.0
Cosmos Reason2 2B,mtsd-p13,roadside traffic-control object,grp4_420a4dea-20251222_131729.jpg,2,1,1,0,1,0,1.0,0.5,0.6667,0.5
Cosmos Reason2 2B,mtsd-p13,roadside traffic-control object,grp4_53b94993-WhatsApp_Image_2026-01-14_at_11.10.30_2.jpeg,2,1,1,0,1,0,1.0,0.5,0.6667,0.5
Cosmos Reason2 2B,mtsd-p13,roadside traffic-control object,grp4_5886bc7f-20251116_161202.jpg,2,1,1,0,1,0,1.0,0.5,0.6667,0.5
Cosmos Reason2 2B,mtsd-p13,roadside traffic-control object,grp4_5996dfea-20251116_163330.jpg,2,1,1,0,1,0,1.0,0.5,0.6667,0.5
Cosmos Reason2 2B,mtsd-p13,roadside traffic-control object,grp4_5c62b2f6-20251117_104837.jpg,12,1,1,0,11,0,1.0,0.0833,0.1538,0.0833
Cosmos Reason2 2B,mtsd-p13,roadside traffic-control object,grp4_5e204826-WhatsApp_Image_2026-01-14_at_11.11.36.jpeg,1,1,0,1,1,0,0.0,0.0,0.0,0.0
Cosmos Reason2 2B,mtsd-p13,roadside traffic-control object,grp4_63c4320e-WhatsApp_Image_2026-01-14_at_11.10.32_3.jpeg,1,1,1,0,0,0,1.0,1.0,1.0,1.0
Cosmos Reason2 2B,mtsd-p13,roadside traffic-control object,grp4_66eacd8c-20260109_124456.jpg,1,1,1,0,0,0,1.0,1.0,1.0,1.0
Cosmos Reason2 2B,mtsd-p13,roadside traffic-control object,grp4_763f17c4-20260107_150842.jpg,10,1,0,1,10,0,0.0,0.0,0.0,0.0
Cosmos Reason2 2B,mtsd-p13,roadside traffic-control object,grp4_7af17460-WhatsApp_Image_2026-01-14_at_11.11.40_2.jpeg,8,1,1,0,7,0,1.0,0.125,0.2222,0.125
Cosmos Reason2 2B,mtsd-p13,roadside traffic-control object,grp4_7b6a28a6-WhatsApp_Image_2026-01-14_at_11.10.25_4.jpeg,1,1,1,0,0,0,1.0,1.0,1.0,1.0
Cosmos Reason2 2B,mtsd-p13,roadside traffic-control object,grp4_81d58d34-20251222_132612.jpg,3,1,0,1,3,0,0.0,0.0,0.0,0.0
Cosmos Reason2 2B,mtsd-p13,roadside traffic-control object,grp4_82399059-20251116_165140.jpg,2,1,1,0,1,0,1.0,0.5,0.6667,0.5
Cosmos Reason2 2B,mtsd-p13,roadside traffic-control object,grp4_83705e8e-WhatsApp_Image_2026-01-14_at_11.10.28_3.jpeg,8,1,0,1,8,0,0.0,0.0,0.0,0.0
Cosmos Reason2 2B,mtsd-p13,roadside traffic-control object,grp4_86e58e1e-WhatsApp_Image_2026-01-14_at_11.10.21.jpeg,2,1,0,1,2,0,0.0,0.0,0.0,0.0
Cosmos Reason2 2B,mtsd-p13,roadside traffic-control object,grp4_87ae19f5-WhatsApp_Image_2026-01-14_at_11.11.37.jpeg,4,1,1,0,3,0,1.0,0.25,0.4,0.25
Cosmos Reason2 2B,mtsd-p13,roadside traffic-control object,grp4_8b497905-20260107_150756.jpg,4,1,0,1,4,0,0.0,0.0,0.0,0.0
Cosmos Reason2 2B,mtsd-p13,roadside traffic-control object,grp4_8bd079ee-20260107_105937.jpg,1,1,1,0,0,0,1.0,1.0,1.0,1.0
Cosmos Reason2 2B,mtsd-p13,roadside traffic-control object,grp4_91f6056a-20251116_163806.jpg,1,1,1,0,0,0,1.0,1.0,1.0,1.0
Cosmos Reason2 2B,mtsd-p13,roadside traffic-control object,grp4_935db33c-20260107_105737.jpg,2,1,0,1,2,0,0.0,0.0,0.0,0.0
Cosmos Reason2 2B,mtsd-p13,roadside traffic-control object,grp4_94287dbf-20260113_132935.jpg,1,1,1,0,0,0,1.0,1.0,1.0,1.0
Cosmos Reason2 2B,mtsd-p13,roadside traffic-control object,grp4_9a8f607e-20251222_141532.jpg,2,1,0,1,2,0,0.0,0.0,0.0,0.0
Cosmos Reason2 2B,mtsd-p13,roadside traffic-control object,grp4_9c4db066-WhatsApp_Image_2026-01-14_at_10.34.44_2.jpeg,3,1,1,0,2,0,1.0,0.3333,0.5,0.3333
Cosmos Reason2 2B,mtsd-p13,roadside traffic-control object,grp4_a3952dcd-20251116_170721.jpg,2,1,1,0,1,0,1.0,0.5,0.6667,0.5
Cosmos Reason2 2B,mtsd-p13,roadside traffic-control object,grp4_a59df063-20251116_165440.jpg,2,1,0,1,2,0,0.0,0.0,0.0,0.0
Cosmos Reason2 2B,mtsd-p13,roadside traffic-control object,grp4_abe76f20-20260109_124535.jpg,1,1,1,0,0,0,1.0,1.0,1.0,1.0
Cosmos Reason2 2B,mtsd-p13,roadside traffic-control object,grp4_b3745e21-20251222_142059.jpg,1,1,0,1,1,0,0.0,0.0,0.0,0.0
Cosmos Reason2 2B,mtsd-p13,roadside traffic-control object,grp4_b3d0eaa4-20251116_163427.jpg,2,1,1,0,1,0,1.0,0.5,0.6667,0.5
Cosmos Reason2 2B,mtsd-p13,roadside traffic-control object,grp4_bdef9845-20260109_130552.jpg,3,1,0,1,3,0,0.0,0.0,0.0,0.0
Cosmos Reason2 2B,mtsd-p13,roadside traffic-control object,grp4_c3a633b2-20251116_162903.jpg,3,1,0,1,3,0,0.0,0.0,0.0,0.0
Cosmos Reason2 2B,mtsd-p13,roadside traffic-control object,grp4_c909a40a-20251222_142239.jpg,1,1,1,0,0,0,1.0,1.0,1.0,1.0
Cosmos Reason2 2B,mtsd-p13,roadside traffic-control object,grp4_cbb400e9-WhatsApp_Image_2026-01-14_at_11.10.25.jpeg,1,1,0,1,1,0,0.0,0.0,0.0,0.0
Cosmos Reason2 2B,mtsd-p13,roadside traffic-control object,grp4_cdcb1057-WhatsApp_Image_2026-01-14_at_11.11.40_1.jpeg,7,1,0,1,7,0,0.0,0.0,0.0,0.0
Cosmos Reason2 2B,mtsd-p13,roadside traffic-control object,grp4_d1c1ed24-20260113_130204.jpg,1,1,1,0,0,0,1.0,1.0,1.0,1.0
Cosmos Reason2 2B,mtsd-p13,roadside traffic-control object,grp4_d2b85a88-20251116_163522.jpg,1,1,0,1,1,0,0.0,0.0,0.0,0.0
Cosmos Reason2 2B,mtsd-p13,roadside traffic-control object,grp4_d3d2c193-20260109_124357.jpg,1,1,1,0,0,0,1.0,1.0,1.0,1.0
Cosmos Reason2 2B,mtsd-p13,roadside traffic-control object,grp4_d4ed28aa-20251222_141346.jpg,1,1,1,0,0,0,1.0,1.0,1.0,1.0
Cosmos Reason2 2B,mtsd-p13,roadside traffic-control object,grp4_d5aaacb6-20251116_165125.jpg,4,1,0,1,4,0,0.0,0.0,0.0,0.0
Cosmos Reason2 2B,mtsd-p13,roadside traffic-control object,grp4_d78448ea-20251117_105829.jpg,2,1,1,0,1,0,1.0,0.5,0.6667,0.5
Cosmos Reason2 2B,mtsd-p13,roadside traffic-control object,grp4_d8a007d5-20260109_123932.jpg,2,1,1,0,1,0,1.0,0.5,0.6667,0.5
Cosmos Reason2 2B,mtsd-p13,roadside traffic-control object,grp4_db6dffba-WhatsApp_Image_2026-01-14_at_11.12.35_1.jpeg,5,1,1,0,4,0,1.0,0.2,0.3333,0.2
Cosmos Reason2 2B,mtsd-p13,roadside traffic-control object,grp4_dd2a03a9-20251222_132847.jpg,1,1,1,0,0,0,1.0,1.0,1.0,1.0
Cosmos Reason2 2B,mtsd-p13,roadside traffic-control object,grp4_ddd42f22-20251116_162542.jpg,6,1,1,0,5,0,1.0,0.1667,0.2857,0.1667
Cosmos Reason2 2B,mtsd-p13,roadside traffic-control object,grp4_dddb030d-20251230_104127.jpg,3,0,0,0,3,0,0.0,0.0,0.0,0.0
Cosmos Reason2 2B,mtsd-p13,roadside traffic-control object,grp4_df0bccf2-WhatsApp_Image_2026-01-14_at_11.12.00.jpeg,7,0,0,0,7,0,0.0,0.0,0.0,0.0
Cosmos Reason2 2B,mtsd-p13,roadside traffic-control object,grp4_dfec1b25-20260107_105532.jpg,2,1,0,1,2,0,0.0,0.0,0.0,0.0
Cosmos Reason2 2B,mtsd-p13,roadside traffic-control object,grp4_e3a6bacf-20251222_140739.jpg,4,1,0,1,4,0,0.0,0.0,0.0,0.0
Cosmos Reason2 2B,mtsd-p13,roadside traffic-control object,grp4_e47a8d80-20251116_163051.jpg,2,1,1,0,1,0,1.0,0.5,0.6667,0.5
Cosmos Reason2 2B,mtsd-p13,roadside traffic-control object,grp4_e63ad5ed-WhatsApp_Image_2026-01-14_at_11.10.19_1.jpeg,1,1,0,1,1,0,0.0,0.0,0.0,0.0
Cosmos Reason2 2B,mtsd-p13,roadside traffic-control object,grp4_f171227c-20251222_132239.jpg,3,1,0,1,3,0,0.0,0.0,0.0,0.0
Cosmos Reason2 2B,mtsd-p13,roadside traffic-control object,grp4_f1d0d896-WhatsApp_Image_2026-01-14_at_11.12.20.jpeg,1,1,0,1,1,0,0.0,0.0,0.0,0.0
Cosmos Reason2 2B,mtsd-p13,roadside traffic-control object,grp4_fa665131-WhatsApp_Image_2026-01-14_at_11.12.04.jpeg,1,1,0,1,1,0,0.0,0.0,0.0,0.0
Cosmos Reason2 2B,mtsd-p13,roadside traffic-control object,grp4_fe8b41fc-WhatsApp_Image_2026-01-14_at_11.10.21_3.jpeg,2,1,0,1,2,0,0.0,0.0,0.0,0.0
Cosmos Reason2 2B,mtsd-p13,roadside traffic-control object,grp4_ffdc6f75-WhatsApp_Image_2026-01-14_at_11.10.20.jpeg,2,1,1,0,1,0,1.0,0.5,0.6667,0.5
Cosmos Reason2 2B,mtsd-p13,roadside traffic-control object,grp5_05facbdc-BenTaliana_23_Front.jpeg,1,1,1,0,0,0,1.0,1.0,1.0,1.0
Cosmos Reason2 2B,mtsd-p13,roadside traffic-control object,grp5_0f660dba-MichaelFarrugia_49_Back.jpg,2,1,0,1,2,0,0.0,0.0,0.0,0.0
Cosmos Reason2 2B,mtsd-p13,roadside traffic-control object,grp5_13ab0dbb-BenTaliana_59_Front.jpeg,4,1,1,0,3,0,1.0,0.25,0.4,0.25
Cosmos Reason2 2B,mtsd-p13,roadside traffic-control object,grp5_1a462468-MichaelFarrugia_24_Back.jpg,1,1,1,0,0,0,1.0,1.0,1.0,1.0
Cosmos Reason2 2B,mtsd-p13,roadside traffic-control object,grp5_1f171b80-MelatAssefa_5_Front.jpg,1,1,1,0,0,0,1.0,1.0,1.0,1.0
Cosmos Reason2 2B,mtsd-p13,roadside traffic-control object,grp5_2141c95b-MelatAssefa_28_Side.jpg,2,1,0,1,2,0,0.0,0.0,0.0,0.0
Cosmos Reason2 2B,mtsd-p13,roadside traffic-control object,grp5_27622289-BenTaliana_10_Front.jpeg,1,1,1,0,0,0,1.0,1.0,1.0,1.0
Cosmos Reason2 2B,mtsd-p13,roadside traffic-control object,grp5_28809400-MelatAssefa_23_Front.jpg,2,1,1,0,1,0,1.0,0.5,0.6667,0.5
Cosmos Reason2 2B,mtsd-p13,roadside traffic-control object,grp5_29252be9-MichaelFarrugia_29_Front.jpg,4,1,0,1,4,0,0.0,0.0,0.0,0.0
Cosmos Reason2 2B,mtsd-p13,roadside traffic-control object,grp5_2da1aa64-AlisonAttard_27_Front.jpeg,1,0,0,0,1,0,0.0,0.0,0.0,0.0
Cosmos Reason2 2B,mtsd-p13,roadside traffic-control object,grp5_30980873-BenTaliana_12_Front.jpeg,2,1,1,0,1,0,1.0,0.5,0.6667,0.5
Cosmos Reason2 2B,mtsd-p13,roadside traffic-control object,grp5_32b2eadc-AlisonAttard_7_Side.jpeg,3,0,0,0,3,0,0.0,0.0,0.0,0.0
Cosmos Reason2 2B,mtsd-p13,roadside traffic-control object,grp5_3cd9a2bc-MelatAssefa_45_Side.jpg,1,1,1,0,0,0,1.0,1.0,1.0,1.0
Cosmos Reason2 2B,mtsd-p13,roadside traffic-control object,grp5_3d564b26-AlisonAttard_15_Back.jpeg,3,0,0,0,3,0,0.0,0.0,0.0,0.0
Cosmos Reason2 2B,mtsd-p13,roadside traffic-control object,grp5_3db24e6b-AlisonAttard_31_Side.jpeg,1,1,0,1,1,0,0.0,0.0,0.0,0.0
Cosmos Reason2 2B,mtsd-p13,roadside traffic-control object,grp5_44ccc0f3-MichaelFarrugia_54_Front.jpg,2,0,0,0,2,0,0.0,0.0,0.0,0.0
Cosmos Reason2 2B,mtsd-p13,roadside traffic-control object,grp5_48cba720-BenTaliana_30_Front.jpeg,3,1,0,1,3,0,0.0,0.0,0.0,0.0
Cosmos Reason2 2B,mtsd-p13,roadside traffic-control object,grp5_50e6a3c4-MichaelFarrugia_55_Front.jpg,14,1,1,0,13,0,1.0,0.0714,0.1333,0.0714
Cosmos Reason2 2B,mtsd-p13,roadside traffic-control object,grp5_559514d7-AlisonAttard_13_Side.jpeg,1,1,0,1,1,0,0.0,0.0,0.0,0.0
Cosmos Reason2 2B,mtsd-p13,roadside traffic-control object,grp5_57e0ac5f-AlisonAttard_27_Back.jpeg,1,0,0,0,1,0,0.0,0.0,0.0,0.0
Cosmos Reason2 2B,mtsd-p13,roadside traffic-control object,grp5_6325b5ff-MelatAssefa_21_Front.jpg,3,1,0,1,3,0,0.0,0.0,0.0,0.0
Cosmos Reason2 2B,mtsd-p13,roadside traffic-control object,grp5_6bb6fe17-BenTaliana_15_Back.jpeg,2,1,1,0,1,0,1.0,0.5,0.6667,0.5
Cosmos Reason2 2B,mtsd-p13,roadside traffic-control object,grp5_6cdcc943-AlisonAttard_14_Back.jpeg,3,0,0,0,3,0,0.0,0.0,0.0,0.0
Cosmos Reason2 2B,mtsd-p13,roadside traffic-control object,grp5_704b34ba-BenTaliana_38_Side.jpeg,3,1,1,0,2,0,1.0,0.3333,0.5,0.3333
Cosmos Reason2 2B,mtsd-p13,roadside traffic-control object,grp5_770e5bfc-BenTaliana_60_Side.jpeg,4,1,1,0,3,0,1.0,0.25,0.4,0.25
Cosmos Reason2 2B,mtsd-p13,roadside traffic-control object,grp5_7ae28afa-MelatAssefa_15_Front.jpg,2,1,1,0,1,0,1.0,0.5,0.6667,0.5
Cosmos Reason2 2B,mtsd-p13,roadside traffic-control object,grp5_82a1216f-AlisonAttard_27_Side.jpeg,1,0,0,0,1,0,0.0,0.0,0.0,0.0
Cosmos Reason2 2B,mtsd-p13,roadside traffic-control object,grp5_85f27713-MelatAssefa_35_Side.jpg,2,1,1,0,1,0,1.0,0.5,0.6667,0.5
Cosmos Reason2 2B,mtsd-p13,roadside traffic-control object,grp5_8e2aa9fc-AlisonAttard_30_Back.jpeg,2,1,1,0,1,0,1.0,0.5,0.6667,0.5
Cosmos Reason2 2B,mtsd-p13,roadside traffic-control object,grp5_9c857801-BenTaliana_43_Side.jpeg,3,1,0,1,3,0,0.0,0.0,0.0,0.0
Cosmos Reason2 2B,mtsd-p13,roadside traffic-control object,grp5_9f2af180-AlisonAttard_30_Side.jpeg,1,1,0,1,1,0,0.0,0.0,0.0,0.0
Cosmos Reason2 2B,mtsd-p13,roadside traffic-control object,grp5_9fd3af21-MichaelFarrugia_11_Back.jpg,1,1,1,0,0,0,1.0,1.0,1.0,1.0
Cosmos Reason2 2B,mtsd-p13,roadside traffic-control object,grp5_a1a873a2-MichaelFarrugia_21_Side.jpg,1,1,0,1,1,0,0.0,0.0,0.0,0.0
Cosmos Reason2 2B,mtsd-p13,roadside traffic-control object,grp5_a1ced4bc-BenTaliana_22_Front.jpeg,5,1,1,0,4,0,1.0,0.2,0.3333,0.2
Cosmos Reason2 2B,mtsd-p13,roadside traffic-control object,grp5_a5ec0025-BenTaliana_11_Front.jpeg,2,1,1,0,1,0,1.0,0.5,0.6667,0.5
Cosmos Reason2 2B,mtsd-p13,roadside traffic-control object,grp5_a6a28dc5-MichaelFarrugia_34_Side.jpg,1,1,1,0,0,0,1.0,1.0,1.0,1.0
Cosmos Reason2 2B,mtsd-p13,roadside traffic-control object,grp5_a7e73d18-AlisonAttard_29_Back.jpeg,2,1,0,1,2,0,0.0,0.0,0.0,0.0
Cosmos Reason2 2B,mtsd-p13,roadside traffic-control object,grp5_a7f0ea8c-BenTaliana_9_Side.jpeg,2,1,1,0,1,0,1.0,0.5,0.6667,0.5
Cosmos Reason2 2B,mtsd-p13,roadside traffic-control object,grp5_a8752ff5-MelatAssefa_56_Side.jpg,2,1,1,0,1,0,1.0,0.5,0.6667,0.5
Cosmos Reason2 2B,mtsd-p13,roadside traffic-control object,grp5_ab2f9697-MichaelFarrugia_48_Side.jpg,2,1,0,1,2,0,0.0,0.0,0.0,0.0
Cosmos Reason2 2B,mtsd-p13,roadside traffic-control object,grp5_afdc6e4d-MelatAssefa_1_Side.jpg,3,1,1,0,2,0,1.0,0.3333,0.5,0.3333
Cosmos Reason2 2B,mtsd-p13,roadside traffic-control object,grp5_b5c4d0ea-BenTaliana_31_Side.jpeg,1,1,1,0,0,0,1.0,1.0,1.0,1.0
Cosmos Reason2 2B,mtsd-p13,roadside traffic-control object,grp5_bbdd8a43-BenTaliana_44_Front.jpeg,2,1,1,0,1,0,1.0,0.5,0.6667,0.5
Cosmos Reason2 2B,mtsd-p13,roadside traffic-control object,grp5_bc59500b-AlisonAttard_47_Side.jpeg,2,0,0,0,2,0,0.0,0.0,0.0,0.0
Cosmos Reason2 2B,mtsd-p13,roadside traffic-control object,grp5_c5c3aa2b-BenTaliana_19_Side.jpeg,1,1,1,0,0,0,1.0,1.0,1.0,1.0
Cosmos Reason2 2B,mtsd-p13,roadside traffic-control object,grp5_cc1fcae2-AlisonAttard_9_Back.jpeg,3,1,1,0,2,0,1.0,0.3333,0.5,0.3333
Cosmos Reason2 2B,mtsd-p13,roadside traffic-control object,grp5_cc77abda-MelatAssefa_34_Side.jpg,1,1,1,0,0,0,1.0,1.0,1.0,1.0
Cosmos Reason2 2B,mtsd-p13,roadside traffic-control object,grp5_cdd70210-BenTaliana_10_Side.jpeg,1,1,1,0,0,0,1.0,1.0,1.0,1.0
Cosmos Reason2 2B,mtsd-p13,roadside traffic-control object,grp5_d29347ca-MelatAssefa_51_Side.jpg,2,1,0,1,2,0,0.0,0.0,0.0,0.0
Cosmos Reason2 2B,mtsd-p13,roadside traffic-control object,grp5_dad74922-BenTaliana_41_Front.jpeg,2,1,0,1,2,0,0.0,0.0,0.0,0.0
Cosmos Reason2 2B,mtsd-p13,roadside traffic-control object,grp5_dcad2b9b-MichaelFarrugia_64_Side.jpg,1,1,0,1,1,0,0.0,0.0,0.0,0.0
Cosmos Reason2 2B,mtsd-p13,roadside traffic-control object,grp5_e0bfe536-MelatAssefa_22_Front.jpg,3,1,0,1,3,0,0.0,0.0,0.0,0.0
Cosmos Reason2 2B,mtsd-p13,roadside traffic-control object,grp5_e2a22cf0-BenTaliana_9_Front.jpeg,1,1,0,1,1,0,0.0,0.0,0.0,0.0
Cosmos Reason2 2B,mtsd-p13,roadside traffic-control object,grp5_e390d90e-MelatAssefa_55_Side.jpg,1,1,1,0,0,0,1.0,1.0,1.0,1.0
Cosmos Reason2 2B,mtsd-p13,roadside traffic-control object,grp5_e3df78e1-MichaelFarrugia_48_Back.jpg,2,1,0,1,2,0,0.0,0.0,0.0,0.0
Cosmos Reason2 2B,mtsd-p13,roadside traffic-control object,grp5_e43a48bc-BenTaliana_53_Side.jpeg,1,1,1,0,0,0,1.0,1.0,1.0,1.0
Cosmos Reason2 2B,mtsd-p13,roadside traffic-control object,grp5_e64b6a10-AlisonAttard_20_Side.jpeg,1,1,0,1,1,0,0.0,0.0,0.0,0.0
Cosmos Reason2 2B,mtsd-p13,roadside traffic-control object,grp5_e7eb8734-MichaelFarrugia_52_Front.jpg,1,1,1,0,0,0,1.0,1.0,1.0,1.0
Cosmos Reason2 2B,mtsd-p13,roadside traffic-control object,grp5_e897b21c-MelatAssefa_52_Front.jpg,4,0,0,0,4,0,0.0,0.0,0.0,0.0
Cosmos Reason2 2B,mtsd-p13,roadside traffic-control object,grp5_ec52a808-MichaelFarrugia_58_Side.jpg,15,0,0,0,15,0,0.0,0.0,0.0,0.0
Cosmos Reason2 2B,mtsd-p13,roadside traffic-control object,grp5_f3d53558-BenTaliana_52_Front.jpeg,4,1,0,1,4,0,0.0,0.0,0.0,0.0
Cosmos Reason2 2B,mtsd-p13,roadside traffic-control object,grp5_f7db29c0-MichaelFarrugia_35_Front.jpg,2,1,1,0,1,0,1.0,0.5,0.6667,0.5
Cosmos Reason2 2B,mtsd-p13,roadside traffic-control object,grp5_fc84e1fb-BenTaliana_3_Back.jpeg,2,1,0,1,2,0,0.0,0.0,0.0,0.0
Cosmos Reason2 2B,mtsd-p13,roadside traffic-control object,grp5_fea9ceb6-MichaelFarrugia_19_Back.jpg,2,1,1,0,1,0,1.0,0.5,0.6667,0.5
Cosmos Reason2 2B,mtsd-p13,roadside traffic-control object,grp5_ff6aaac1-MichaelFarrugia_43_Front.jpg,1,1,1,0,0,0,1.0,1.0,1.0,1.0
Cosmos Reason2 2B,mtsd-p13,roadside traffic-control object,grp6_0126954d-IMG_0235.JPG,1,0,0,0,1,0,0.0,0.0,0.0,0.0
Cosmos Reason2 2B,mtsd-p13,roadside traffic-control object,grp6_0d61ecda-IMG_6112.JPG,1,0,0,0,1,0,0.0,0.0,0.0,0.0
Cosmos Reason2 2B,mtsd-p13,roadside traffic-control object,grp6_0dbbcef1-IMG_6167.JPG,2,1,0,1,2,0,0.0,0.0,0.0,0.0
Cosmos Reason2 2B,mtsd-p13,roadside traffic-control object,grp6_1fffe58c-IMG_6250.JPG,2,1,1,0,1,0,1.0,0.5,0.6667,0.5
Cosmos Reason2 2B,mtsd-p13,roadside traffic-control object,grp6_205fffc2-Screenshot_2025-12-05_135424.png,3,1,0,1,3,0,0.0,0.0,0.0,0.0
Cosmos Reason2 2B,mtsd-p13,roadside traffic-control object,grp6_255dc793-IMG_0327.JPG,1,0,0,0,1,0,0.0,0.0,0.0,0.0
Cosmos Reason2 2B,mtsd-p13,roadside traffic-control object,grp6_264240ca-IMG_0303.JPG,1,0,0,0,1,0,0.0,0.0,0.0,0.0
Cosmos Reason2 2B,mtsd-p13,roadside traffic-control object,grp6_280e9cbc-IMG_0220.JPG,1,0,0,0,1,0,0.0,0.0,0.0,0.0
Cosmos Reason2 2B,mtsd-p13,roadside traffic-control object,grp6_34078a23-Screenshot_2025-12-05_144602.png,1,1,0,1,1,0,0.0,0.0,0.0,0.0
Cosmos Reason2 2B,mtsd-p13,roadside traffic-control object,grp6_344c75b8-Screenshot_2025-12-05_150942.png,1,1,0,1,1,0,0.0,0.0,0.0,0.0
Cosmos Reason2 2B,mtsd-p13,roadside traffic-control object,grp6_3721037e-IMG_0363.JPG,2,0,0,0,2,0,0.0,0.0,0.0,0.0
Cosmos Reason2 2B,mtsd-p13,roadside traffic-control object,grp6_37c705bd-IMG_6247.JPG,2,1,1,0,1,0,1.0,0.5,0.6667,0.5
Cosmos Reason2 2B,mtsd-p13,roadside traffic-control object,grp6_386a5fef-IMG_6231.JPG,2,1,1,0,1,0,1.0,0.5,0.6667,0.5
Cosmos Reason2 2B,mtsd-p13,roadside traffic-control object,grp6_3ce4063d-IMG_0217.JPG,1,0,0,0,1,0,0.0,0.0,0.0,0.0
Cosmos Reason2 2B,mtsd-p13,roadside traffic-control object,grp6_4c7d6d30-IMG_6226.JPG,2,1,0,1,2,0,0.0,0.0,0.0,0.0
Cosmos Reason2 2B,mtsd-p13,roadside traffic-control object,grp6_5dd0fd95-IMG_6225.JPG,1,1,0,1,1,0,0.0,0.0,0.0,0.0
Cosmos Reason2 2B,mtsd-p13,roadside traffic-control object,grp6_674b294f-Screenshot_2025-12-05_140949.png,3,1,0,1,3,0,0.0,0.0,0.0,0.0
Cosmos Reason2 2B,mtsd-p13,roadside traffic-control object,grp6_6b4047ef-IMG_6230.JPG,1,1,1,0,0,0,1.0,1.0,1.0,1.0
Cosmos Reason2 2B,mtsd-p13,roadside traffic-control object,grp6_6f66549b-IMG_0289.JPG,2,0,0,0,2,0,0.0,0.0,0.0,0.0
Cosmos Reason2 2B,mtsd-p13,roadside traffic-control object,grp6_7608155e-Screenshot_2025-12-05_135221.png,2,1,1,0,1,0,1.0,0.5,0.6667,0.5
Cosmos Reason2 2B,mtsd-p13,roadside traffic-control object,grp6_7a1ad0b4-IMG_0319.JPG,2,0,0,0,2,0,0.0,0.0,0.0,0.0
Cosmos Reason2 2B,mtsd-p13,roadside traffic-control object,grp6_8387f659-Screenshot_2025-12-05_134458.png,2,1,1,0,1,0,1.0,0.5,0.6667,0.5
Cosmos Reason2 2B,mtsd-p13,roadside traffic-control object,grp6_8be98e2c-IMG_6200.JPG,1,0,0,0,1,0,0.0,0.0,0.0,0.0
Cosmos Reason2 2B,mtsd-p13,roadside traffic-control object,grp6_8d7bc213-IMG_0237.JPG,1,0,0,0,1,0,0.0,0.0,0.0,0.0
Cosmos Reason2 2B,mtsd-p13,roadside traffic-control object,grp6_8dee1009-IMG_6205.JPG,7,1,0,1,7,0,0.0,0.0,0.0,0.0
Cosmos Reason2 2B,mtsd-p13,roadside traffic-control object,grp6_92b4ef64-IMG_6151.JPG,4,1,0,1,4,0,0.0,0.0,0.0,0.0
Cosmos Reason2 2B,mtsd-p13,roadside traffic-control object,grp6_98681b01-IMG_6123_2.JPG,2,1,1,0,1,0,1.0,0.5,0.6667,0.5
Cosmos Reason2 2B,mtsd-p13,roadside traffic-control object,grp6_9c79fb63-Screenshot_2025-12-05_143920.png,3,1,0,1,3,0,0.0,0.0,0.0,0.0
Cosmos Reason2 2B,mtsd-p13,roadside traffic-control object,grp6_9e084d7c-IMG_0221.JPG,2,1,0,1,2,0,0.0,0.0,0.0,0.0
Cosmos Reason2 2B,mtsd-p13,roadside traffic-control object,grp6_9e256948-IMG_0275.JPG,3,0,0,0,3,0,0.0,0.0,0.0,0.0
Cosmos Reason2 2B,mtsd-p13,roadside traffic-control object,grp6_a1b61997-Screenshot_2025-12-05_133641.png,1,1,0,1,1,0,0.0,0.0,0.0,0.0
Cosmos Reason2 2B,mtsd-p13,roadside traffic-control object,grp6_a7041b20-IMG_6175.JPG,6,1,0,1,6,0,0.0,0.0,0.0,0.0
Cosmos Reason2 2B,mtsd-p13,roadside traffic-control object,grp6_ad8b6cea-IMG_0342.JPG,2,0,0,0,2,0,0.0,0.0,0.0,0.0
Cosmos Reason2 2B,mtsd-p13,roadside traffic-control object,grp6_b1f0ac5c-IMG_0227.JPG,6,0,0,0,6,0,0.0,0.0,0.0,0.0
Cosmos Reason2 2B,mtsd-p13,roadside traffic-control object,grp6_ba6a303c-IMG_0314.JPG,7,1,0,1,7,0,0.0,0.0,0.0,0.0
Cosmos Reason2 2B,mtsd-p13,roadside traffic-control object,grp6_bf61cf6e-Screenshot_2025-12-05_142746.png,1,0,0,0,1,0,0.0,0.0,0.0,0.0
Cosmos Reason2 2B,mtsd-p13,roadside traffic-control object,grp6_c2b7f6e2-IMG_0300.JPG,2,0,0,0,2,0,0.0,0.0,0.0,0.0
Cosmos Reason2 2B,mtsd-p13,roadside traffic-control object,grp6_c8db20f0-IMG_6257.JPG,1,1,0,1,1,0,0.0,0.0,0.0,0.0
Cosmos Reason2 2B,mtsd-p13,roadside traffic-control object,grp6_cebbcc7c-Screenshot_2025-12-05_141232.png,2,1,0,1,2,0,0.0,0.0,0.0,0.0
Cosmos Reason2 2B,mtsd-p13,roadside traffic-control object,grp6_d2cebd4f-Screenshot_2025-12-05_145955.png,2,1,0,1,2,0,0.0,0.0,0.0,0.0
Cosmos Reason2 2B,mtsd-p13,roadside traffic-control object,grp6_d33c21c3-IMG_6246.JPG,1,1,1,0,0,0,1.0,1.0,1.0,1.0
Cosmos Reason2 2B,mtsd-p13,roadside traffic-control object,grp6_e18d6d29-IMG_0313.JPG,6,0,0,0,6,0,0.0,0.0,0.0,0.0
Cosmos Reason2 2B,mtsd-p13,roadside traffic-control object,grp6_e4194181-Screenshot_2025-12-05_124458.png,4,0,0,0,4,0,0.0,0.0,0.0,0.0
Cosmos Reason2 2B,mtsd-p13,roadside traffic-control object,grp6_e4766ab1-Screenshot_2025-12-05_134942.png,1,1,0,1,1,0,0.0,0.0,0.0,0.0
Cosmos Reason2 2B,mtsd-p13,roadside traffic-control object,grp6_ec035947-IMG_6142.JPG,1,1,0,1,1,0,0.0,0.0,0.0,0.0
Cosmos Reason2 2B,mtsd-p13,roadside traffic-control object,grp6_f6200360-IMG_6254.JPG,2,0,0,0,2,0,0.0,0.0,0.0,0.0
Cosmos Reason2 2B,mtsd-p13,roadside traffic-control object,grp6_fb7a099a-Screenshot_2025-12-05_134245.png,1,1,1,0,0,0,1.0,1.0,1.0,1.0
Cosmos Reason2 2B,mtsd-p13,roadside traffic-control object,grp7_01ba126c-IMG_1741.jpg,1,1,1,0,0,0,1.0,1.0,1.0,1.0
Cosmos Reason2 2B,mtsd-p13,roadside traffic-control object,grp7_0c242d9c-IMG_1860.jpg,2,1,0,1,2,0,0.0,0.0,0.0,0.0
Cosmos Reason2 2B,mtsd-p13,roadside traffic-control object,grp7_0c807ae1-IMG_1804.jpg,1,1,0,1,1,0,0.0,0.0,0.0,0.0
Cosmos Reason2 2B,mtsd-p13,roadside traffic-control object,grp7_0cc91b71-IMG_2114.JPG,1,0,0,0,1,0,0.0,0.0,0.0,0.0
Cosmos Reason2 2B,mtsd-p13,roadside traffic-control object,grp7_0d0b2421-20251215_151900.jpg,1,1,1,0,0,0,1.0,1.0,1.0,1.0
Cosmos Reason2 2B,mtsd-p13,roadside traffic-control object,grp7_133305c1-IMG_6701.jpeg,1,1,0,1,1,0,0.0,0.0,0.0,0.0
Cosmos Reason2 2B,mtsd-p13,roadside traffic-control object,grp7_17ffbc31-IMG_6632.jpeg,2,1,0,1,2,0,0.0,0.0,0.0,0.0
Cosmos Reason2 2B,mtsd-p13,roadside traffic-control object,grp7_18034905-IMG_6798.jpeg,1,1,1,0,0,0,1.0,1.0,1.0,1.0
Cosmos Reason2 2B,mtsd-p13,roadside traffic-control object,grp7_21763d41-IMG_1815.jpg,1,0,0,0,1,0,0.0,0.0,0.0,0.0
Cosmos Reason2 2B,mtsd-p13,roadside traffic-control object,grp7_27403473-IMG_2301.JPG,1,0,0,0,1,0,0.0,0.0,0.0,0.0
Cosmos Reason2 2B,mtsd-p13,roadside traffic-control object,grp7_3199d5af-IMG_6619.jpeg,6,1,0,1,6,0,0.0,0.0,0.0,0.0
Cosmos Reason2 2B,mtsd-p13,roadside traffic-control object,grp7_3335816b-IMG_1863.jpg,3,1,0,1,3,0,0.0,0.0,0.0,0.0
Cosmos Reason2 2B,mtsd-p13,roadside traffic-control object,grp7_36174e45-IMG_6745.jpeg,1,1,0,1,1,0,0.0,0.0,0.0,0.0
Cosmos Reason2 2B,mtsd-p13,roadside traffic-control object,grp7_3acb0651-IMG_1793.jpg,1,1,0,1,1,0,0.0,0.0,0.0,0.0
Cosmos Reason2 2B,mtsd-p13,roadside traffic-control object,grp7_3dfa77dc-20251215_142747.jpg,1,1,0,1,1,0,0.0,0.0,0.0,0.0
Cosmos Reason2 2B,mtsd-p13,roadside traffic-control object,grp7_40a131c0-20251215_144819.jpg,1,1,0,1,1,0,0.0,0.0,0.0,0.0
Cosmos Reason2 2B,mtsd-p13,roadside traffic-control object,grp7_41dd064f-IMG_2332.JPG,4,1,0,1,4,0,0.0,0.0,0.0,0.0
Cosmos Reason2 2B,mtsd-p13,roadside traffic-control object,grp7_46129e9c-IMG_6657.jpeg,8,1,0,1,8,0,0.0,0.0,0.0,0.0
Cosmos Reason2 2B,mtsd-p13,roadside traffic-control object,grp7_4c22ebaa-IMG_6807.jpeg,3,1,0,1,3,0,0.0,0.0,0.0,0.0
Cosmos Reason2 2B,mtsd-p13,roadside traffic-control object,grp7_4f01ce86-IMG_1927.jpg,1,0,0,0,1,0,0.0,0.0,0.0,0.0
Cosmos Reason2 2B,mtsd-p13,roadside traffic-control object,grp7_50fb19de-IMG_1779.jpg,1,0,0,0,1,0,0.0,0.0,0.0,0.0
Cosmos Reason2 2B,mtsd-p13,roadside traffic-control object,grp7_51efaffb-IMG_2323.JPG,3,1,1,0,2,0,1.0,0.3333,0.5,0.3333
Cosmos Reason2 2B,mtsd-p13,roadside traffic-control object,grp7_55fe17bd-IMG_6660.jpeg,3,1,1,0,2,0,1.0,0.3333,0.5,0.3333
Cosmos Reason2 2B,mtsd-p13,roadside traffic-control object,grp7_579cc71b-IMG_1928.jpg,1,0,0,0,1,0,0.0,0.0,0.0,0.0
Cosmos Reason2 2B,mtsd-p13,roadside traffic-control object,grp7_57ce1f54-20251215_150337.jpg,1,1,0,1,1,0,0.0,0.0,0.0,0.0
Cosmos Reason2 2B,mtsd-p13,roadside traffic-control object,grp7_5fe0adac-IMG_2351.JPG,2,1,0,1,2,0,0.0,0.0,0.0,0.0
Cosmos Reason2 2B,mtsd-p13,roadside traffic-control object,grp7_65ce4c26-IMG_1752.jpg,2,1,0,1,2,0,0.0,0.0,0.0,0.0
Cosmos Reason2 2B,mtsd-p13,roadside traffic-control object,grp7_66312f27-IMG_1789.jpg,1,0,0,0,1,0,0.0,0.0,0.0,0.0
Cosmos Reason2 2B,mtsd-p13,roadside traffic-control object,grp7_6dd51e97-IMG_6617.jpeg,1,1,0,1,1,0,0.0,0.0,0.0,0.0
Cosmos Reason2 2B,mtsd-p13,roadside traffic-control object,grp7_70806c3a-20251206_161309.jpg,2,1,0,1,2,0,0.0,0.0,0.0,0.0
Cosmos Reason2 2B,mtsd-p13,roadside traffic-control object,grp7_81ace7bd-IMG_1823.jpg,2,0,0,0,2,0,0.0,0.0,0.0,0.0
Cosmos Reason2 2B,mtsd-p13,roadside traffic-control object,grp7_85e21f65-IMG_1888.jpg,2,1,0,1,2,0,0.0,0.0,0.0,0.0
Cosmos Reason2 2B,mtsd-p13,roadside traffic-control object,grp7_87ab4012-IMG_1929.jpg,1,1,0,1,1,0,0.0,0.0,0.0,0.0
Cosmos Reason2 2B,mtsd-p13,roadside traffic-control object,grp7_897df19a-IMG_2311.JPG,3,1,0,1,3,0,0.0,0.0,0.0,0.0
Cosmos Reason2 2B,mtsd-p13,roadside traffic-control object,grp7_8a80058d-20251215_151420.jpg,1,1,0,1,1,0,0.0,0.0,0.0,0.0
Cosmos Reason2 2B,mtsd-p13,roadside traffic-control object,grp7_8b5130c3-IMG_1856.jpg,1,1,0,1,1,0,0.0,0.0,0.0,0.0
Cosmos Reason2 2B,mtsd-p13,roadside traffic-control object,grp7_8c70ced7-IMG_6778.jpeg,1,1,1,0,0,0,1.0,1.0,1.0,1.0
Cosmos Reason2 2B,mtsd-p13,roadside traffic-control object,grp7_8e1e7992-IMG_6659.jpeg,11,1,0,1,11,0,0.0,0.0,0.0,0.0
Cosmos Reason2 2B,mtsd-p13,roadside traffic-control object,grp7_90de2b4a-IMG_6620.jpeg,5,1,0,1,5,0,0.0,0.0,0.0,0.0
Cosmos Reason2 2B,mtsd-p13,roadside traffic-control object,grp7_917e5bd8-IMG_2117.JPG,1,1,1,0,0,0,1.0,1.0,1.0,1.0
Cosmos Reason2 2B,mtsd-p13,roadside traffic-control object,grp7_93d54be7-IMG_6607.jpeg,3,1,1,0,2,0,1.0,0.3333,0.5,0.3333
Cosmos Reason2 2B,mtsd-p13,roadside traffic-control object,grp7_998eacf2-IMG_6613.jpeg,1,1,0,1,1,0,0.0,0.0,0.0,0.0
Cosmos Reason2 2B,mtsd-p13,roadside traffic-control object,grp7_9ceccc7e-IMG_2183.JPG,4,1,0,1,4,0,0.0,0.0,0.0,0.0
Cosmos Reason2 2B,mtsd-p13,roadside traffic-control object,grp7_a685cd57-IMG_2291.JPG,1,1,0,1,1,0,0.0,0.0,0.0,0.0
Cosmos Reason2 2B,mtsd-p13,roadside traffic-control object,grp7_ab2ec440-IMG_2148.JPG,2,1,1,0,1,0,1.0,0.5,0.6667,0.5
Cosmos Reason2 2B,mtsd-p13,roadside traffic-control object,grp7_b1489edd-IMG_1891.jpg,1,0,0,0,1,0,0.0,0.0,0.0,0.0
Cosmos Reason2 2B,mtsd-p13,roadside traffic-control object,grp7_b3afe886-IMG_1875.jpg,1,0,0,0,1,0,0.0,0.0,0.0,0.0
Cosmos Reason2 2B,mtsd-p13,roadside traffic-control object,grp7_b45f5f31-IMG_2274.JPG,3,1,0,1,3,0,0.0,0.0,0.0,0.0
Cosmos Reason2 2B,mtsd-p13,roadside traffic-control object,grp7_b552bf33-20251215_150109.jpg,1,1,1,0,0,0,1.0,1.0,1.0,1.0
Cosmos Reason2 2B,mtsd-p13,roadside traffic-control object,grp7_b65b2b8e-20251215_143141.jpg,2,1,0,1,2,0,0.0,0.0,0.0,0.0
Cosmos Reason2 2B,mtsd-p13,roadside traffic-control object,grp7_bd29943d-IMG_1733.jpg,2,1,0,1,2,0,0.0,0.0,0.0,0.0
Cosmos Reason2 2B,mtsd-p13,roadside traffic-control object,grp7_c1a8ff54-IMG_1721.jpg,1,1,1,0,0,0,1.0,1.0,1.0,1.0
Cosmos Reason2 2B,mtsd-p13,roadside traffic-control object,grp7_c1d05649-IMG_2109.JPG,2,0,0,0,2,0,0.0,0.0,0.0,0.0
Cosmos Reason2 2B,mtsd-p13,roadside traffic-control object,grp7_c1e32eff-IMG_1769.jpg,2,0,0,0,2,0,0.0,0.0,0.0,0.0
Cosmos Reason2 2B,mtsd-p13,roadside traffic-control object,grp7_c21d51bf-IMG_6622.jpeg,10,0,0,0,10,0,0.0,0.0,0.0,0.0
Cosmos Reason2 2B,mtsd-p13,roadside traffic-control object,grp7_c3ab6f98-IMG_2186.JPG,1,0,0,0,1,0,0.0,0.0,0.0,0.0
Cosmos Reason2 2B,mtsd-p13,roadside traffic-control object,grp7_cddeeb7f-IMG_6636.jpeg,10,1,0,1,10,0,0.0,0.0,0.0,0.0
Cosmos Reason2 2B,mtsd-p13,roadside traffic-control object,grp7_d36e330f-20251215_150902.jpg,1,1,0,1,1,0,0.0,0.0,0.0,0.0
Cosmos Reason2 2B,mtsd-p13,roadside traffic-control object,grp7_d5464bd2-IMG_6729.jpeg,8,1,1,0,7,0,1.0,0.125,0.2222,0.125
Cosmos Reason2 2B,mtsd-p13,roadside traffic-control object,grp7_d7ded33c-IMG_6742.jpeg,8,1,1,0,7,0,1.0,0.125,0.2222,0.125
Cosmos Reason2 2B,mtsd-p13,roadside traffic-control object,grp7_db87303d-20251215_144613.jpg,1,1,1,0,0,0,1.0,1.0,1.0,1.0
Cosmos Reason2 2B,mtsd-p13,roadside traffic-control object,grp7_dfd0a665-IMG_2360.JPG,7,1,1,0,6,0,1.0,0.1429,0.25,0.1429
Cosmos Reason2 2B,mtsd-p13,roadside traffic-control object,grp7_e16f743b-IMG_1838.jpg,1,0,0,0,1,0,0.0,0.0,0.0,0.0
Cosmos Reason2 2B,mtsd-p13,roadside traffic-control object,grp7_ef1c0521-IMG_1930.jpg,1,0,0,0,1,0,0.0,0.0,0.0,0.0
Cosmos Reason2 2B,mtsd-p13,roadside traffic-control object,grp7_ef873d66-20251215_143818.jpg,3,2,1,1,2,0,0.5,0.3333,0.4,0.25
Cosmos Reason2 2B,mtsd-p13,roadside traffic-control object,grp7_f5c11235-IMG_2319.JPG,6,0,0,0,6,0,0.0,0.0,0.0,0.0
Cosmos Reason2 2B,mtsd-p13,roadside traffic-control object,grp7_f6c47dc2-IMG_2182.JPG,2,0,0,0,2,0,0.0,0.0,0.0,0.0
Cosmos Reason2 2B,mtsd-p13,roadside traffic-control object,grp7_f74b48d8-IMG_1768.jpg,1,0,0,0,1,0,0.0,0.0,0.0,0.0
Cosmos Reason2 2B,mtsd-p13,roadside traffic-control object,grp7_f7f0f5bb-IMG_6628.jpeg,1,1,1,0,0,0,1.0,1.0,1.0,1.0
Cosmos Reason2 2B,mtsd-p13,roadside traffic-control object,grp7_fb3a590f-IMG_6793.jpeg,3,1,0,1,3,0,0.0,0.0,0.0,0.0
Cosmos Reason2 2B,mtsd-p13,roadside traffic-control object,grp7_ffcca6e4-IMG_6603.jpeg,1,1,1,0,0,0,1.0,1.0,1.0,1.0
Cosmos Reason2 2B,mtsd-p13,roadside traffic-control object,grp8_04258956-back.jpg,2,0,0,0,2,0,0.0,0.0,0.0,0.0
Cosmos Reason2 2B,mtsd-p13,roadside traffic-control object,grp8_0487e0f7-front.jpg,1,0,0,0,1,0,0.0,0.0,0.0,0.0
Cosmos Reason2 2B,mtsd-p13,roadside traffic-control object,grp8_06980edd-front.jpg,18,1,1,0,17,0,1.0,0.0556,0.1053,0.0556
Cosmos Reason2 2B,mtsd-p13,roadside traffic-control object,grp8_0ce3445a-front.jpg,2,1,1,0,1,0,1.0,0.5,0.6667,0.5
Cosmos Reason2 2B,mtsd-p13,roadside traffic-control object,grp8_0d18b07a-IMG_0224.JPG,2,0,0,0,2,0,0.0,0.0,0.0,0.0
Cosmos Reason2 2B,mtsd-p13,roadside traffic-control object,grp8_1023d97f-front.jpg,9,1,1,0,8,0,1.0,0.1111,0.2,0.1111
Cosmos Reason2 2B,mtsd-p13,roadside traffic-control object,grp8_14aaa44c-IMG_0211.JPG,1,1,0,1,1,0,0.0,0.0,0.0,0.0
Cosmos Reason2 2B,mtsd-p13,roadside traffic-control object,grp8_15b9a2f4-Back.jpg,8,1,0,1,8,0,0.0,0.0,0.0,0.0
Cosmos Reason2 2B,mtsd-p13,roadside traffic-control object,grp8_1b5dcc93-back.jpg,5,1,0,1,5,0,0.0,0.0,0.0,0.0
Cosmos Reason2 2B,mtsd-p13,roadside traffic-control object,grp8_1e3225cd-IMG_0085.jpg,1,1,0,1,1,0,0.0,0.0,0.0,0.0
Cosmos Reason2 2B,mtsd-p13,roadside traffic-control object,grp8_244bea95-back.jpg,2,0,0,0,2,0,0.0,0.0,0.0,0.0
Cosmos Reason2 2B,mtsd-p13,roadside traffic-control object,grp8_2aed70e2-front.jpg,1,1,0,1,1,0,0.0,0.0,0.0,0.0
Cosmos Reason2 2B,mtsd-p13,roadside traffic-control object,grp8_2d237c79-side.jpg,4,1,1,0,3,0,1.0,0.25,0.4,0.25
Cosmos Reason2 2B,mtsd-p13,roadside traffic-control object,grp8_2d73c181-back.jpg,3,0,0,0,3,0,0.0,0.0,0.0,0.0
Cosmos Reason2 2B,mtsd-p13,roadside traffic-control object,grp8_2e0ed656-front.jpg,2,1,1,0,1,0,1.0,0.5,0.6667,0.5
Cosmos Reason2 2B,mtsd-p13,roadside traffic-control object,grp8_3799bcb2-side.jpg,5,1,0,1,5,0,0.0,0.0,0.0,0.0
Cosmos Reason2 2B,mtsd-p13,roadside traffic-control object,grp8_3ab29317-front.jpg,1,1,0,1,1,0,0.0,0.0,0.0,0.0
Cosmos Reason2 2B,mtsd-p13,roadside traffic-control object,grp8_3b4e798b-front.jpg,5,1,0,1,5,0,0.0,0.0,0.0,0.0
Cosmos Reason2 2B,mtsd-p13,roadside traffic-control object,grp8_3e16c892-IMG_0188.JPG,1,1,0,1,1,0,0.0,0.0,0.0,0.0
Cosmos Reason2 2B,mtsd-p13,roadside traffic-control object,grp8_41de0558-Side.jpg,1,1,1,0,0,0,1.0,1.0,1.0,1.0
Cosmos Reason2 2B,mtsd-p13,roadside traffic-control object,grp8_4682619f-back.jpg,7,0,0,0,7,0,0.0,0.0,0.0,0.0
Cosmos Reason2 2B,mtsd-p13,roadside traffic-control object,grp8_4802289d-side.jpg,1,1,1,0,0,0,1.0,1.0,1.0,1.0
Cosmos Reason2 2B,mtsd-p13,roadside traffic-control object,grp8_4c496fb4-side.jpg,1,1,0,1,1,0,0.0,0.0,0.0,0.0
Cosmos Reason2 2B,mtsd-p13,roadside traffic-control object,grp8_4fe75feb-IMG_0243.JPG,6,0,0,0,6,0,0.0,0.0,0.0,0.0
Cosmos Reason2 2B,mtsd-p13,roadside traffic-control object,grp8_5043579c-side.jpg,1,1,0,1,1,0,0.0,0.0,0.0,0.0
Cosmos Reason2 2B,mtsd-p13,roadside traffic-control object,grp8_555bcf3a-front.jpg,1,1,0,1,1,0,0.0,0.0,0.0,0.0
Cosmos Reason2 2B,mtsd-p13,roadside traffic-control object,grp8_562e48f6-front.jpg,2,1,1,0,1,0,1.0,0.5,0.6667,0.5
Cosmos Reason2 2B,mtsd-p13,roadside traffic-control object,grp8_58176912-front.jpg,1,0,0,0,1,0,0.0,0.0,0.0,0.0
Cosmos Reason2 2B,mtsd-p13,roadside traffic-control object,grp8_58621eda-IMG_0203.JPG,1,0,0,0,1,0,0.0,0.0,0.0,0.0
Cosmos Reason2 2B,mtsd-p13,roadside traffic-control object,grp8_59dbbf2e-side.jpg,3,0,0,0,3,0,0.0,0.0,0.0,0.0
Cosmos Reason2 2B,mtsd-p13,roadside traffic-control object,grp8_5abf970a-side.jpg,1,0,0,0,1,0,0.0,0.0,0.0,0.0
Cosmos Reason2 2B,mtsd-p13,roadside traffic-control object,grp8_5f257ae9-IMG_0112.jpg,1,1,1,0,0,0,1.0,1.0,1.0,1.0
Cosmos Reason2 2B,mtsd-p13,roadside traffic-control object,grp8_646a4174-side.jpg,2,1,1,0,1,0,1.0,0.5,0.6667,0.5
Cosmos Reason2 2B,mtsd-p13,roadside traffic-control object,grp8_6b72502b-back.jpg,1,1,0,1,1,0,0.0,0.0,0.0,0.0
Cosmos Reason2 2B,mtsd-p13,roadside traffic-control object,grp8_70a9ea7f-side.jpg,2,1,1,0,1,0,1.0,0.5,0.6667,0.5
Cosmos Reason2 2B,mtsd-p13,roadside traffic-control object,grp8_73e17aa1-back.jpg,1,0,0,0,1,0,0.0,0.0,0.0,0.0
Cosmos Reason2 2B,mtsd-p13,roadside traffic-control object,grp8_74a729c2-IMG_0138.jpg,3,1,0,1,3,0,0.0,0.0,0.0,0.0
Cosmos Reason2 2B,mtsd-p13,roadside traffic-control object,grp8_77233a9d-IMG_0190_Blurred.JPG,5,1,0,1,5,0,0.0,0.0,0.0,0.0
Cosmos Reason2 2B,mtsd-p13,roadside traffic-control object,grp8_7cc436b9-Back.jpg,2,1,0,1,2,0,0.0,0.0,0.0,0.0
Cosmos Reason2 2B,mtsd-p13,roadside traffic-control object,grp8_838e07cd-IMG_0097.jpg,2,1,1,0,1,0,1.0,0.5,0.6667,0.5
Cosmos Reason2 2B,mtsd-p13,roadside traffic-control object,grp8_87d39243-IMG_0210.JPG,1,0,0,0,1,0,0.0,0.0,0.0,0.0
Cosmos Reason2 2B,mtsd-p13,roadside traffic-control object,grp8_8bd74996-side.jpg,1,0,0,0,1,0,0.0,0.0,0.0,0.0
Cosmos Reason2 2B,mtsd-p13,roadside traffic-control object,grp8_8dc5354c-IMG_0141.JPG,1,1,0,1,1,0,0.0,0.0,0.0,0.0
Cosmos Reason2 2B,mtsd-p13,roadside traffic-control object,grp8_8e544be4-side.jpg,2,1,0,1,2,0,0.0,0.0,0.0,0.0
Cosmos Reason2 2B,mtsd-p13,roadside traffic-control object,grp8_8edb630b-IMG_0208.JPG,1,1,0,1,1,0,0.0,0.0,0.0,0.0
Cosmos Reason2 2B,mtsd-p13,roadside traffic-control object,grp8_8ff667a0-IMG_0209.JPG,1,0,0,0,1,0,0.0,0.0,0.0,0.0
Cosmos Reason2 2B,mtsd-p13,roadside traffic-control object,grp8_9a101d8f-side.jpg,2,1,0,1,2,0,0.0,0.0,0.0,0.0
Cosmos Reason2 2B,mtsd-p13,roadside traffic-control object,grp8_9f69e083-Front.jpg,2,1,1,0,1,0,1.0,0.5,0.6667,0.5
Cosmos Reason2 2B,mtsd-p13,roadside traffic-control object,grp8_a27e76cc-back.jpg,1,1,0,1,1,0,0.0,0.0,0.0,0.0
Cosmos Reason2 2B,mtsd-p13,roadside traffic-control object,grp8_aa3bff09-side.jpg,2,1,1,0,1,0,1.0,0.5,0.6667,0.5
Cosmos Reason2 2B,mtsd-p13,roadside traffic-control object,grp8_aafe9a1b-front.jpg,1,1,1,0,0,0,1.0,1.0,1.0,1.0
Cosmos Reason2 2B,mtsd-p13,roadside traffic-control object,grp8_ad4861cb-back.jpg,2,0,0,0,2,0,0.0,0.0,0.0,0.0
Cosmos Reason2 2B,mtsd-p13,roadside traffic-control object,grp8_aeadaf7d-Side.jpg,1,1,0,1,1,0,0.0,0.0,0.0,0.0
Cosmos Reason2 2B,mtsd-p13,roadside traffic-control object,grp8_aec35ad8-back.jpg,7,0,0,0,7,0,0.0,0.0,0.0,0.0
Cosmos Reason2 2B,mtsd-p13,roadside traffic-control object,grp8_b1123daa-front.jpg,2,1,1,0,1,0,1.0,0.5,0.6667,0.5
Cosmos Reason2 2B,mtsd-p13,roadside traffic-control object,grp8_b6ae6e3d-back.jpg,3,1,0,1,3,0,0.0,0.0,0.0,0.0
Cosmos Reason2 2B,mtsd-p13,roadside traffic-control object,grp8_b9028e28-side.jpg,4,1,0,1,4,0,0.0,0.0,0.0,0.0
Cosmos Reason2 2B,mtsd-p13,roadside traffic-control object,grp8_c01f5341-IMG_0123.jpg,3,1,0,1,3,0,0.0,0.0,0.0,0.0
Cosmos Reason2 2B,mtsd-p13,roadside traffic-control object,grp8_c89fb86b-IMG_0117.jpg,1,1,1,0,0,0,1.0,1.0,1.0,1.0
Cosmos Reason2 2B,mtsd-p13,roadside traffic-control object,grp8_c96fcc1a-IMG_0217.JPG,1,0,0,0,1,0,0.0,0.0,0.0,0.0
Cosmos Reason2 2B,mtsd-p13,roadside traffic-control object,grp8_d8a4fa9b-front.jpg,1,0,0,0,1,0,0.0,0.0,0.0,0.0
Cosmos Reason2 2B,mtsd-p13,roadside traffic-control object,grp8_d8e91d56-side.jpg,4,0,0,0,4,0,0.0,0.0,0.0,0.0
Cosmos Reason2 2B,mtsd-p13,roadside traffic-control object,grp8_dd88f02c-IMG_0092.jpg,1,1,1,0,0,0,1.0,1.0,1.0,1.0
Cosmos Reason2 2B,mtsd-p13,roadside traffic-control object,grp8_ea4926f3-side.jpg,1,1,1,0,0,0,1.0,1.0,1.0,1.0
Cosmos Reason2 2B,mtsd-p13,roadside traffic-control object,grp8_ebf4ab1a-IMG_0198.JPG,1,0,0,0,1,0,0.0,0.0,0.0,0.0
Cosmos Reason2 2B,mtsd-p13,roadside traffic-control object,grp8_edb6fab3-IMG_0189.JPG,4,0,0,0,4,0,0.0,0.0,0.0,0.0
Cosmos Reason2 2B,mtsd-p13,roadside traffic-control object,grp8_f07ed5ce-Side.jpg,1,1,1,0,0,0,1.0,1.0,1.0,1.0
Cosmos Reason2 2B,mtsd-p13,roadside traffic-control object,grp8_f3e45a2c-front.jpg,1,1,1,0,0,0,1.0,1.0,1.0,1.0
Cosmos Reason2 2B,mtsd-p13,roadside traffic-control object,grp8_f5d48b4c-front.jpg,2,0,0,0,2,0,0.0,0.0,0.0,0.0
Cosmos Reason2 2B,mtsd-p13,roadside traffic-control object,grp8_fc124a5b-Back.jpg,5,1,1,0,4,0,1.0,0.2,0.3333,0.2
Cosmos Reason2 2B,mtsd-p13,roadside traffic-control object,grp8_fc6650ab-front.jpg,1,1,1,0,0,0,1.0,1.0,1.0,1.0
Cosmos Reason2 2B,mtsd-p13,roadside traffic-control object,grp9_00e70ac4-IMG_20251111_140913.jpg,1,1,0,1,1,0,0.0,0.0,0.0,0.0
Cosmos Reason2 2B,mtsd-p13,roadside traffic-control object,grp9_01e24ee9-IMG_20251106_145403.jpg,9,1,0,1,9,0,0.0,0.0,0.0,0.0
Cosmos Reason2 2B,mtsd-p13,roadside traffic-control object,grp9_01ed8620-IMG_20251111_162316.jpg,7,1,0,1,7,0,0.0,0.0,0.0,0.0
Cosmos Reason2 2B,mtsd-p13,roadside traffic-control object,grp9_04c8a7cf-IMG_20251211_162331.jpg,1,1,0,1,1,0,0.0,0.0,0.0,0.0
Cosmos Reason2 2B,mtsd-p13,roadside traffic-control object,grp9_0ee59f09-M8_side.jpg,1,1,0,1,1,0,0.0,0.0,0.0,0.0
Cosmos Reason2 2B,mtsd-p13,roadside traffic-control object,grp9_109ae844-20251122_134645.jpg,1,0,0,0,1,0,0.0,0.0,0.0,0.0
Cosmos Reason2 2B,mtsd-p13,roadside traffic-control object,grp9_10b6edc4-IMG_20251112_160648.jpg,3,1,0,1,3,0,0.0,0.0,0.0,0.0
Cosmos Reason2 2B,mtsd-p13,roadside traffic-control object,grp9_14b6af7e-IMG_20251106_142858.jpg,1,1,1,0,0,0,1.0,1.0,1.0,1.0
Cosmos Reason2 2B,mtsd-p13,roadside traffic-control object,grp9_1792c5c3-WhatsApp_Image_2026-01-03_at_18.45.37.jpeg,2,1,0,1,2,0,0.0,0.0,0.0,0.0
Cosmos Reason2 2B,mtsd-p13,roadside traffic-control object,grp9_1f50c9e9-WhatsApp_Image_2026-01-01_at_18.13.18.jpeg,1,1,1,0,0,0,1.0,1.0,1.0,1.0
Cosmos Reason2 2B,mtsd-p13,roadside traffic-control object,grp9_21d58e17-S3_back.jpg,1,0,0,0,1,0,0.0,0.0,0.0,0.0
Cosmos Reason2 2B,mtsd-p13,roadside traffic-control object,grp9_24a6f4e2-20251122_141915.jpg,2,1,0,1,2,0,0.0,0.0,0.0,0.0
Cosmos Reason2 2B,mtsd-p13,roadside traffic-control object,grp9_29bd496f-IMG_20251106_153126.jpg,3,1,0,1,3,0,0.0,0.0,0.0,0.0
Cosmos Reason2 2B,mtsd-p13,roadside traffic-control object,grp9_2c12e74f-IMG_20251106_141727.jpg,1,1,0,1,1,0,0.0,0.0,0.0,0.0
Cosmos Reason2 2B,mtsd-p13,roadside traffic-control object,grp9_31a93fb3-20251122_141601.jpg,1,1,0,1,1,0,0.0,0.0,0.0,0.0
Cosmos Reason2 2B,mtsd-p13,roadside traffic-control object,grp9_3724af9d-IMG_20251106_144506.jpg,1,1,1,0,0,0,1.0,1.0,1.0,1.0
Cosmos Reason2 2B,mtsd-p13,roadside traffic-control object,grp9_37f0c8a3-IMG_20251111_162207.jpg,11,1,0,1,11,0,0.0,0.0,0.0,0.0
Cosmos Reason2 2B,mtsd-p13,roadside traffic-control object,grp9_3cb31cc9-IMG_20251106_141426.jpg,3,1,1,0,2,0,1.0,0.3333,0.5,0.3333
Cosmos Reason2 2B,mtsd-p13,roadside traffic-control object,grp9_42edbee1-IMG_20251210_142157.jpg,8,1,0,1,8,0,0.0,0.0,0.0,0.0
Cosmos Reason2 2B,mtsd-p13,roadside traffic-control object,grp9_4319ca3a-WhatsApp_Image_2026-01-03_at_18.45.41.jpeg,2,1,0,1,2,0,0.0,0.0,0.0,0.0
Cosmos Reason2 2B,mtsd-p13,roadside traffic-control object,grp9_441ca6d9-WhatsApp_Image_2026-01-03_at_18.45.36_2.jpeg,3,0,0,0,3,0,0.0,0.0,0.0,0.0
Cosmos Reason2 2B,mtsd-p13,roadside traffic-control object,grp9_44654df9-WhatsApp_Image_2026-01-03_at_18.45.36_3.jpeg,1,1,1,0,0,0,1.0,1.0,1.0,1.0
Cosmos Reason2 2B,mtsd-p13,roadside traffic-control object,grp9_48f9d230-IMG_20251112_155513.jpg,5,1,0,1,5,0,0.0,0.0,0.0,0.0
Cosmos Reason2 2B,mtsd-p13,roadside traffic-control object,grp9_4a9c7d83-IMG_20251111_143857.jpg,4,1,1,0,3,0,1.0,0.25,0.4,0.25
Cosmos Reason2 2B,mtsd-p13,roadside traffic-control object,grp9_4d9da647-IMG_20251112_160636.jpg,1,1,1,0,0,0,1.0,1.0,1.0,1.0
Cosmos Reason2 2B,mtsd-p13,roadside traffic-control object,grp9_561ba1c4-IMG_20251111_162044.jpg,9,0,0,0,9,0,0.0,0.0,0.0,0.0
Cosmos Reason2 2B,mtsd-p13,roadside traffic-control object,grp9_58c8b920-IMG_20251106_153249.jpg,2,1,1,0,1,0,1.0,0.5,0.6667,0.5
Cosmos Reason2 2B,mtsd-p13,roadside traffic-control object,grp9_5b67e831-IMG_20251106_155530.jpg,2,1,0,1,2,0,0.0,0.0,0.0,0.0
Cosmos Reason2 2B,mtsd-p13,roadside traffic-control object,grp9_636a2125-IMG_20251111_155635.jpg,1,1,1,0,0,0,1.0,1.0,1.0,1.0
Cosmos Reason2 2B,mtsd-p13,roadside traffic-control object,grp9_673470fc-IMG_20251111_160954.jpg,17,11,0,11,17,0,0.0,0.0,0.0,0.0
Cosmos Reason2 2B,mtsd-p13,roadside traffic-control object,grp9_6867b383-IMG_20251111_160020.jpg,1,1,0,1,1,0,0.0,0.0,0.0,0.0
Cosmos Reason2 2B,mtsd-p13,roadside traffic-control object,grp9_6ad958e6-IMG_20251112_155635.jpg,1,1,0,1,1,0,0.0,0.0,0.0,0.0
Cosmos Reason2 2B,mtsd-p13,roadside traffic-control object,grp9_6adfb65e-WhatsApp_Image_2026-01-01_at_18.13.00_2.jpeg,4,0,0,0,4,0,0.0,0.0,0.0,0.0
Cosmos Reason2 2B,mtsd-p13,roadside traffic-control object,grp9_6e84abf6-IMG_20251106_145409.jpg,2,1,0,1,2,0,0.0,0.0,0.0,0.0
Cosmos Reason2 2B,mtsd-p13,roadside traffic-control object,grp9_73c5c90a-IMG_20251106_152941.jpg,3,1,0,1,3,0,0.0,0.0,0.0,0.0
Cosmos Reason2 2B,mtsd-p13,roadside traffic-control object,grp9_76700fa1-IMG_20251111_162238.jpg,12,1,0,1,12,0,0.0,0.0,0.0,0.0
Cosmos Reason2 2B,mtsd-p13,roadside traffic-control object,grp9_7b22f970-IMG_20251106_152243.jpg,2,1,0,1,2,0,0.0,0.0,0.0,0.0
Cosmos Reason2 2B,mtsd-p13,roadside traffic-control object,grp9_7d690022-WhatsApp_Image_2026-01-03_at_18.45.17_5.jpeg,1,0,0,0,1,0,0.0,0.0,0.0,0.0
Cosmos Reason2 2B,mtsd-p13,roadside traffic-control object,grp9_815852c2-IMG_20251112_155220.jpg,6,1,0,1,6,0,0.0,0.0,0.0,0.0
Cosmos Reason2 2B,mtsd-p13,roadside traffic-control object,grp9_91c9ea8f-IMG_20251112_162243.jpg,2,1,1,0,1,0,1.0,0.5,0.6667,0.5
Cosmos Reason2 2B,mtsd-p13,roadside traffic-control object,grp9_93cceec3-IMG_20251112_162528.jpg,1,1,1,0,0,0,1.0,1.0,1.0,1.0
Cosmos Reason2 2B,mtsd-p13,roadside traffic-control object,grp9_a133d565-WhatsApp_Image_2026-01-01_at_18.13.09.jpeg,3,0,0,0,3,0,0.0,0.0,0.0,0.0
Cosmos Reason2 2B,mtsd-p13,roadside traffic-control object,grp9_a3c63c83-IMG_20251112_162857.jpg,3,1,0,1,3,0,0.0,0.0,0.0,0.0
Cosmos Reason2 2B,mtsd-p13,roadside traffic-control object,grp9_a6b8460c-20251122_140515.jpg,3,1,1,0,2,0,1.0,0.3333,0.5,0.3333
Cosmos Reason2 2B,mtsd-p13,roadside traffic-control object,grp9_a745c9e2-IMG_20251106_152554.jpg,4,1,0,1,4,0,0.0,0.0,0.0,0.0
Cosmos Reason2 2B,mtsd-p13,roadside traffic-control object,grp9_a7e54ad2-IMG_20251210_141604.jpg,1,1,1,0,0,0,1.0,1.0,1.0,1.0
Cosmos Reason2 2B,mtsd-p13,roadside traffic-control object,grp9_ae723934-WhatsApp_Image_2026-01-03_at_18.45.36.jpeg,2,0,0,0,2,0,0.0,0.0,0.0,0.0
Cosmos Reason2 2B,mtsd-p13,roadside traffic-control object,grp9_b775d113-IMG_20251111_162326.jpg,4,1,0,1,4,0,0.0,0.0,0.0,0.0
Cosmos Reason2 2B,mtsd-p13,roadside traffic-control object,grp9_b8de4d86-IMG_20251112_162741.jpg,3,1,1,0,2,0,1.0,0.3333,0.5,0.3333
Cosmos Reason2 2B,mtsd-p13,roadside traffic-control object,grp9_b8edf87e-IMG_20251106_153308.jpg,2,1,0,1,2,0,0.0,0.0,0.0,0.0
Cosmos Reason2 2B,mtsd-p13,roadside traffic-control object,grp9_c7a4a215-20251122_140026.jpg,8,1,0,1,8,0,0.0,0.0,0.0,0.0
Cosmos Reason2 2B,mtsd-p13,roadside traffic-control object,grp9_c8f9e8c2-M8_back.jpg,2,1,1,0,1,0,1.0,0.5,0.6667,0.5
Cosmos Reason2 2B,mtsd-p13,roadside traffic-control object,grp9_cedb2f14-NE3_front.jpg,2,0,0,0,2,0,0.0,0.0,0.0,0.0
Cosmos Reason2 2B,mtsd-p13,roadside traffic-control object,grp9_d09450b2-IMG_20251112_155615.jpg,2,1,0,1,2,0,0.0,0.0,0.0,0.0
Cosmos Reason2 2B,mtsd-p13,roadside traffic-control object,grp9_d4f4f35a-WhatsApp_Image_2026-01-01_at_18.12.59_1.jpeg,1,1,0,1,1,0,0.0,0.0,0.0,0.0
Cosmos Reason2 2B,mtsd-p13,roadside traffic-control object,grp9_d5f4aa18-20251122_140237.jpg,1,1,1,0,0,0,1.0,1.0,1.0,1.0
Cosmos Reason2 2B,mtsd-p13,roadside traffic-control object,grp9_d7c813cb-IMG_20251112_163545.jpg,2,1,0,1,2,0,0.0,0.0,0.0,0.0
Cosmos Reason2 2B,mtsd-p13,roadside traffic-control object,grp9_dbd6345f-IMG_20251106_155229.jpg,1,1,0,1,1,0,0.0,0.0,0.0,0.0
Cosmos Reason2 2B,mtsd-p13,roadside traffic-control object,grp9_de518e6b-WhatsApp_Image_2026-01-03_at_18.46.56.jpeg,2,1,1,0,1,0,1.0,0.5,0.6667,0.5
Cosmos Reason2 2B,mtsd-p13,roadside traffic-control object,grp9_df847542-IMG_20251210_141936.jpg,5,1,1,0,4,0,1.0,0.2,0.3333,0.2
Cosmos Reason2 2B,mtsd-p13,roadside traffic-control object,grp9_dfbf929f-IMG_20251106_154024.jpg,3,1,0,1,3,0,0.0,0.0,0.0,0.0
Cosmos Reason2 2B,mtsd-p13,roadside traffic-control object,grp9_e0e8c13e-IMG_20251113_163444.jpg,1,1,0,1,1,0,0.0,0.0,0.0,0.0
Cosmos Reason2 2B,mtsd-p13,roadside traffic-control object,grp9_e1897726-WhatsApp_Image_2026-01-03_at_18.45.38_3.jpeg,3,0,0,0,3,0,0.0,0.0,0.0,0.0
Cosmos Reason2 2B,mtsd-p13,roadside traffic-control object,grp9_e2932f32-20251122_134050.jpg,8,0,0,0,8,0,0.0,0.0,0.0,0.0
Cosmos Reason2 2B,mtsd-p13,roadside traffic-control object,grp9_e65623ae-20251122_135723.jpg,2,1,0,1,2,0,0.0,0.0,0.0,0.0
Cosmos Reason2 2B,mtsd-p13,roadside traffic-control object,grp9_e690fe37-IMG_20251111_162300.jpg,11,1,0,1,11,0,0.0,0.0,0.0,0.0
Cosmos Reason2 2B,mtsd-p13,roadside traffic-control object,grp9_e8541d39-IMG_20251106_145533.jpg,3,1,0,1,3,0,0.0,0.0,0.0,0.0
Cosmos Reason2 2B,mtsd-p13,roadside traffic-control object,grp9_e8b17764-ZC8_front.jpg,4,1,1,0,3,0,1.0,0.25,0.4,0.25
Cosmos Reason2 2B,mtsd-p13,roadside traffic-control object,grp9_f109e3eb-IMG_20251111_144036.jpg,2,1,0,1,2,0,0.0,0.0,0.0,0.0
Cosmos Reason2 2B,mtsd-p13,roadside traffic-control object,grp9_f36aabf5-WhatsApp_Image_2026-01-03_at_18.45.21_2.jpeg,1,1,0,1,1,0,0.0,0.0,0.0,0.0
Cosmos Reason2 2B,mtsd-p13,roadside traffic-control object,grp9_f456c0fd-IMG_20251106_153809.jpg,4,1,1,0,3,0,1.0,0.25,0.4,0.25
