image_id,image_path,class_name,x0,y0,x1,y1
14_jpeg.rf.8214c51f9c25dea0e54007991c4e3666.jpg,E:\2. UM-Student\MSC Dissertation\Urban-Vision-Benchmark\Datasets\MDWD\MDWD-YOLO26\test\images\14_jpeg.rf.8214c51f9c25dea0e54007991c4e3666.jpg,Recyclable Material,276.5,181.5,451.5,315.5
14_jpeg.rf.8214c51f9c25dea0e54007991c4e3666.jpg,E:\2. UM-Student\MSC Dissertation\Urban-Vision-Benchmark\Datasets\MDWD\MDWD-YOLO26\test\images\14_jpeg.rf.8214c51f9c25dea0e54007991c4e3666.jpg,Recyclable Material,229.0,263.5,352.0,379.5
14_jpeg.rf.8214c51f9c25dea0e54007991c4e3666.jpg,E:\2. UM-Student\MSC Dissertation\Urban-Vision-Benchmark\Datasets\MDWD\MDWD-YOLO26\test\images\14_jpeg.rf.8214c51f9c25dea0e54007991c4e3666.jpg,Recyclable Material,271.5,282.75,498.5,556.25
20241213_080403_jpg.rf.3dcbef4810d284601796c30ae5e851ed.jpg,E:\2. UM-Student\MSC Dissertation\Urban-Vision-Benchmark\Datasets\MDWD\MDWD-YOLO26\test\images\20241213_080403_jpg.rf.3dcbef4810d284601796c30ae5e851ed.jpg,Organic Waste,201.0,308.5,315.0,444.5
20241213_080403_jpg.rf.3dcbef4810d284601796c30ae5e851ed.jpg,E:\2. UM-Student\MSC Dissertation\Urban-Vision-Benchmark\Datasets\MDWD\MDWD-YOLO26\test\images\20241213_080403_jpg.rf.3dcbef4810d284601796c30ae5e851ed.jpg,Organic Waste,305.5,339.0,424.5,446.0
20241213_080403_jpg.rf.3dcbef4810d284601796c30ae5e851ed.jpg,E:\2. UM-Student\MSC Dissertation\Urban-Vision-Benchmark\Datasets\MDWD\MDWD-YOLO26\test\images\20241213_080403_jpg.rf.3dcbef4810d284601796c30ae5e851ed.jpg,Organic Waste,267.75,262.0,378.25,376.0
20241213_082745_jpg.rf.96486ae40adc356b948caf5f75b61f88.jpg,E:\2. UM-Student\MSC Dissertation\Urban-Vision-Benchmark\Datasets\MDWD\MDWD-YOLO26\test\images\20241213_082745_jpg.rf.96486ae40adc356b948caf5f75b61f88.jpg,Organic Waste,292.5,202.75,399.5,306.25
20241214_075842_jpg.rf.1891b8867310eeface2f0bc74a0dc490.jpg,E:\2. UM-Student\MSC Dissertation\Urban-Vision-Benchmark\Datasets\MDWD\MDWD-YOLO26\test\images\20241214_075842_jpg.rf.1891b8867310eeface2f0bc74a0dc490.jpg,Mixed Waste,239.5,223.0,364.5,397.0
20241214_080005_jpg.rf.8f62c5b3603421b99194e2142efb05e1.jpg,E:\2. UM-Student\MSC Dissertation\Urban-Vision-Benchmark\Datasets\MDWD\MDWD-YOLO26\test\images\20241214_080005_jpg.rf.8f62c5b3603421b99194e2142efb05e1.jpg,Mixed Waste,148.0,271.5,330.0,459.5
20241214_080005_jpg.rf.8f62c5b3603421b99194e2142efb05e1.jpg,E:\2. UM-Student\MSC Dissertation\Urban-Vision-Benchmark\Datasets\MDWD\MDWD-YOLO26\test\images\20241214_080005_jpg.rf.8f62c5b3603421b99194e2142efb05e1.jpg,Mixed Waste,332.75,261.25,511.25,407.75
20241214_080005_jpg.rf.8f62c5b3603421b99194e2142efb05e1.jpg,E:\2. UM-Student\MSC Dissertation\Urban-Vision-Benchmark\Datasets\MDWD\MDWD-YOLO26\test\images\20241214_080005_jpg.rf.8f62c5b3603421b99194e2142efb05e1.jpg,Organic Waste,358.75,190.0,442.25,283.0
20241214_080220_jpg.rf.234574b4eb8647a6c3ed82f22a62b812.jpg,E:\2. UM-Student\MSC Dissertation\Urban-Vision-Benchmark\Datasets\MDWD\MDWD-YOLO26\test\images\20241214_080220_jpg.rf.234574b4eb8647a6c3ed82f22a62b812.jpg,Mixed Waste,127.5,247.0,271.5,466.0
20241214_080220_jpg.rf.234574b4eb8647a6c3ed82f22a62b812.jpg,E:\2. UM-Student\MSC Dissertation\Urban-Vision-Benchmark\Datasets\MDWD\MDWD-YOLO26\test\images\20241214_080220_jpg.rf.234574b4eb8647a6c3ed82f22a62b812.jpg,Mixed Waste,243.25,158.0,345.75,392.0
20241214_080220_jpg.rf.234574b4eb8647a6c3ed82f22a62b812.jpg,E:\2. UM-Student\MSC Dissertation\Urban-Vision-Benchmark\Datasets\MDWD\MDWD-YOLO26\test\images\20241214_080220_jpg.rf.234574b4eb8647a6c3ed82f22a62b812.jpg,Mixed Waste,314.5,114.25,434.5,340.75
20241214_080220_jpg.rf.234574b4eb8647a6c3ed82f22a62b812.jpg,E:\2. UM-Student\MSC Dissertation\Urban-Vision-Benchmark\Datasets\MDWD\MDWD-YOLO26\test\images\20241214_080220_jpg.rf.234574b4eb8647a6c3ed82f22a62b812.jpg,Mixed Waste,417.75,134.5,499.25,257.5
20241214_080238_jpg.rf.d135463be32b902dab5265e4564ae485.jpg,E:\2. UM-Student\MSC Dissertation\Urban-Vision-Benchmark\Datasets\MDWD\MDWD-YOLO26\test\images\20241214_080238_jpg.rf.d135463be32b902dab5265e4564ae485.jpg,Mixed Waste,204.25,196.5,443.75,507.5
20241214_080317_jpg.rf.17f03c2e6a52857573a93ef9530fa3ab.jpg,E:\2. UM-Student\MSC Dissertation\Urban-Vision-Benchmark\Datasets\MDWD\MDWD-YOLO26\test\images\20241214_080317_jpg.rf.17f03c2e6a52857573a93ef9530fa3ab.jpg,Mixed Waste,157.75,198.0,355.25,433.0
20241214_080317_jpg.rf.17f03c2e6a52857573a93ef9530fa3ab.jpg,E:\2. UM-Student\MSC Dissertation\Urban-Vision-Benchmark\Datasets\MDWD\MDWD-YOLO26\test\images\20241214_080317_jpg.rf.17f03c2e6a52857573a93ef9530fa3ab.jpg,Other Waste,250.75,192.0,397.25,253.0
20241214_080317_jpg.rf.17f03c2e6a52857573a93ef9530fa3ab.jpg,E:\2. UM-Student\MSC Dissertation\Urban-Vision-Benchmark\Datasets\MDWD\MDWD-YOLO26\test\images\20241214_080317_jpg.rf.17f03c2e6a52857573a93ef9530fa3ab.jpg,Mixed Waste,355.5,137.5,521.5,324.5
20241214_081052_jpg.rf.3d0f98abbde837ea01a63e4c1b0226ac.jpg,E:\2. UM-Student\MSC Dissertation\Urban-Vision-Benchmark\Datasets\MDWD\MDWD-YOLO26\test\images\20241214_081052_jpg.rf.3d0f98abbde837ea01a63e4c1b0226ac.jpg,Mixed Waste,199.75,228.75,291.25,366.25
20241214_081052_jpg.rf.3d0f98abbde837ea01a63e4c1b0226ac.jpg,E:\2. UM-Student\MSC Dissertation\Urban-Vision-Benchmark\Datasets\MDWD\MDWD-YOLO26\test\images\20241214_081052_jpg.rf.3d0f98abbde837ea01a63e4c1b0226ac.jpg,Mixed Waste,290.5,237.0,445.5,391.0
20241214_081356_jpg.rf.02e17c975083c58891221feb0367bd36.jpg,E:\2. UM-Student\MSC Dissertation\Urban-Vision-Benchmark\Datasets\MDWD\MDWD-YOLO26\test\images\20241214_081356_jpg.rf.02e17c975083c58891221feb0367bd36.jpg,Mixed Waste,186.5,127.5,391.5,300.5
20241214_081356_jpg.rf.02e17c975083c58891221feb0367bd36.jpg,E:\2. UM-Student\MSC Dissertation\Urban-Vision-Benchmark\Datasets\MDWD\MDWD-YOLO26\test\images\20241214_081356_jpg.rf.02e17c975083c58891221feb0367bd36.jpg,Mixed Waste,202.0,272.75,493.0,456.25
