model,prompt,image_id,image_path,x0,y0,x1,y1,score,predicted_label,has_mask,has_confidence,inference_ms
SAM 3.1,garbage bag,14_jpeg.rf.8214c51f9c25dea0e54007991c4e3666.jpg,E:\2. UM-Student\MSC Dissertation\Urban-Vision-Benchmark\Datasets\MDWD\MDWD-YOLO26\test\images\14_jpeg.rf.8214c51f9c25dea0e54007991c4e3666.jpg,278.3,285.88,494.98,555.7,0.9375,garbage bag,True,True,459.3
SAM 3.1,garbage bag,14_jpeg.rf.8214c51f9c25dea0e54007991c4e3666.jpg,E:\2. UM-Student\MSC Dissertation\Urban-Vision-Benchmark\Datasets\MDWD\MDWD-YOLO26\test\images\14_jpeg.rf.8214c51f9c25dea0e54007991c4e3666.jpg,230.78,267.84,344.89,378.16,0.8594,garbage bag,True,True,459.3
SAM 3.1,garbage bag,14_jpeg.rf.8214c51f9c25dea0e54007991c4e3666.jpg,E:\2. UM-Student\MSC Dissertation\Urban-Vision-Benchmark\Datasets\MDWD\MDWD-YOLO26\test\images\14_jpeg.rf.8214c51f9c25dea0e54007991c4e3666.jpg,230.8,183.06,449.71,378.79,0.4961,garbage bag,True,True,459.3
SAM 3.1,garbage bag,14_jpeg.rf.8214c51f9c25dea0e54007991c4e3666.jpg,E:\2. UM-Student\MSC Dissertation\Urban-Vision-Benchmark\Datasets\MDWD\MDWD-YOLO26\test\images\14_jpeg.rf.8214c51f9c25dea0e54007991c4e3666.jpg,276.56,182.89,449.72,312.58,0.8828,garbage bag,True,True,459.3
SAM 3.1,garbage bag,20241213_080403_jpg.rf.3dcbef4810d284601796c30ae5e851ed.jpg,E:\2. UM-Student\MSC Dissertation\Urban-Vision-Benchmark\Datasets\MDWD\MDWD-YOLO26\test\images\20241213_080403_jpg.rf.3dcbef4810d284601796c30ae5e851ed.jpg,308.47,340.88,423.9,445.17,0.8945,garbage bag,True,True,110.3
SAM 3.1,garbage bag,20241213_080403_jpg.rf.3dcbef4810d284601796c30ae5e851ed.jpg,E:\2. UM-Student\MSC Dissertation\Urban-Vision-Benchmark\Datasets\MDWD\MDWD-YOLO26\test\images\20241213_080403_jpg.rf.3dcbef4810d284601796c30ae5e851ed.jpg,200.71,308.71,314.96,444.53,0.8984,garbage bag,True,True,110.3
SAM 3.1,garbage bag,20241213_080403_jpg.rf.3dcbef4810d284601796c30ae5e851ed.jpg,E:\2. UM-Student\MSC Dissertation\Urban-Vision-Benchmark\Datasets\MDWD\MDWD-YOLO26\test\images\20241213_080403_jpg.rf.3dcbef4810d284601796c30ae5e851ed.jpg,268.18,264.68,378.2,375.95,0.9023,garbage bag,True,True,110.3
SAM 3.1,garbage bag,20241213_082745_jpg.rf.96486ae40adc356b948caf5f75b61f88.jpg,E:\2. UM-Student\MSC Dissertation\Urban-Vision-Benchmark\Datasets\MDWD\MDWD-YOLO26\test\images\20241213_082745_jpg.rf.96486ae40adc356b948caf5f75b61f88.jpg,292.88,205.47,393.48,307.93,0.9023,garbage bag,True,True,108.0
SAM 3.1,garbage bag,20241214_075842_jpg.rf.1891b8867310eeface2f0bc74a0dc490.jpg,E:\2. UM-Student\MSC Dissertation\Urban-Vision-Benchmark\Datasets\MDWD\MDWD-YOLO26\test\images\20241214_075842_jpg.rf.1891b8867310eeface2f0bc74a0dc490.jpg,241.6,224.11,363.19,394.59,0.9531,garbage bag,True,True,108.0
SAM 3.1,garbage bag,20241214_080005_jpg.rf.8f62c5b3603421b99194e2142efb05e1.jpg,E:\2. UM-Student\MSC Dissertation\Urban-Vision-Benchmark\Datasets\MDWD\MDWD-YOLO26\test\images\20241214_080005_jpg.rf.8f62c5b3603421b99194e2142efb05e1.jpg,326.18,258.76,509.27,408.44,0.8828,garbage bag,True,True,109.5
SAM 3.1,garbage bag,20241214_080005_jpg.rf.8f62c5b3603421b99194e2142efb05e1.jpg,E:\2. UM-Student\MSC Dissertation\Urban-Vision-Benchmark\Datasets\MDWD\MDWD-YOLO26\test\images\20241214_080005_jpg.rf.8f62c5b3603421b99194e2142efb05e1.jpg,147.38,276.46,329.43,452.22,0.9453,garbage bag,True,True,109.5
SAM 3.1,garbage bag,20241214_080005_jpg.rf.8f62c5b3603421b99194e2142efb05e1.jpg,E:\2. UM-Student\MSC Dissertation\Urban-Vision-Benchmark\Datasets\MDWD\MDWD-YOLO26\test\images\20241214_080005_jpg.rf.8f62c5b3603421b99194e2142efb05e1.jpg,356.43,193.23,440.06,284.55,0.7305,garbage bag,True,True,109.5
SAM 3.1,garbage bag,20241214_080220_jpg.rf.234574b4eb8647a6c3ed82f22a62b812.jpg,E:\2. UM-Student\MSC Dissertation\Urban-Vision-Benchmark\Datasets\MDWD\MDWD-YOLO26\test\images\20241214_080220_jpg.rf.234574b4eb8647a6c3ed82f22a62b812.jpg,420.38,135.08,498.8,258.63,0.957,garbage bag,True,True,110.8
SAM 3.1,garbage bag,20241214_080220_jpg.rf.234574b4eb8647a6c3ed82f22a62b812.jpg,E:\2. UM-Student\MSC Dissertation\Urban-Vision-Benchmark\Datasets\MDWD\MDWD-YOLO26\test\images\20241214_080220_jpg.rf.234574b4eb8647a6c3ed82f22a62b812.jpg,241.97,153.38,342.81,371.52,0.8594,garbage bag,True,True,110.8
SAM 3.1,garbage bag,20241214_080220_jpg.rf.234574b4eb8647a6c3ed82f22a62b812.jpg,E:\2. UM-Student\MSC Dissertation\Urban-Vision-Benchmark\Datasets\MDWD\MDWD-YOLO26\test\images\20241214_080220_jpg.rf.234574b4eb8647a6c3ed82f22a62b812.jpg,179.26,617.55,229.86,639.94,0.4082,garbage bag,True,True,110.8
SAM 3.1,garbage bag,20241214_080220_jpg.rf.234574b4eb8647a6c3ed82f22a62b812.jpg,E:\2. UM-Student\MSC Dissertation\Urban-Vision-Benchmark\Datasets\MDWD\MDWD-YOLO26\test\images\20241214_080220_jpg.rf.234574b4eb8647a6c3ed82f22a62b812.jpg,128.13,248.64,270.07,464.36,0.9648,garbage bag,True,True,110.8
SAM 3.1,garbage bag,20241214_080220_jpg.rf.234574b4eb8647a6c3ed82f22a62b812.jpg,E:\2. UM-Student\MSC Dissertation\Urban-Vision-Benchmark\Datasets\MDWD\MDWD-YOLO26\test\images\20241214_080220_jpg.rf.234574b4eb8647a6c3ed82f22a62b812.jpg,322.81,113.82,435.84,340.95,0.9219,garbage bag,True,True,110.8
SAM 3.1,garbage bag,20241214_080238_jpg.rf.d135463be32b902dab5265e4564ae485.jpg,E:\2. UM-Student\MSC Dissertation\Urban-Vision-Benchmark\Datasets\MDWD\MDWD-YOLO26\test\images\20241214_080238_jpg.rf.d135463be32b902dab5265e4564ae485.jpg,206.43,196.83,439.46,501.48,0.9727,garbage bag,True,True,108.4
SAM 3.1,garbage bag,20241214_080317_jpg.rf.17f03c2e6a52857573a93ef9530fa3ab.jpg,E:\2. UM-Student\MSC Dissertation\Urban-Vision-Benchmark\Datasets\MDWD\MDWD-YOLO26\test\images\20241214_080317_jpg.rf.17f03c2e6a52857573a93ef9530fa3ab.jpg,161.64,197.57,351.84,431.08,0.9727,garbage bag,True,True,108.5
SAM 3.1,garbage bag,20241214_080317_jpg.rf.17f03c2e6a52857573a93ef9530fa3ab.jpg,E:\2. UM-Student\MSC Dissertation\Urban-Vision-Benchmark\Datasets\MDWD\MDWD-YOLO26\test\images\20241214_080317_jpg.rf.17f03c2e6a52857573a93ef9530fa3ab.jpg,353.15,142.07,519.62,324.88,0.9648,garbage bag,True,True,108.5
SAM 3.1,garbage bag,20241214_081052_jpg.rf.3d0f98abbde837ea01a63e4c1b0226ac.jpg,E:\2. UM-Student\MSC Dissertation\Urban-Vision-Benchmark\Datasets\MDWD\MDWD-YOLO26\test\images\20241214_081052_jpg.rf.3d0f98abbde837ea01a63e4c1b0226ac.jpg,276.08,230.34,444.48,384.72,0.9609,garbage bag,True,True,109.7
SAM 3.1,garbage bag,20241214_081052_jpg.rf.3d0f98abbde837ea01a63e4c1b0226ac.jpg,E:\2. UM-Student\MSC Dissertation\Urban-Vision-Benchmark\Datasets\MDWD\MDWD-YOLO26\test\images\20241214_081052_jpg.rf.3d0f98abbde837ea01a63e4c1b0226ac.jpg,196.18,220.72,295.17,359.14,0.9414,garbage bag,True,True,109.7
SAM 3.1,garbage bag,20241214_081356_jpg.rf.02e17c975083c58891221feb0367bd36.jpg,E:\2. UM-Student\MSC Dissertation\Urban-Vision-Benchmark\Datasets\MDWD\MDWD-YOLO26\test\images\20241214_081356_jpg.rf.02e17c975083c58891221feb0367bd36.jpg,202.41,273.07,485.73,455.0,0.918,garbage bag,True,True,109.6
SAM 3.1,garbage bag,20241214_081356_jpg.rf.02e17c975083c58891221feb0367bd36.jpg,E:\2. UM-Student\MSC Dissertation\Urban-Vision-Benchmark\Datasets\MDWD\MDWD-YOLO26\test\images\20241214_081356_jpg.rf.02e17c975083c58891221feb0367bd36.jpg,188.0,126.93,390.06,301.63,0.918,garbage bag,True,True,109.6
Cosmos Reason2 2B,garbage bag,14_jpeg.rf.8214c51f9c25dea0e54007991c4e3666.jpg,E:\2. UM-Student\MSC Dissertation\Urban-Vision-Benchmark\Datasets\MDWD\MDWD-YOLO26\test\images\14_jpeg.rf.8214c51f9c25dea0e54007991c4e3666.jpg,,,,,,<no detections>,False,False,1469.5
Cosmos Reason2 2B,garbage bag,20241213_080403_jpg.rf.3dcbef4810d284601796c30ae5e851ed.jpg,E:\2. UM-Student\MSC Dissertation\Urban-Vision-Benchmark\Datasets\MDWD\MDWD-YOLO26\test\images\20241213_080403_jpg.rf.3dcbef4810d284601796c30ae5e851ed.jpg,268.16,265.6,378.24,376.32,1.0,garbage bag,False,False,3635.1
Cosmos Reason2 2B,garbage bag,20241213_080403_jpg.rf.3dcbef4810d284601796c30ae5e851ed.jpg,E:\2. UM-Student\MSC Dissertation\Urban-Vision-Benchmark\Datasets\MDWD\MDWD-YOLO26\test\images\20241213_080403_jpg.rf.3dcbef4810d284601796c30ae5e851ed.jpg,199.68,307.84,294.4,446.72,1.0,garbage bag,False,False,3635.1
Cosmos Reason2 2B,garbage bag,20241213_080403_jpg.rf.3dcbef4810d284601796c30ae5e851ed.jpg,E:\2. UM-Student\MSC Dissertation\Urban-Vision-Benchmark\Datasets\MDWD\MDWD-YOLO26\test\images\20241213_080403_jpg.rf.3dcbef4810d284601796c30ae5e851ed.jpg,309.12,341.76,425.6,446.72,1.0,garbage bag,False,False,3635.1
Cosmos Reason2 2B,garbage bag,20241213_082745_jpg.rf.96486ae40adc356b948caf5f75b61f88.jpg,E:\2. UM-Student\MSC Dissertation\Urban-Vision-Benchmark\Datasets\MDWD\MDWD-YOLO26\test\images\20241213_082745_jpg.rf.96486ae40adc356b948caf5f75b61f88.jpg,,,,,,<no detections>,False,False,860.9
Cosmos Reason2 2B,garbage bag,20241214_075842_jpg.rf.1891b8867310eeface2f0bc74a0dc490.jpg,E:\2. UM-Student\MSC Dissertation\Urban-Vision-Benchmark\Datasets\MDWD\MDWD-YOLO26\test\images\20241214_075842_jpg.rf.1891b8867310eeface2f0bc74a0dc490.jpg,,,,,,<no detections>,False,False,852.8
Cosmos Reason2 2B,garbage bag,20241214_080005_jpg.rf.8f62c5b3603421b99194e2142efb05e1.jpg,E:\2. UM-Student\MSC Dissertation\Urban-Vision-Benchmark\Datasets\MDWD\MDWD-YOLO26\test\images\20241214_080005_jpg.rf.8f62c5b3603421b99194e2142efb05e1.jpg,,,,,,<no detections>,False,False,1602.9
Cosmos Reason2 2B,garbage bag,20241214_080220_jpg.rf.234574b4eb8647a6c3ed82f22a62b812.jpg,E:\2. UM-Student\MSC Dissertation\Urban-Vision-Benchmark\Datasets\MDWD\MDWD-YOLO26\test\images\20241214_080220_jpg.rf.234574b4eb8647a6c3ed82f22a62b812.jpg,243.2,110.72,343.04,357.12,1.0,garbage bag,False,False,4804.2
Cosmos Reason2 2B,garbage bag,20241214_080220_jpg.rf.234574b4eb8647a6c3ed82f22a62b812.jpg,E:\2. UM-Student\MSC Dissertation\Urban-Vision-Benchmark\Datasets\MDWD\MDWD-YOLO26\test\images\20241214_080220_jpg.rf.234574b4eb8647a6c3ed82f22a62b812.jpg,323.2,110.72,433.92,341.12,1.0,garbage bag,False,False,4804.2
Cosmos Reason2 2B,garbage bag,20241214_080220_jpg.rf.234574b4eb8647a6c3ed82f22a62b812.jpg,E:\2. UM-Student\MSC Dissertation\Urban-Vision-Benchmark\Datasets\MDWD\MDWD-YOLO26\test\images\20241214_080220_jpg.rf.234574b4eb8647a6c3ed82f22a62b812.jpg,420.48,135.04,497.28,258.56,1.0,garbage bag,False,False,4804.2
Cosmos Reason2 2B,garbage bag,20241214_080220_jpg.rf.234574b4eb8647a6c3ed82f22a62b812.jpg,E:\2. UM-Student\MSC Dissertation\Urban-Vision-Benchmark\Datasets\MDWD\MDWD-YOLO26\test\images\20241214_080220_jpg.rf.234574b4eb8647a6c3ed82f22a62b812.jpg,128.0,247.04,268.8,466.56,1.0,garbage bag,False,False,4804.2
Cosmos Reason2 2B,garbage bag,20241214_080238_jpg.rf.d135463be32b902dab5265e4564ae485.jpg,E:\2. UM-Student\MSC Dissertation\Urban-Vision-Benchmark\Datasets\MDWD\MDWD-YOLO26\test\images\20241214_080238_jpg.rf.d135463be32b902dab5265e4564ae485.jpg,202.88,197.76,438.4,499.2,1.0,garbage bag,False,False,1405.4
Cosmos Reason2 2B,garbage bag,20241214_080317_jpg.rf.17f03c2e6a52857573a93ef9530fa3ab.jpg,E:\2. UM-Student\MSC Dissertation\Urban-Vision-Benchmark\Datasets\MDWD\MDWD-YOLO26\test\images\20241214_080317_jpg.rf.17f03c2e6a52857573a93ef9530fa3ab.jpg,,,,,,<no detections>,False,False,1106.3
Cosmos Reason2 2B,garbage bag,20241214_081052_jpg.rf.3d0f98abbde837ea01a63e4c1b0226ac.jpg,E:\2. UM-Student\MSC Dissertation\Urban-Vision-Benchmark\Datasets\MDWD\MDWD-YOLO26\test\images\20241214_081052_jpg.rf.3d0f98abbde837ea01a63e4c1b0226ac.jpg,,,,,,<no detections>,False,False,851.1
Cosmos Reason2 2B,garbage bag,20241214_081356_jpg.rf.02e17c975083c58891221feb0367bd36.jpg,E:\2. UM-Student\MSC Dissertation\Urban-Vision-Benchmark\Datasets\MDWD\MDWD-YOLO26\test\images\20241214_081356_jpg.rf.02e17c975083c58891221feb0367bd36.jpg,,,,,,<no detections>,False,False,1114.4
