model,prompt_id,prompt,image_id,fp_x0,fp_y0,fp_x1,fp_y1,fp_score,fp_overlap_class,fp_overlap_iou
SAM 3,mtsd-p8,blind-spot convex mirror,grp10_IMG_20251125_122826.jpg,829.53,1036.78,1561.98,2448.85,0.5977,Back-Unknown,0.9617
SAM 3,mtsd-p8,blind-spot convex mirror,grp10_IMG_20260110_173308_202.jpg,952.74,991.09,2304.64,2292.47,0.957,,0.0
SAM 3,mtsd-p8,blind-spot convex mirror,grp2_5e8f002c-IMG_20251223_132013.jpg,1819.58,2433.31,1909.49,2570.02,0.7461,,0.0
SAM 3,mtsd-p8,blind-spot convex mirror,grp2_5e8f002c-IMG_20251223_132013.jpg,1736.97,2788.87,1823.89,2942.71,0.3926,,0.0
SAM 3,mtsd-p8,blind-spot convex mirror,grp2_e44be02a-MP_0116.jpg,393.47,846.65,2067.03,1252.2,0.3828,,0.0
SAM 3,mtsd-p8,blind-spot convex mirror,grp3_22c38c39-IMG_4293.jpeg,1847.68,1090.52,2399.92,1729.19,0.3457,,0.3712
SAM 3,mtsd-p8,blind-spot convex mirror,grp3_ecbe9be3-IMG_20251204_100152.jpg,1392.65,809.17,2639.75,2377.31,0.5078,Other-Unknown,0.9667
SAM 3,mtsd-p8,blind-spot convex mirror,grp3_faf213d1-IMG_20251203_120236.jpg,942.4,942.65,1831.97,1725.35,0.5,Back-Unknown,0.9944
SAM 3,mtsd-p8,blind-spot convex mirror,grp4_20251229_144322.jpg,912.14,1673.69,2217.35,2876.5,0.3652,Back-Unknown,0.9922
SAM 3,mtsd-p8,blind-spot convex mirror,grp4_20251229_144322.jpg,724.43,526.68,2147.77,1628.27,0.3379,Back-Unknown,0.9781
SAM 3,mtsd-p8,blind-spot convex mirror,grp5_e0bfe536-MelatAssefa_22_Front.jpg,2176.56,3561.31,2270.87,3630.08,0.3438,,0.0
SAM 3,mtsd-p8,blind-spot convex mirror,grp5_e0bfe536-MelatAssefa_22_Front.jpg,2551.34,3377.57,2642.6,3455.74,0.3418,,0.0
SAM 3,mtsd-p8,blind-spot convex mirror,grp5_e64b6a10-AlisonAttard_20_Side.jpeg,1344.22,1151.14,2631.31,1780.1,0.9336,,0.0
SAM 3,mtsd-p8,blind-spot convex mirror,grp7_51efaffb-IMG_2323.JPG,1574.89,1235.17,1855.87,1570.71,0.4141,Back-Unknown,0.9854
SAM 3,mtsd-p8,blind-spot convex mirror,grp7_897df19a-IMG_2311.JPG,1346.02,2367.32,1392.16,2440.7,0.3789,,0.0
SAM 3,mtsd-p8,blind-spot convex mirror,grp7_897df19a-IMG_2311.JPG,967.97,2570.15,1052.54,2649.68,0.3398,,0.0
SAM 3,mtsd-p8,blind-spot convex mirror,grp7_ef1c0521-IMG_1930.jpg,1589.06,428.36,2933.63,2762.66,0.5234,,0.2765
SAM 3,mtsd-p8,blind-spot convex mirror,grp8_2d73c181-back.jpg,1453.68,827.78,2383.72,1834.91,0.3594,Back-Unknown,0.9907
SAM 3,mtsd-p8,blind-spot convex mirror,grp8_3799bcb2-side.jpg,1318.74,1863.48,1739.47,2289.49,0.4922,,0.0
SAM 3,mtsd-p8,blind-spot convex mirror,grp8_3e16c892-IMG_0188.JPG,2516.26,1297.53,4201.47,2857.49,0.3652,,0.3694
SAM 3,mtsd-p8,blind-spot convex mirror,grp8_41de0558-Side.jpg,481.92,443.98,1694.79,2344.87,0.3633,,0.0
SAM 3,mtsd-p8,blind-spot convex mirror,grp8_ebf4ab1a-IMG_0198.JPG,1587.0,1328.4,3610.36,2938.39,0.5898,Back-Unknown,0.6232
SAM 3,mtsd-p8,blind-spot convex mirror,grp9_00e70ac4-IMG_20251111_140913.jpg,1489.36,1368.0,1699.44,2487.93,0.668,Back-Unknown,0.7654
SAM 3,mtsd-p8,blind-spot convex mirror,grp9_00e70ac4-IMG_20251111_140913.jpg,0.0,40.19,327.99,493.98,0.5977,,0.0
