index,image
0,E:\2. UM-Student\MSC Dissertation\Urban-Vision-Benchmark\Scripts\MTSD-Scripts\AttributeClassification\outputs\crops\GRP-1\ann_000215.jpg
1,E:\2. UM-Student\MSC Dissertation\Urban-Vision-Benchmark\Scripts\MTSD-Scripts\AttributeClassification\outputs\crops\GRP-1\ann_000835.jpg
2,E:\2. UM-Student\MSC Dissertation\Urban-Vision-Benchmark\Scripts\MTSD-Scripts\AttributeClassification\outputs\crops\GRP-1\ann_000893.jpg
3,E:\2. UM-Student\MSC Dissertation\Urban-Vision-Benchmark\Scripts\MTSD-Scripts\AttributeClassification\outputs\crops\GRP-1\ann_001002.jpg
4,E:\2. UM-Student\MSC Dissertation\Urban-Vision-Benchmark\Scripts\MTSD-Scripts\AttributeClassification\outputs\crops\GRP-1\ann_001085.jpg
5,E:\2. UM-Student\MSC Dissertation\Urban-Vision-Benchmark\Scripts\MTSD-Scripts\AttributeClassification\outputs\crops\GRP-1\ann_001481.jpg
6,E:\2. UM-Student\MSC Dissertation\Urban-Vision-Benchmark\Scripts\MTSD-Scripts\AttributeClassification\outputs\crops\GRP-10\ann_000737.jpg
7,E:\2. UM-Student\MSC Dissertation\Urban-Vision-Benchmark\Scripts\MTSD-Scripts\AttributeClassification\outputs\crops\GRP-10\ann_001027.jpg
8,E:\2. UM-Student\MSC Dissertation\Urban-Vision-Benchmark\Scripts\MTSD-Scripts\AttributeClassification\outputs\crops\GRP-10\ann_001240.jpg
9,E:\2. UM-Student\MSC Dissertation\Urban-Vision-Benchmark\Scripts\MTSD-Scripts\AttributeClassification\outputs\crops\GRP-10\ann_001280.jpg
10,E:\2. UM-Student\MSC Dissertation\Urban-Vision-Benchmark\Scripts\MTSD-Scripts\AttributeClassification\outputs\crops\GRP-10\ann_001381.jpg
11,E:\2. UM-Student\MSC Dissertation\Urban-Vision-Benchmark\Scripts\MTSD-Scripts\AttributeClassification\outputs\crops\GRP-10\ann_001574.jpg
12,E:\2. UM-Student\MSC Dissertation\Urban-Vision-Benchmark\Scripts\MTSD-Scripts\AttributeClassification\outputs\crops\GRP-10\ann_001583.jpg
13,E:\2. UM-Student\MSC Dissertation\Urban-Vision-Benchmark\Scripts\MTSD-Scripts\AttributeClassification\outputs\crops\GRP-10\ann_001880.jpg
14,E:\2. UM-Student\MSC Dissertation\Urban-Vision-Benchmark\Scripts\MTSD-Scripts\AttributeClassification\outputs\crops\GRP-11\ann_000017.jpg
15,E:\2. UM-Student\MSC Dissertation\Urban-Vision-Benchmark\Scripts\MTSD-Scripts\AttributeClassification\outputs\crops\GRP-11\ann_000515.jpg
16,E:\2. UM-Student\MSC Dissertation\Urban-Vision-Benchmark\Scripts\MTSD-Scripts\AttributeClassification\outputs\crops\GRP-11\ann_001061.jpg
17,E:\2. UM-Student\MSC Dissertation\Urban-Vision-Benchmark\Scripts\MTSD-Scripts\AttributeClassification\outputs\crops\GRP-11\ann_001199.jpg
18,E:\2. UM-Student\MSC Dissertation\Urban-Vision-Benchmark\Scripts\MTSD-Scripts\AttributeClassification\outputs\crops\GRP-2\ann_000847.jpg
19,E:\2. UM-Student\MSC Dissertation\Urban-Vision-Benchmark\Scripts\MTSD-Scripts\AttributeClassification\outputs\crops\GRP-2\ann_001079.jpg
20,E:\2. UM-Student\MSC Dissertation\Urban-Vision-Benchmark\Scripts\MTSD-Scripts\AttributeClassification\outputs\crops\GRP-3\ann_000029.jpg
21,E:\2. UM-Student\MSC Dissertation\Urban-Vision-Benchmark\Scripts\MTSD-Scripts\AttributeClassification\outputs\crops\GRP-3\ann_000145.jpg
22,E:\2. UM-Student\MSC Dissertation\Urban-Vision-Benchmark\Scripts\MTSD-Scripts\AttributeClassification\outputs\crops\GRP-3\ann_000205.jpg
23,E:\2. UM-Student\MSC Dissertation\Urban-Vision-Benchmark\Scripts\MTSD-Scripts\AttributeClassification\outputs\crops\GRP-3\ann_000297.jpg
24,E:\2. UM-Student\MSC Dissertation\Urban-Vision-Benchmark\Scripts\MTSD-Scripts\AttributeClassification\outputs\crops\GRP-3\ann_000622.jpg
25,E:\2. UM-Student\MSC Dissertation\Urban-Vision-Benchmark\Scripts\MTSD-Scripts\AttributeClassification\outputs\crops\GRP-3\ann_001059.jpg
26,E:\2. UM-Student\MSC Dissertation\Urban-Vision-Benchmark\Scripts\MTSD-Scripts\AttributeClassification\outputs\crops\GRP-3\ann_001779.jpg
27,E:\2. UM-Student\MSC Dissertation\Urban-Vision-Benchmark\Scripts\MTSD-Scripts\AttributeClassification\outputs\crops\GRP-4\ann_000305.jpg
28,E:\2. UM-Student\MSC Dissertation\Urban-Vision-Benchmark\Scripts\MTSD-Scripts\AttributeClassification\outputs\crops\GRP-4\ann_000400.jpg
29,E:\2. UM-Student\MSC Dissertation\Urban-Vision-Benchmark\Scripts\MTSD-Scripts\AttributeClassification\outputs\crops\GRP-4\ann_000413.jpg
30,E:\2. UM-Student\MSC Dissertation\Urban-Vision-Benchmark\Scripts\MTSD-Scripts\AttributeClassification\outputs\crops\GRP-4\ann_000940.jpg
31,E:\2. UM-Student\MSC Dissertation\Urban-Vision-Benchmark\Scripts\MTSD-Scripts\AttributeClassification\outputs\crops\GRP-5\ann_000159.jpg
32,E:\2. UM-Student\MSC Dissertation\Urban-Vision-Benchmark\Scripts\MTSD-Scripts\AttributeClassification\outputs\crops\GRP-5\ann_000284.jpg
33,E:\2. UM-Student\MSC Dissertation\Urban-Vision-Benchmark\Scripts\MTSD-Scripts\AttributeClassification\outputs\crops\GRP-5\ann_000410.jpg
34,E:\2. UM-Student\MSC Dissertation\Urban-Vision-Benchmark\Scripts\MTSD-Scripts\AttributeClassification\outputs\crops\GRP-5\ann_000935.jpg
35,E:\2. UM-Student\MSC Dissertation\Urban-Vision-Benchmark\Scripts\MTSD-Scripts\AttributeClassification\outputs\crops\GRP-5\ann_001024.jpg
36,E:\2. UM-Student\MSC Dissertation\Urban-Vision-Benchmark\Scripts\MTSD-Scripts\AttributeClassification\outputs\crops\GRP-5\ann_001602.jpg
37,E:\2. UM-Student\MSC Dissertation\Urban-Vision-Benchmark\Scripts\MTSD-Scripts\AttributeClassification\outputs\crops\GRP-5\ann_001659.jpg
38,E:\2. UM-Student\MSC Dissertation\Urban-Vision-Benchmark\Scripts\MTSD-Scripts\AttributeClassification\outputs\crops\GRP-7\ann_000063.jpg
39,E:\2. UM-Student\MSC Dissertation\Urban-Vision-Benchmark\Scripts\MTSD-Scripts\AttributeClassification\outputs\crops\GRP-7\ann_000154.jpg
40,E:\2. UM-Student\MSC Dissertation\Urban-Vision-Benchmark\Scripts\MTSD-Scripts\AttributeClassification\outputs\crops\GRP-7\ann_000178.jpg
41,E:\2. UM-Student\MSC Dissertation\Urban-Vision-Benchmark\Scripts\MTSD-Scripts\AttributeClassification\outputs\crops\GRP-7\ann_001111.jpg
42,E:\2. UM-Student\MSC Dissertation\Urban-Vision-Benchmark\Scripts\MTSD-Scripts\AttributeClassification\outputs\crops\GRP-7\ann_001495.jpg
43,E:\2. UM-Student\MSC Dissertation\Urban-Vision-Benchmark\Scripts\MTSD-Scripts\AttributeClassification\outputs\crops\GRP-8\ann_001190.jpg
44,E:\2. UM-Student\MSC Dissertation\Urban-Vision-Benchmark\Scripts\MTSD-Scripts\AttributeClassification\outputs\crops\GRP-9\ann_000392.jpg
45,E:\2. UM-Student\MSC Dissertation\Urban-Vision-Benchmark\Scripts\MTSD-Scripts\AttributeClassification\outputs\crops\GRP-9\ann_000713.jpg
46,E:\2. UM-Student\MSC Dissertation\Urban-Vision-Benchmark\Scripts\MTSD-Scripts\AttributeClassification\outputs\crops\GRP-9\ann_000727.jpg
47,E:\2. UM-Student\MSC Dissertation\Urban-Vision-Benchmark\Scripts\MTSD-Scripts\AttributeClassification\outputs\crops\GRP-9\ann_000971.jpg
48,E:\2. UM-Student\MSC Dissertation\Urban-Vision-Benchmark\Scripts\MTSD-Scripts\AttributeClassification\outputs\crops\GRP-9\ann_001295.jpg
49,E:\2. UM-Student\MSC Dissertation\Urban-Vision-Benchmark\Scripts\MTSD-Scripts\AttributeClassification\outputs\crops\GRP-9\ann_001865.jpg
