dataset,split,model,prompt_id,prompt,prompt_group,target_classes,prompt_class_confusion,max_detections,max_detections_policy,nms_iou_threshold,tp,fp,fn,duplicates,precision,recall,f1,accuracy,mean_matched_iou,ap50,map50_95,n_gt,n_images,target_gt_boxes,positive_images,negative_images,fp_overlapping_nontarget,model_load_ms,worker_processes,worker_chunk_size,execution_strategy,cosmos_max_side,cosmos_execution_revision,sensitivity_family,variant_type,mean_inference_ms,has_confidence,ap_meaningful
MTSD,test,Cosmos Reason2 2B,sens-mtsd-entry-01,no entry sign,paraphrase-sensitivity,['No Entry (One Way)'],"{'Auxiliary Sign': 13, 'Stop Sign': 51, 'Back-Unknown': 111, 'Pedestrian Crossing': 44, 'Other-Unknown': 61, 'Blind-Spot Mirror (Convex Mirror)': 30, 'No Entry (One Way)': 109, 'No Through Road (T-Junction)': 37, 'Roundabout Ahead': 9, 'Street Sign': 7, 'Directional Sign': 6}",18,test-set-max-gt-per-image,0.5,109,556,102,0,0.1639,0.5166,0.2489,0.1421,0.8974,0.1004,0.0742,211,747,211,181,566,369,892822.1,94,8,isolated-model-prompt-chunks-v1,2560,bounded-model-specific-2b2560-8b1536-chunk8-v2,mtsd-no-entry,canonical,2597.69,False,False
MTSD,test,Cosmos Reason2 2B,sens-mtsd-entry-02,road sign indicating no entry,paraphrase-sensitivity,['No Entry (One Way)'],"{'Auxiliary Sign': 8, 'Stop Sign': 64, 'Back-Unknown': 88, 'Pedestrian Crossing': 57, 'Other-Unknown': 53, 'Blind-Spot Mirror (Convex Mirror)': 35, 'No Entry (One Way)': 108, 'No Through Road (T-Junction)': 40, 'Roundabout Ahead': 12, 'Street Sign': 8, 'Directional Sign': 6}",18,test-set-max-gt-per-image,0.5,108,556,103,0,0.1627,0.5118,0.2469,0.1408,0.8989,0.0969,0.0729,211,747,211,181,566,371,875357.6,94,8,isolated-model-prompt-chunks-v1,2560,bounded-model-specific-2b2560-8b1536-chunk8-v2,mtsd-no-entry,lexical-paraphrase,2651.6,False,False
MTSD,test,Cosmos Reason2 2B,sens-mtsd-entry-03,traffic sign prohibiting vehicles from entering,paraphrase-sensitivity,['No Entry (One Way)'],"{'Auxiliary Sign': 8, 'Stop Sign': 69, 'Pedestrian Crossing': 61, 'Other-Unknown': 51, 'Back-Unknown': 86, 'Blind-Spot Mirror (Convex Mirror)': 37, 'No Entry (One Way)': 108, 'No Through Road (T-Junction)': 40, 'Roundabout Ahead': 13, 'Street Sign': 6, 'Directional Sign': 8}",18,test-set-max-gt-per-image,0.5,108,555,103,0,0.1629,0.5118,0.2471,0.141,0.9069,0.0969,0.0755,211,747,211,181,566,379,866420.9,94,8,isolated-model-prompt-chunks-v1,2560,bounded-model-specific-2b2560-8b1536-chunk8-v2,mtsd-no-entry,descriptive-paraphrase,2677.29,False,False
MTSD,test,Cosmos Reason2 2B,sens-mtsd-entry-04,find all no entry signs,paraphrase-sensitivity,['No Entry (One Way)'],"{'Auxiliary Sign': 9, 'Back-Unknown': 98, 'Other-Unknown': 42, 'Blind-Spot Mirror (Convex Mirror)': 17, 'No Entry (One Way)': 131, 'Roundabout Ahead': 3, 'No Through Road (T-Junction)': 37, 'Stop Sign': 7, 'Pedestrian Crossing': 10, 'Street Sign': 1}",18,test-set-max-gt-per-image,0.5,131,397,80,0,0.2481,0.6209,0.3545,0.2155,0.8965,0.1789,0.1342,211,747,211,181,566,224,872560.3,94,8,isolated-model-prompt-chunks-v1,2560,bounded-model-specific-2b2560-8b1536-chunk8-v2,mtsd-no-entry,instruction,2346.83,False,False
MTSD,test,Cosmos Reason2 2B,sens-mtsd-mirror-01,blind-spot convex mirror,paraphrase-sensitivity,['Blind-Spot Mirror (Convex Mirror)'],"{'Back-Unknown': 108, 'Other-Unknown': 17, 'Blind-Spot Mirror (Convex Mirror)': 105, 'No Entry (One Way)': 35, 'Roundabout Ahead': 4, 'No Through Road (T-Junction)': 15, 'Pedestrian Crossing': 7, 'Stop Sign': 6, 'Directional Sign': 2, 'Auxiliary Sign': 2}",18,test-set-max-gt-per-image,0.5,105,578,55,0,0.1537,0.6562,0.2491,0.1423,0.9264,0.1131,0.096,160,747,160,145,602,196,899220.4,94,8,isolated-model-prompt-chunks-v1,2560,bounded-model-specific-2b2560-8b1536-chunk8-v2,mtsd-blind-spot-mirror,canonical,2576.04,False,False
MTSD,test,Cosmos Reason2 2B,sens-mtsd-mirror-02,roadside convex mirror for blind spots,paraphrase-sensitivity,['Blind-Spot Mirror (Convex Mirror)'],"{'Back-Unknown': 100, 'Pedestrian Crossing': 15, 'Other-Unknown': 18, 'Blind-Spot Mirror (Convex Mirror)': 85, 'No Entry (One Way)': 44, 'Roundabout Ahead': 7, 'Directional Sign': 6, 'Stop Sign': 6, 'No Through Road (T-Junction)': 23, 'Auxiliary Sign': 2, 'Street Sign': 1}",18,test-set-max-gt-per-image,0.5,85,515,75,0,0.1417,0.5312,0.2237,0.1259,0.9237,0.0903,0.0763,160,747,160,145,602,222,905212.6,94,8,isolated-model-prompt-chunks-v1,2560,bounded-model-specific-2b2560-8b1536-chunk8-v2,mtsd-blind-spot-mirror,lexical-paraphrase,2583.76,False,False
MTSD,test,Cosmos Reason2 2B,sens-mtsd-mirror-03,convex traffic mirror used to improve road visibility,paraphrase-sensitivity,['Blind-Spot Mirror (Convex Mirror)'],"{'Back-Unknown': 115, 'Other-Unknown': 16, 'Blind-Spot Mirror (Convex Mirror)': 95, 'No Entry (One Way)': 50, 'Roundabout Ahead': 9, 'Stop Sign': 8, 'No Through Road (T-Junction)': 21, 'Pedestrian Crossing': 6, 'Auxiliary Sign': 2, 'Directional Sign': 2, 'Street Sign': 1}",18,test-set-max-gt-per-image,0.5,95,514,65,0,0.156,0.5938,0.2471,0.1409,0.9297,0.1074,0.0921,160,747,160,145,602,230,901015.5,94,8,isolated-model-prompt-chunks-v1,2560,bounded-model-specific-2b2560-8b1536-chunk8-v2,mtsd-blind-spot-mirror,descriptive-paraphrase,2664.41,False,False
MTSD,test,Cosmos Reason2 2B,sens-mtsd-mirror-04,find all roadside blind-spot mirrors,paraphrase-sensitivity,['Blind-Spot Mirror (Convex Mirror)'],"{'Back-Unknown': 73, 'Other-Unknown': 9, 'Blind-Spot Mirror (Convex Mirror)': 97, 'No Entry (One Way)': 12, 'No Through Road (T-Junction)': 4, 'Pedestrian Crossing': 1, 'Stop Sign': 3, 'Roundabout Ahead': 1, 'Directional Sign': 2, 'Auxiliary Sign': 1}",18,test-set-max-gt-per-image,0.5,97,942,63,0,0.0934,0.6062,0.1618,0.088,0.9151,0.0672,0.0539,160,747,160,145,602,106,912278.5,94,8,isolated-model-prompt-chunks-v1,2560,bounded-model-specific-2b2560-8b1536-chunk8-v2,mtsd-blind-spot-mirror,instruction,3313.16,False,False
MTSD,test,Cosmos Reason2 2B,sens-mtsd-ped-01,pedestrian crossing sign,paraphrase-sensitivity,['Pedestrian Crossing'],"{'Auxiliary Sign': 8, 'Stop Sign': 54, 'Pedestrian Crossing': 73, 'Other-Unknown': 50, 'Back-Unknown': 83, 'Blind-Spot Mirror (Convex Mirror)': 51, 'No Entry (One Way)': 80, 'No Through Road (T-Junction)': 43, 'Roundabout Ahead': 11, 'Directional Sign': 11, 'Street Sign': 3}",18,test-set-max-gt-per-image,0.5,73,588,70,0,0.1104,0.5105,0.1816,0.0999,0.8856,0.0743,0.0559,143,747,143,115,632,394,898689.6,94,8,isolated-model-prompt-chunks-v1,2560,bounded-model-specific-2b2560-8b1536-chunk8-v2,mtsd-pedestrian-crossing,canonical,2664.48,False,False
MTSD,test,Cosmos Reason2 2B,sens-mtsd-ped-02,road sign for a pedestrian crossing,paraphrase-sensitivity,['Pedestrian Crossing'],"{'Auxiliary Sign': 7, 'Stop Sign': 59, 'Back-Unknown': 94, 'Pedestrian Crossing': 70, 'Other-Unknown': 45, 'Blind-Spot Mirror (Convex Mirror)': 40, 'No Entry (One Way)': 87, 'No Through Road (T-Junction)': 38, 'Roundabout Ahead': 14, 'Street Sign': 8, 'Directional Sign': 11, 'Tourist Sign': 1}",18,test-set-max-gt-per-image,0.5,70,597,73,0,0.1049,0.4895,0.1728,0.0946,0.8977,0.0683,0.054,143,747,143,115,632,404,896535.9,94,8,isolated-model-prompt-chunks-v1,2560,bounded-model-specific-2b2560-8b1536-chunk8-v2,mtsd-pedestrian-crossing,lexical-paraphrase,2698.99,False,False
MTSD,test,Cosmos Reason2 2B,sens-mtsd-ped-03,sign indicating a pedestrian crossing,paraphrase-sensitivity,['Pedestrian Crossing'],"{'Auxiliary Sign': 9, 'Stop Sign': 64, 'Pedestrian Crossing': 78, 'Other-Unknown': 45, 'Back-Unknown': 97, 'Blind-Spot Mirror (Convex Mirror)': 36, 'No Entry (One Way)': 96, 'Street Sign': 9, 'No Through Road (T-Junction)': 43, 'Roundabout Ahead': 14, 'Directional Sign': 14, 'Tourist Sign': 1}",18,test-set-max-gt-per-image,0.5,78,619,65,0,0.1119,0.5455,0.1857,0.1024,0.8924,0.0819,0.0613,143,747,143,115,632,428,891090.9,94,8,isolated-model-prompt-chunks-v1,2560,bounded-model-specific-2b2560-8b1536-chunk8-v2,mtsd-pedestrian-crossing,descriptive-paraphrase,2694.21,False,False
MTSD,test,Cosmos Reason2 2B,sens-mtsd-ped-04,find all pedestrian crossing signs,paraphrase-sensitivity,['Pedestrian Crossing'],"{'Auxiliary Sign': 6, 'Pedestrian Crossing': 83, 'Stop Sign': 23, 'Back-Unknown': 84, 'Blind-Spot Mirror (Convex Mirror)': 28, 'No Entry (One Way)': 76, 'Roundabout Ahead': 9, 'Other-Unknown': 35, 'No Through Road (T-Junction)': 42, 'Directional Sign': 9, 'Street Sign': 1}",18,test-set-max-gt-per-image,0.5,83,517,60,0,0.1383,0.5804,0.2234,0.1258,0.8725,0.1002,0.0695,143,747,143,115,632,313,888713.4,94,8,isolated-model-prompt-chunks-v1,2560,bounded-model-specific-2b2560-8b1536-chunk8-v2,mtsd-pedestrian-crossing,instruction,2481.97,False,False
MTSD,test,Cosmos Reason2 2B,sens-mtsd-roundabout-01,roundabout ahead sign,paraphrase-sensitivity,['Roundabout Ahead'],"{'Back-Unknown': 92, 'Stop Sign': 46, 'Pedestrian Crossing': 42, 'Other-Unknown': 33, 'Blind-Spot Mirror (Convex Mirror)': 86, 'No Entry (One Way)': 94, 'Roundabout Ahead': 26, 'Auxiliary Sign': 5, 'No Through Road (T-Junction)': 35, 'Directional Sign': 6, 'Street Sign': 3}",18,test-set-max-gt-per-image,0.5,27,623,40,0,0.0415,0.403,0.0753,0.0391,0.911,0.0191,0.0161,67,747,67,59,688,441,887120.5,94,8,isolated-model-prompt-chunks-v1,2560,bounded-model-specific-2b2560-8b1536-chunk8-v2,mtsd-roundabout-ahead,canonical,2624.26,False,False
MTSD,test,Cosmos Reason2 2B,sens-mtsd-roundabout-02,warning sign for a roundabout ahead,paraphrase-sensitivity,['Roundabout Ahead'],"{'Auxiliary Sign': 11, 'Stop Sign': 51, 'Back-Unknown': 78, 'Pedestrian Crossing': 54, 'Other-Unknown': 60, 'Blind-Spot Mirror (Convex Mirror)': 50, 'No Entry (One Way)': 85, 'Roundabout Ahead': 11, 'No Through Road (T-Junction)': 29, 'Directional Sign': 13, 'Street Sign': 7}",18,test-set-max-gt-per-image,0.5,12,574,55,0,0.0205,0.1791,0.0368,0.0187,0.8791,0.0055,0.0042,67,747,67,59,688,437,906478.6,94,8,isolated-model-prompt-chunks-v1,2560,bounded-model-specific-2b2560-8b1536-chunk8-v2,mtsd-roundabout-ahead,lexical-paraphrase,2608.87,False,False
MTSD,test,Cosmos Reason2 2B,sens-mtsd-roundabout-03,traffic sign indicating an upcoming roundabout,paraphrase-sensitivity,['Roundabout Ahead'],"{'Auxiliary Sign': 5, 'Stop Sign': 62, 'Pedestrian Crossing': 55, 'Other-Unknown': 41, 'Back-Unknown': 84, 'Blind-Spot Mirror (Convex Mirror)': 41, 'No Entry (One Way)': 98, 'Roundabout Ahead': 19, 'No Through Road (T-Junction)': 37, 'Street Sign': 7, 'Directional Sign': 7}",18,test-set-max-gt-per-image,0.5,20,575,47,0,0.0336,0.2985,0.0604,0.0312,0.9103,0.0134,0.0113,67,747,67,59,688,436,893625.2,94,8,isolated-model-prompt-chunks-v1,2560,bounded-model-specific-2b2560-8b1536-chunk8-v2,mtsd-roundabout-ahead,descriptive-paraphrase,2592.92,False,False
MTSD,test,Cosmos Reason2 2B,sens-mtsd-roundabout-04,find all roundabout ahead signs,paraphrase-sensitivity,['Roundabout Ahead'],"{'Back-Unknown': 106, 'Stop Sign': 36, 'Pedestrian Crossing': 45, 'Other-Unknown': 40, 'No Entry (One Way)': 115, 'Blind-Spot Mirror (Convex Mirror)': 89, 'Roundabout Ahead': 31, 'Auxiliary Sign': 7, 'No Through Road (T-Junction)': 36, 'Directional Sign': 11, 'Street Sign': 2}",18,test-set-max-gt-per-image,0.5,32,700,35,0,0.0437,0.4776,0.0801,0.0417,0.8946,0.0243,0.0196,67,747,67,59,688,486,896729.6,94,8,isolated-model-prompt-chunks-v1,2560,bounded-model-specific-2b2560-8b1536-chunk8-v2,mtsd-roundabout-ahead,instruction,2687.37,False,False
MTSD,test,Cosmos Reason2 2B,sens-mtsd-stop-01,stop sign,paraphrase-sensitivity,['Stop Sign'],"{'Auxiliary Sign': 7, 'Stop Sign': 87, 'Pedestrian Crossing': 48, 'Back-Unknown': 99, 'Blind-Spot Mirror (Convex Mirror)': 39, 'No Entry (One Way)': 103, 'Other-Unknown': 50, 'No Through Road (T-Junction)': 39, 'Roundabout Ahead': 7, 'Street Sign': 2, 'Directional Sign': 4}",18,test-set-max-gt-per-image,0.5,87,582,43,0,0.13,0.6692,0.2178,0.1222,0.9143,0.1065,0.0893,130,747,130,124,623,398,894022.4,94,8,isolated-model-prompt-chunks-v1,2560,bounded-model-specific-2b2560-8b1536-chunk8-v2,mtsd-stop-sign,canonical,2553.53,False,False
MTSD,test,Cosmos Reason2 2B,sens-mtsd-stop-02,road sign instructing drivers to stop,paraphrase-sensitivity,['Stop Sign'],"{'Auxiliary Sign': 7, 'Stop Sign': 67, 'Pedestrian Crossing': 56, 'Back-Unknown': 87, 'Blind-Spot Mirror (Convex Mirror)': 28, 'No Entry (One Way)': 99, 'Other-Unknown': 42, 'No Through Road (T-Junction)': 37, 'Roundabout Ahead': 13, 'Street Sign': 7, 'Directional Sign': 6}",18,test-set-max-gt-per-image,0.5,67,555,63,0,0.1077,0.5154,0.1782,0.0978,0.936,0.0744,0.0668,130,747,130,124,623,382,902600.5,94,8,isolated-model-prompt-chunks-v1,2560,bounded-model-specific-2b2560-8b1536-chunk8-v2,mtsd-stop-sign,lexical-paraphrase,2677.54,False,False
MTSD,test,Cosmos Reason2 2B,sens-mtsd-stop-03,traffic sign indicating that vehicles must stop,paraphrase-sensitivity,['Stop Sign'],"{'Auxiliary Sign': 6, 'Stop Sign': 80, 'Pedestrian Crossing': 62, 'Back-Unknown': 100, 'Blind-Spot Mirror (Convex Mirror)': 36, 'No Entry (One Way)': 110, 'Other-Unknown': 47, 'No Through Road (T-Junction)': 42, 'Roundabout Ahead': 13, 'Street Sign': 6, 'Directional Sign': 8}",18,test-set-max-gt-per-image,0.5,80,588,50,0,0.1198,0.6154,0.2005,0.1114,0.9396,0.0955,0.0867,130,747,130,124,623,430,895871.4,94,8,isolated-model-prompt-chunks-v1,2560,bounded-model-specific-2b2560-8b1536-chunk8-v2,mtsd-stop-sign,descriptive-paraphrase,2728.45,False,False
MTSD,test,Cosmos Reason2 2B,sens-mtsd-stop-04,find all stop signs,paraphrase-sensitivity,['Stop Sign'],"{'Auxiliary Sign': 6, 'Stop Sign': 96, 'Pedestrian Crossing': 24, 'Back-Unknown': 99, 'Blind-Spot Mirror (Convex Mirror)': 14, 'No Entry (One Way)': 123, 'Roundabout Ahead': 4, 'Other-Unknown': 38, 'No Through Road (T-Junction)': 39, 'Street Sign': 1}",18,test-set-max-gt-per-image,0.5,96,512,34,0,0.1579,0.7385,0.2602,0.1495,0.9176,0.1394,0.117,130,747,130,124,623,348,899770.9,94,8,isolated-model-prompt-chunks-v1,2560,bounded-model-specific-2b2560-8b1536-chunk8-v2,mtsd-stop-sign,instruction,2442.53,False,False
MTSD,test,Cosmos Reason2 8B,sens-mtsd-entry-01,no entry sign,paraphrase-sensitivity,['No Entry (One Way)'],"{'Auxiliary Sign': 10, 'Back-Unknown': 104, 'Other-Unknown': 63, 'No Entry (One Way)': 140, 'Blind-Spot Mirror (Convex Mirror)': 24, 'Roundabout Ahead': 6, 'Pedestrian Crossing': 18, 'Stop Sign': 20, 'No Through Road (T-Junction)': 46, 'Directional Sign': 4, 'Street Sign': 1}",18,test-set-max-gt-per-image,0.5,141,411,70,0,0.2554,0.6682,0.3696,0.2267,0.9163,0.1918,0.1542,211,747,211,181,566,295,1460646.1,94,8,isolated-model-prompt-chunks-v1,1536,bounded-model-specific-2b2560-8b1536-chunk8-v2,mtsd-no-entry,canonical,2133.74,False,False
MTSD,test,Cosmos Reason2 8B,sens-mtsd-entry-02,road sign indicating no entry,paraphrase-sensitivity,['No Entry (One Way)'],"{'Auxiliary Sign': 11, 'Back-Unknown': 101, 'Other-Unknown': 53, 'No Entry (One Way)': 141, 'Blind-Spot Mirror (Convex Mirror)': 18, 'Roundabout Ahead': 9, 'Stop Sign': 47, 'No Through Road (T-Junction)': 46, 'Pedestrian Crossing': 21, 'Directional Sign': 5, 'Street Sign': 2}",18,test-set-max-gt-per-image,0.5,141,418,70,0,0.2522,0.6682,0.3662,0.2242,0.9151,0.192,0.1529,211,747,211,181,566,313,1461469.3,94,8,isolated-model-prompt-chunks-v1,1536,bounded-model-specific-2b2560-8b1536-chunk8-v2,mtsd-no-entry,lexical-paraphrase,2226.44,False,False
MTSD,test,Cosmos Reason2 8B,sens-mtsd-entry-03,traffic sign prohibiting vehicles from entering,paraphrase-sensitivity,['No Entry (One Way)'],"{'Auxiliary Sign': 10, 'Stop Sign': 65, 'No Entry (One Way)': 139, 'Back-Unknown': 60, 'Blind-Spot Mirror (Convex Mirror)': 15, 'Roundabout Ahead': 7, 'No Through Road (T-Junction)': 46, 'Other-Unknown': 30, 'Directional Sign': 1, 'Pedestrian Crossing': 9, 'Street Sign': 1}",18,test-set-max-gt-per-image,0.5,139,323,72,0,0.3009,0.6588,0.4131,0.2603,0.918,0.2219,0.1786,211,747,211,181,566,244,1458946.2,94,8,isolated-model-prompt-chunks-v1,1536,bounded-model-specific-2b2560-8b1536-chunk8-v2,mtsd-no-entry,descriptive-paraphrase,2038.07,False,False
MTSD,test,Cosmos Reason2 8B,sens-mtsd-entry-04,find all no entry signs,paraphrase-sensitivity,['No Entry (One Way)'],"{'Auxiliary Sign': 10, 'Back-Unknown': 103, 'Other-Unknown': 54, 'No Entry (One Way)': 149, 'Blind-Spot Mirror (Convex Mirror)': 21, 'No Through Road (T-Junction)': 46, 'Stop Sign': 16, 'Directional Sign': 5, 'Pedestrian Crossing': 14, 'Roundabout Ahead': 5, 'Street Sign': 1}",18,test-set-max-gt-per-image,0.5,149,424,62,0,0.26,0.7062,0.3801,0.2346,0.9036,0.2068,0.1578,211,747,211,181,566,275,1460243.2,94,8,isolated-model-prompt-chunks-v1,1536,bounded-model-specific-2b2560-8b1536-chunk8-v2,mtsd-no-entry,instruction,2190.16,False,False
MTSD,test,Cosmos Reason2 8B,sens-mtsd-mirror-01,blind-spot convex mirror,paraphrase-sensitivity,['Blind-Spot Mirror (Convex Mirror)'],"{'Back-Unknown': 153, 'Blind-Spot Mirror (Convex Mirror)': 115, 'No Entry (One Way)': 26, 'No Through Road (T-Junction)': 6, 'Directional Sign': 5, 'Auxiliary Sign': 2, 'Other-Unknown': 7, 'Stop Sign': 3, 'Roundabout Ahead': 2, 'Pedestrian Crossing': 1, 'Street Sign': 1}",18,test-set-max-gt-per-image,0.5,115,471,45,0,0.1962,0.7188,0.3083,0.1823,0.9268,0.1596,0.1353,160,747,160,145,602,206,1430041.1,94,8,isolated-model-prompt-chunks-v1,1536,bounded-model-specific-2b2560-8b1536-chunk8-v2,mtsd-blind-spot-mirror,canonical,2188.91,False,False
MTSD,test,Cosmos Reason2 8B,sens-mtsd-mirror-02,roadside convex mirror for blind spots,paraphrase-sensitivity,['Blind-Spot Mirror (Convex Mirror)'],"{'Back-Unknown': 124, 'Blind-Spot Mirror (Convex Mirror)': 108, 'No Entry (One Way)': 20, 'No Through Road (T-Junction)': 5, 'Other-Unknown': 4, 'Directional Sign': 5, 'Auxiliary Sign': 1, 'Roundabout Ahead': 3, 'Stop Sign': 1, 'Street Sign': 1}",18,test-set-max-gt-per-image,0.5,108,349,52,0,0.2363,0.675,0.3501,0.2122,0.916,0.1765,0.144,160,747,160,145,602,164,1421055.6,94,8,isolated-model-prompt-chunks-v1,1536,bounded-model-specific-2b2560-8b1536-chunk8-v2,mtsd-blind-spot-mirror,lexical-paraphrase,1997.74,False,False
MTSD,test,Cosmos Reason2 8B,sens-mtsd-mirror-03,convex traffic mirror used to improve road visibility,paraphrase-sensitivity,['Blind-Spot Mirror (Convex Mirror)'],"{'Back-Unknown': 105, 'Blind-Spot Mirror (Convex Mirror)': 107, 'No Entry (One Way)': 19, 'No Through Road (T-Junction)': 3, 'Other-Unknown': 5, 'Directional Sign': 5, 'Auxiliary Sign': 1, 'Stop Sign': 1, 'Roundabout Ahead': 2, 'Street Sign': 1}",18,test-set-max-gt-per-image,0.5,107,286,53,0,0.2723,0.6687,0.387,0.2399,0.9191,0.1992,0.1633,160,747,160,145,602,142,1427857.0,94,8,isolated-model-prompt-chunks-v1,1536,bounded-model-specific-2b2560-8b1536-chunk8-v2,mtsd-blind-spot-mirror,descriptive-paraphrase,1906.0,False,False
MTSD,test,Cosmos Reason2 8B,sens-mtsd-mirror-04,find all roadside blind-spot mirrors,paraphrase-sensitivity,['Blind-Spot Mirror (Convex Mirror)'],"{'Back-Unknown': 40, 'No Entry (One Way)': 7, 'Blind-Spot Mirror (Convex Mirror)': 75, 'Street Sign': 1, 'Directional Sign': 4, 'Pedestrian Crossing': 1}",18,test-set-max-gt-per-image,0.5,75,179,85,0,0.2953,0.4688,0.3623,0.2212,0.9091,0.1498,0.1175,160,747,160,145,602,53,1416485.0,94,8,isolated-model-prompt-chunks-v1,1536,bounded-model-specific-2b2560-8b1536-chunk8-v2,mtsd-blind-spot-mirror,instruction,1514.0,False,False
MTSD,test,Cosmos Reason2 8B,sens-mtsd-ped-01,pedestrian crossing sign,paraphrase-sensitivity,['Pedestrian Crossing'],"{'Auxiliary Sign': 8, 'Back-Unknown': 129, 'Pedestrian Crossing': 89, 'Blind-Spot Mirror (Convex Mirror)': 29, 'No Entry (One Way)': 64, 'Stop Sign': 8, 'No Through Road (T-Junction)': 48, 'Roundabout Ahead': 9, 'Other-Unknown': 31, 'Street Sign': 4, 'Directional Sign': 16}",18,test-set-max-gt-per-image,0.5,89,500,54,0,0.1511,0.6224,0.2432,0.1384,0.88,0.1156,0.082,143,747,143,115,632,346,1448559.6,94,8,isolated-model-prompt-chunks-v1,1536,bounded-model-specific-2b2560-8b1536-chunk8-v2,mtsd-pedestrian-crossing,canonical,2236.62,False,False
MTSD,test,Cosmos Reason2 8B,sens-mtsd-ped-02,road sign for a pedestrian crossing,paraphrase-sensitivity,['Pedestrian Crossing'],"{'Auxiliary Sign': 7, 'Back-Unknown': 108, 'Pedestrian Crossing': 86, 'Blind-Spot Mirror (Convex Mirror)': 15, 'No Entry (One Way)': 33, 'No Through Road (T-Junction)': 46, 'Roundabout Ahead': 5, 'Other-Unknown': 25, 'Directional Sign': 9, 'Street Sign': 3, 'Stop Sign': 2}",18,test-set-max-gt-per-image,0.5,86,351,57,0,0.1968,0.6014,0.2966,0.1741,0.8885,0.1411,0.1041,143,747,143,115,632,253,1441286.4,94,8,isolated-model-prompt-chunks-v1,1536,bounded-model-specific-2b2560-8b1536-chunk8-v2,mtsd-pedestrian-crossing,lexical-paraphrase,1929.18,False,False
MTSD,test,Cosmos Reason2 8B,sens-mtsd-ped-03,sign indicating a pedestrian crossing,paraphrase-sensitivity,['Pedestrian Crossing'],"{'Auxiliary Sign': 4, 'Pedestrian Crossing': 84, 'Back-Unknown': 43, 'Blind-Spot Mirror (Convex Mirror)': 11, 'Other-Unknown': 18, 'No Through Road (T-Junction)': 45, 'Directional Sign': 8, 'No Entry (One Way)': 11, 'Street Sign': 6, 'Stop Sign': 3, 'Roundabout Ahead': 4}",18,test-set-max-gt-per-image,0.5,84,249,59,0,0.2523,0.5874,0.3529,0.2143,0.8935,0.1873,0.1487,143,747,143,115,632,153,1459908.3,94,8,isolated-model-prompt-chunks-v1,1536,bounded-model-specific-2b2560-8b1536-chunk8-v2,mtsd-pedestrian-crossing,descriptive-paraphrase,1717.25,False,False
MTSD,test,Cosmos Reason2 8B,sens-mtsd-ped-04,find all pedestrian crossing signs,paraphrase-sensitivity,['Pedestrian Crossing'],"{'Pedestrian Crossing': 89, 'Back-Unknown': 57, 'No Entry (One Way)': 18, 'No Through Road (T-Junction)': 43, 'Stop Sign': 8, 'Other-Unknown': 20, 'Directional Sign': 8, 'Blind-Spot Mirror (Convex Mirror)': 6, 'Auxiliary Sign': 3, 'Street Sign': 2, 'Roundabout Ahead': 5}",18,test-set-max-gt-per-image,0.5,89,332,54,0,0.2114,0.6224,0.3156,0.1874,0.8765,0.1703,0.1188,143,747,143,115,632,170,1466256.6,94,8,isolated-model-prompt-chunks-v1,1536,bounded-model-specific-2b2560-8b1536-chunk8-v2,mtsd-pedestrian-crossing,instruction,1912.07,False,False
MTSD,test,Cosmos Reason2 8B,sens-mtsd-roundabout-01,roundabout ahead sign,paraphrase-sensitivity,['Roundabout Ahead'],"{'Back-Unknown': 103, 'Other-Unknown': 30, 'Blind-Spot Mirror (Convex Mirror)': 43, 'No Entry (One Way)': 106, 'Roundabout Ahead': 44, 'Pedestrian Crossing': 17, 'No Through Road (T-Junction)': 42, 'Directional Sign': 19, 'Stop Sign': 2, 'Auxiliary Sign': 3, 'Street Sign': 1}",18,test-set-max-gt-per-image,0.5,45,476,22,0,0.0864,0.6716,0.1531,0.0829,0.9142,0.0678,0.0555,67,747,67,59,688,365,1456397.0,94,8,isolated-model-prompt-chunks-v1,1536,bounded-model-specific-2b2560-8b1536-chunk8-v2,mtsd-roundabout-ahead,canonical,2102.28,False,False
MTSD,test,Cosmos Reason2 8B,sens-mtsd-roundabout-02,warning sign for a roundabout ahead,paraphrase-sensitivity,['Roundabout Ahead'],"{'Auxiliary Sign': 4, 'Other-Unknown': 55, 'Pedestrian Crossing': 15, 'Back-Unknown': 48, 'Blind-Spot Mirror (Convex Mirror)': 29, 'No Entry (One Way)': 65, 'Roundabout Ahead': 17, 'No Through Road (T-Junction)': 29, 'Directional Sign': 13, 'Street Sign': 1, 'Stop Sign': 5}",18,test-set-max-gt-per-image,0.5,18,340,49,0,0.0503,0.2687,0.0847,0.0442,0.8786,0.0193,0.0133,67,747,67,59,688,263,1462781.4,94,8,isolated-model-prompt-chunks-v1,1536,bounded-model-specific-2b2560-8b1536-chunk8-v2,mtsd-roundabout-ahead,lexical-paraphrase,1826.82,False,False
MTSD,test,Cosmos Reason2 8B,sens-mtsd-roundabout-03,traffic sign indicating an upcoming roundabout,paraphrase-sensitivity,['Roundabout Ahead'],"{'Back-Unknown': 41, 'Blind-Spot Mirror (Convex Mirror)': 18, 'No Entry (One Way)': 24, 'Roundabout Ahead': 40, 'No Through Road (T-Junction)': 34, 'Directional Sign': 10, 'Other-Unknown': 21, 'Pedestrian Crossing': 13, 'Stop Sign': 3, 'Auxiliary Sign': 3}",18,test-set-max-gt-per-image,0.5,41,216,26,0,0.1595,0.6119,0.2531,0.1449,0.9195,0.1157,0.0966,67,747,67,59,688,166,1462024.4,94,8,isolated-model-prompt-chunks-v1,1536,bounded-model-specific-2b2560-8b1536-chunk8-v2,mtsd-roundabout-ahead,descriptive-paraphrase,1590.35,False,False
MTSD,test,Cosmos Reason2 8B,sens-mtsd-roundabout-04,find all roundabout ahead signs,paraphrase-sensitivity,['Roundabout Ahead'],"{'Back-Unknown': 87, 'Other-Unknown': 31, 'Blind-Spot Mirror (Convex Mirror)': 36, 'No Entry (One Way)': 97, 'Roundabout Ahead': 45, 'Stop Sign': 16, 'No Through Road (T-Junction)': 37, 'Pedestrian Crossing': 28, 'Directional Sign': 17, 'Street Sign': 1, 'Auxiliary Sign': 2}",18,test-set-max-gt-per-image,0.5,46,470,21,0,0.0891,0.6866,0.1578,0.0857,0.9122,0.0677,0.0553,67,747,67,59,688,351,1433807.2,94,8,isolated-model-prompt-chunks-v1,1536,bounded-model-specific-2b2560-8b1536-chunk8-v2,mtsd-roundabout-ahead,instruction,2073.52,False,False
MTSD,test,Cosmos Reason2 8B,sens-mtsd-stop-01,stop sign,paraphrase-sensitivity,['Stop Sign'],"{'Auxiliary Sign': 6, 'Stop Sign': 104, 'Back-Unknown': 127, 'No Entry (One Way)': 143, 'Blind-Spot Mirror (Convex Mirror)': 28, 'Other-Unknown': 46, 'No Through Road (T-Junction)': 45, 'Roundabout Ahead': 5, 'Pedestrian Crossing': 16, 'Directional Sign': 2, 'Street Sign': 1}",18,test-set-max-gt-per-image,0.5,105,520,25,0,0.168,0.8077,0.2781,0.1615,0.919,0.16,0.1327,130,747,130,124,623,418,1465767.3,94,8,isolated-model-prompt-chunks-v1,1536,bounded-model-specific-2b2560-8b1536-chunk8-v2,mtsd-stop-sign,canonical,2250.2,False,False
MTSD,test,Cosmos Reason2 8B,sens-mtsd-stop-02,road sign instructing drivers to stop,paraphrase-sensitivity,['Stop Sign'],"{'Auxiliary Sign': 6, 'Stop Sign': 96, 'No Entry (One Way)': 114, 'Back-Unknown': 41, 'Blind-Spot Mirror (Convex Mirror)': 10, 'Roundabout Ahead': 6, 'Pedestrian Crossing': 7, 'No Through Road (T-Junction)': 40, 'Other-Unknown': 26}",18,test-set-max-gt-per-image,0.5,96,301,34,0,0.2418,0.7385,0.3643,0.2227,0.9399,0.2047,0.1844,130,747,130,124,623,250,1459340.6,94,8,isolated-model-prompt-chunks-v1,1536,bounded-model-specific-2b2560-8b1536-chunk8-v2,mtsd-stop-sign,lexical-paraphrase,1912.61,False,False
MTSD,test,Cosmos Reason2 8B,sens-mtsd-stop-03,traffic sign indicating that vehicles must stop,paraphrase-sensitivity,['Stop Sign'],"{'Auxiliary Sign': 6, 'Stop Sign': 98, 'No Entry (One Way)': 107, 'Back-Unknown': 46, 'Roundabout Ahead': 6, 'Blind-Spot Mirror (Convex Mirror)': 6, 'No Through Road (T-Junction)': 43, 'Other-Unknown': 32, 'Pedestrian Crossing': 9, 'Street Sign': 1, 'Directional Sign': 1}",18,test-set-max-gt-per-image,0.5,98,311,32,0,0.2396,0.7538,0.3636,0.2222,0.9387,0.2198,0.1963,130,747,130,124,623,257,1481821.8,94,8,isolated-model-prompt-chunks-v1,1536,bounded-model-specific-2b2560-8b1536-chunk8-v2,mtsd-stop-sign,descriptive-paraphrase,1937.34,False,False
MTSD,test,Cosmos Reason2 8B,sens-mtsd-stop-04,find all stop signs,paraphrase-sensitivity,['Stop Sign'],"{'Auxiliary Sign': 3, 'Stop Sign': 103, 'Back-Unknown': 87, 'No Entry (One Way)': 145, 'Blind-Spot Mirror (Convex Mirror)': 19, 'No Through Road (T-Junction)': 42, 'Roundabout Ahead': 5, 'Other-Unknown': 32, 'Pedestrian Crossing': 12, 'Street Sign': 1}",18,test-set-max-gt-per-image,0.5,104,440,26,0,0.1912,0.8,0.3086,0.1825,0.9223,0.1865,0.1564,130,747,130,124,623,345,1463966.0,94,8,isolated-model-prompt-chunks-v1,1536,bounded-model-specific-2b2560-8b1536-chunk8-v2,mtsd-stop-sign,instruction,2084.2,False,False
MTSD,test,LocateAnything 3B,sens-mtsd-entry-01,no entry sign,paraphrase-sensitivity,['No Entry (One Way)'],"{'Auxiliary Sign': 18, 'Street Sign': 14, 'Directional Sign': 21, 'Stop Sign': 54, 'Pedestrian Crossing': 41, 'Other-Unknown': 69, 'No Entry (One Way)': 146, 'Back-Unknown': 105, 'Blind-Spot Mirror (Convex Mirror)': 24, 'Roundabout Ahead': 20, 'No Through Road (T-Junction)': 41}",18,test-set-max-gt-per-image,0.5,146,1701,65,1,0.079,0.6919,0.1419,0.0764,0.9464,0.0566,0.0499,211,747,211,181,566,409,155933.6,12,64,isolated-model-prompt-chunks-v1,,,mtsd-no-entry,canonical,7817.9,False,False
MTSD,test,LocateAnything 3B,sens-mtsd-entry-02,road sign indicating no entry,paraphrase-sensitivity,['No Entry (One Way)'],"{'Auxiliary Sign': 22, 'Street Sign': 16, 'Directional Sign': 33, 'Stop Sign': 88, 'Back-Unknown': 182, 'Other-Unknown': 80, 'Pedestrian Crossing': 56, 'No Entry (One Way)': 149, 'Blind-Spot Mirror (Convex Mirror)': 38, 'Roundabout Ahead': 28, 'No Through Road (T-Junction)': 49}",18,test-set-max-gt-per-image,0.5,149,2837,62,3,0.0499,0.7062,0.0932,0.0489,0.9367,0.0387,0.0329,211,747,211,181,566,595,155705.3,12,64,isolated-model-prompt-chunks-v1,,,mtsd-no-entry,lexical-paraphrase,8116.26,False,False
MTSD,test,LocateAnything 3B,sens-mtsd-entry-03,traffic sign prohibiting vehicles from entering,paraphrase-sensitivity,['No Entry (One Way)'],"{'Auxiliary Sign': 26, 'Street Sign': 22, 'Directional Sign': 39, 'Stop Sign': 104, 'Back-Unknown': 228, 'Other-Unknown': 94, 'Pedestrian Crossing': 76, 'No Entry (One Way)': 147, 'Blind-Spot Mirror (Convex Mirror)': 51, 'Roundabout Ahead': 38, 'No Through Road (T-Junction)': 51}",18,test-set-max-gt-per-image,0.5,147,3386,64,3,0.0416,0.6967,0.0785,0.0409,0.931,0.0322,0.0269,211,747,211,181,566,738,156401.1,12,64,isolated-model-prompt-chunks-v1,,,mtsd-no-entry,descriptive-paraphrase,8359.56,False,False
MTSD,test,LocateAnything 3B,sens-mtsd-entry-04,find all no entry signs,paraphrase-sensitivity,['No Entry (One Way)'],"{'Auxiliary Sign': 20, 'Street Sign': 16, 'Directional Sign': 23, 'Stop Sign': 61, 'Back-Unknown': 140, 'Other-Unknown': 72, 'Pedestrian Crossing': 55, 'No Entry (One Way)': 140, 'Blind-Spot Mirror (Convex Mirror)': 25, 'Roundabout Ahead': 29, 'No Through Road (T-Junction)': 43}",18,test-set-max-gt-per-image,0.5,140,2036,71,4,0.0643,0.6635,0.1173,0.0623,0.9316,0.0461,0.0389,211,747,211,181,566,493,156417.8,12,64,isolated-model-prompt-chunks-v1,,,mtsd-no-entry,instruction,7885.36,False,False
MTSD,test,LocateAnything 3B,sens-mtsd-mirror-01,blind-spot convex mirror,paraphrase-sensitivity,['Blind-Spot Mirror (Convex Mirror)'],"{'Back-Unknown': 71, 'Blind-Spot Mirror (Convex Mirror)': 101, 'Other-Unknown': 6, 'No Through Road (T-Junction)': 2, 'Auxiliary Sign': 2, 'No Entry (One Way)': 8, 'Directional Sign': 3, 'Street Sign': 2, 'Stop Sign': 4, 'Pedestrian Crossing': 3}",18,test-set-max-gt-per-image,0.5,101,1220,59,1,0.0765,0.6312,0.1364,0.0732,0.9616,0.0538,0.0496,160,747,160,145,602,101,161941.7,12,64,isolated-model-prompt-chunks-v1,,,mtsd-blind-spot-mirror,canonical,9680.4,False,False
MTSD,test,LocateAnything 3B,sens-mtsd-mirror-02,roadside convex mirror for blind spots,paraphrase-sensitivity,['Blind-Spot Mirror (Convex Mirror)'],"{'Back-Unknown': 118, 'Blind-Spot Mirror (Convex Mirror)': 109, 'Street Sign': 4, 'No Entry (One Way)': 17, 'Auxiliary Sign': 2, 'Stop Sign': 3, 'Other-Unknown': 7, 'Directional Sign': 3, 'Roundabout Ahead': 1, 'Pedestrian Crossing': 1}",18,test-set-max-gt-per-image,0.5,109,1506,51,4,0.0675,0.6813,0.1228,0.0654,0.9468,0.0534,0.0474,160,747,160,145,602,159,158077.6,12,64,isolated-model-prompt-chunks-v1,,,mtsd-blind-spot-mirror,lexical-paraphrase,7689.75,False,False
MTSD,test,LocateAnything 3B,sens-mtsd-mirror-03,convex traffic mirror used to improve road visibility,paraphrase-sensitivity,['Blind-Spot Mirror (Convex Mirror)'],"{'Back-Unknown': 195, 'Blind-Spot Mirror (Convex Mirror)': 121, 'Other-Unknown': 15, 'Street Sign': 5, 'No Entry (One Way)': 44, 'Directional Sign': 9, 'Auxiliary Sign': 2, 'Stop Sign': 7, 'Roundabout Ahead': 2, 'Pedestrian Crossing': 3, 'No Through Road (T-Junction)': 3}",18,test-set-max-gt-per-image,0.5,121,1996,39,1,0.0572,0.7562,0.1063,0.0561,0.9301,0.0534,0.0439,160,747,160,145,602,288,158612.0,12,64,isolated-model-prompt-chunks-v1,,,mtsd-blind-spot-mirror,descriptive-paraphrase,7915.56,False,False
MTSD,test,LocateAnything 3B,sens-mtsd-mirror-04,find all roadside blind-spot mirrors,paraphrase-sensitivity,['Blind-Spot Mirror (Convex Mirror)'],"{'Back-Unknown': 51, 'Blind-Spot Mirror (Convex Mirror)': 83, 'No Through Road (T-Junction)': 1, 'No Entry (One Way)': 8, 'Auxiliary Sign': 2, 'Street Sign': 2, 'Directional Sign': 3, 'Other-Unknown': 6, 'Stop Sign': 1, 'Pedestrian Crossing': 1}",18,test-set-max-gt-per-image,0.5,83,1818,77,0,0.0437,0.5188,0.0805,0.042,0.9512,0.0258,0.0229,160,747,160,145,602,77,158760.5,12,64,isolated-model-prompt-chunks-v1,,,mtsd-blind-spot-mirror,instruction,7561.66,False,False
MTSD,test,LocateAnything 3B,sens-mtsd-ped-01,pedestrian crossing sign,paraphrase-sensitivity,['Pedestrian Crossing'],"{'Pedestrian Crossing': 75, 'Back-Unknown': 37, 'Blind-Spot Mirror (Convex Mirror)': 11, 'Roundabout Ahead': 6, 'Street Sign': 3, 'Directional Sign': 7, 'Other-Unknown': 7, 'No Through Road (T-Junction)': 18, 'No Entry (One Way)': 11, 'Auxiliary Sign': 5, 'Stop Sign': 6}",18,test-set-max-gt-per-image,0.5,75,631,68,0,0.1062,0.5245,0.1767,0.0969,0.9478,0.0689,0.0637,143,747,143,115,632,112,159626.8,12,64,isolated-model-prompt-chunks-v1,,,mtsd-pedestrian-crossing,canonical,7246.3,False,False
MTSD,test,LocateAnything 3B,sens-mtsd-ped-02,road sign for a pedestrian crossing,paraphrase-sensitivity,['Pedestrian Crossing'],"{'Auxiliary Sign': 25, 'Street Sign': 19, 'Directional Sign': 28, 'Stop Sign': 60, 'Back-Unknown': 212, 'Pedestrian Crossing': 86, 'Other-Unknown': 70, 'No Entry (One Way)': 101, 'Blind-Spot Mirror (Convex Mirror)': 48, 'Roundabout Ahead': 23, 'No Through Road (T-Junction)': 44}",18,test-set-max-gt-per-image,0.5,86,3173,57,2,0.0264,0.6014,0.0506,0.0259,0.9056,0.0206,0.0166,143,747,143,115,632,639,157973.8,12,64,isolated-model-prompt-chunks-v1,,,mtsd-pedestrian-crossing,lexical-paraphrase,8341.66,False,False
MTSD,test,LocateAnything 3B,sens-mtsd-ped-03,sign indicating a pedestrian crossing,paraphrase-sensitivity,['Pedestrian Crossing'],"{'Auxiliary Sign': 16, 'Street Sign': 19, 'Directional Sign': 18, 'Stop Sign': 45, 'Back-Unknown': 147, 'Pedestrian Crossing': 85, 'Other-Unknown': 47, 'Blind-Spot Mirror (Convex Mirror)': 28, 'No Entry (One Way)': 70, 'Roundabout Ahead': 17, 'No Through Road (T-Junction)': 44}",18,test-set-max-gt-per-image,0.5,85,2380,58,3,0.0345,0.5944,0.0652,0.0337,0.9188,0.0258,0.0214,143,747,143,115,632,458,159481.2,12,64,isolated-model-prompt-chunks-v1,,,mtsd-pedestrian-crossing,descriptive-paraphrase,8334.62,False,False
MTSD,test,LocateAnything 3B,sens-mtsd-ped-04,find all pedestrian crossing signs,paraphrase-sensitivity,['Pedestrian Crossing'],"{'Back-Unknown': 83, 'Pedestrian Crossing': 77, 'Other-Unknown': 33, 'Stop Sign': 13, 'Blind-Spot Mirror (Convex Mirror)': 11, 'Roundabout Ahead': 11, 'Street Sign': 6, 'Directional Sign': 12, 'Auxiliary Sign': 11, 'No Entry (One Way)': 27, 'No Through Road (T-Junction)': 22}",18,test-set-max-gt-per-image,0.5,77,1504,66,3,0.0487,0.5385,0.0893,0.0468,0.912,0.0322,0.0263,143,747,143,115,632,232,161737.6,12,64,isolated-model-prompt-chunks-v1,,,mtsd-pedestrian-crossing,instruction,7650.15,False,False
MTSD,test,LocateAnything 3B,sens-mtsd-roundabout-01,roundabout ahead sign,paraphrase-sensitivity,['Roundabout Ahead'],"{'Auxiliary Sign': 29, 'Directional Sign': 32, 'Stop Sign': 65, 'Back-Unknown': 208, 'Pedestrian Crossing': 72, 'Other-Unknown': 91, 'No Entry (One Way)': 148, 'Blind-Spot Mirror (Convex Mirror)': 75, 'Roundabout Ahead': 42, 'Street Sign': 20, 'No Through Road (T-Junction)': 51}",18,test-set-max-gt-per-image,0.5,43,2361,24,0,0.0179,0.6418,0.0348,0.0177,0.9419,0.0135,0.0115,67,747,67,59,688,794,157964.6,12,64,isolated-model-prompt-chunks-v1,,,mtsd-roundabout-ahead,canonical,8516.74,False,False
MTSD,test,LocateAnything 3B,sens-mtsd-roundabout-02,warning sign for a roundabout ahead,paraphrase-sensitivity,['Roundabout Ahead'],"{'Auxiliary Sign': 29, 'Street Sign': 23, 'Directional Sign': 40, 'Stop Sign': 74, 'Back-Unknown': 248, 'Pedestrian Crossing': 81, 'Other-Unknown': 107, 'No Entry (One Way)': 139, 'Blind-Spot Mirror (Convex Mirror)': 67, 'Roundabout Ahead': 49, 'No Through Road (T-Junction)': 49}",18,test-set-max-gt-per-image,0.5,50,3440,17,0,0.0143,0.7463,0.0281,0.0143,0.9213,0.0122,0.0097,67,747,67,59,688,876,160199.7,12,64,isolated-model-prompt-chunks-v1,,,mtsd-roundabout-ahead,lexical-paraphrase,8499.85,False,False
MTSD,test,LocateAnything 3B,sens-mtsd-roundabout-03,traffic sign indicating an upcoming roundabout,paraphrase-sensitivity,['Roundabout Ahead'],"{'Directional Sign': 45, 'Stop Sign': 84, 'Back-Unknown': 235, 'Pedestrian Crossing': 75, 'Other-Unknown': 95, 'No Entry (One Way)': 141, 'Blind-Spot Mirror (Convex Mirror)': 64, 'Roundabout Ahead': 45, 'Auxiliary Sign': 27, 'Street Sign': 25, 'No Through Road (T-Junction)': 48, 'Tourist Sign': 1}",18,test-set-max-gt-per-image,0.5,46,3807,21,0,0.0119,0.6866,0.0235,0.0119,0.9352,0.0095,0.008,67,747,67,59,688,858,158202.9,12,64,isolated-model-prompt-chunks-v1,,,mtsd-roundabout-ahead,descriptive-paraphrase,8478.25,False,False
MTSD,test,LocateAnything 3B,sens-mtsd-roundabout-04,find all roundabout ahead signs,paraphrase-sensitivity,['Roundabout Ahead'],"{'Auxiliary Sign': 24, 'Street Sign': 16, 'Directional Sign': 28, 'Stop Sign': 46, 'Back-Unknown': 231, 'Pedestrian Crossing': 70, 'Other-Unknown': 84, 'No Entry (One Way)': 134, 'Blind-Spot Mirror (Convex Mirror)': 60, 'Roundabout Ahead': 43, 'No Through Road (T-Junction)': 40}",18,test-set-max-gt-per-image,0.5,44,3267,23,0,0.0133,0.6567,0.0261,0.0132,0.9252,0.0105,0.0084,67,747,67,59,688,746,162387.7,12,64,isolated-model-prompt-chunks-v1,,,mtsd-roundabout-ahead,instruction,8190.68,False,False
MTSD,test,LocateAnything 3B,sens-mtsd-stop-01,stop sign,paraphrase-sensitivity,['Stop Sign'],"{'Auxiliary Sign': 8, 'Stop Sign': 103, 'Back-Unknown': 90, 'Other-Unknown': 44, 'No Entry (One Way)': 160, 'Pedestrian Crossing': 12, 'Blind-Spot Mirror (Convex Mirror)': 25, 'Street Sign': 16, 'Directional Sign': 12, 'Roundabout Ahead': 4, 'No Through Road (T-Junction)': 19}",18,test-set-max-gt-per-image,0.5,103,1427,27,0,0.0673,0.7923,0.1241,0.0662,0.9572,0.0642,0.059,130,747,130,124,623,391,159836.0,12,64,isolated-model-prompt-chunks-v1,,,mtsd-stop-sign,canonical,7849.8,False,False
MTSD,test,LocateAnything 3B,sens-mtsd-stop-02,road sign instructing drivers to stop,paraphrase-sensitivity,['Stop Sign'],"{'Auxiliary Sign': 24, 'Street Sign': 22, 'Directional Sign': 25, 'Stop Sign': 105, 'Back-Unknown': 181, 'Pedestrian Crossing': 57, 'Other-Unknown': 65, 'No Entry (One Way)': 150, 'Blind-Spot Mirror (Convex Mirror)': 51, 'Roundabout Ahead': 16, 'No Through Road (T-Junction)': 47}",18,test-set-max-gt-per-image,0.5,105,2910,25,1,0.0348,0.8077,0.0668,0.0345,0.9449,0.034,0.0298,130,747,130,124,623,649,162211.1,12,64,isolated-model-prompt-chunks-v1,,,mtsd-stop-sign,lexical-paraphrase,8264.73,False,False
MTSD,test,LocateAnything 3B,sens-mtsd-stop-03,traffic sign indicating that vehicles must stop,paraphrase-sensitivity,['Stop Sign'],"{'Auxiliary Sign': 24, 'Stop Sign': 106, 'Back-Unknown': 191, 'Other-Unknown': 81, 'Pedestrian Crossing': 57, 'No Entry (One Way)': 151, 'Blind-Spot Mirror (Convex Mirror)': 45, 'Roundabout Ahead': 27, 'Street Sign': 18, 'No Through Road (T-Junction)': 49, 'Directional Sign': 29}",18,test-set-max-gt-per-image,0.5,106,2907,24,0,0.0352,0.8154,0.0675,0.0349,0.9405,0.0373,0.0328,130,747,130,124,623,691,157292.3,12,64,isolated-model-prompt-chunks-v1,,,mtsd-stop-sign,descriptive-paraphrase,8168.27,False,False
MTSD,test,LocateAnything 3B,sens-mtsd-stop-04,find all stop signs,paraphrase-sensitivity,['Stop Sign'],"{'Auxiliary Sign': 8, 'Street Sign': 16, 'Directional Sign': 16, 'Stop Sign': 102, 'Back-Unknown': 117, 'Other-Unknown': 42, 'No Entry (One Way)': 155, 'Pedestrian Crossing': 10, 'Blind-Spot Mirror (Convex Mirror)': 22, 'Roundabout Ahead': 3, 'No Through Road (T-Junction)': 18}",18,test-set-max-gt-per-image,0.5,102,1790,28,0,0.0539,0.7846,0.1009,0.0531,0.9453,0.0533,0.0471,130,747,130,124,623,418,158608.0,12,64,isolated-model-prompt-chunks-v1,,,mtsd-stop-sign,instruction,7641.79,False,False
MTSD,test,SAM 3.1,sens-mtsd-entry-01,no entry sign,paraphrase-sensitivity,['No Entry (One Way)'],"{'Auxiliary Sign': 38, 'Directional Sign': 27, 'Stop Sign': 109, 'Back-Unknown': 79, 'Pedestrian Crossing': 45, 'Other-Unknown': 92, 'No Entry (One Way)': 172, 'Blind-Spot Mirror (Convex Mirror)': 22, 'Roundabout Ahead': 22, 'No Through Road (T-Junction)': 47, 'Street Sign': 15, 'Tourist Sign': 1}",18,test-set-max-gt-per-image,0.5,173,830,38,1,0.1725,0.8199,0.285,0.1662,0.9301,0.518,0.4695,211,747,211,181,566,497,8827.9,1,,isolated-model-prompt-chunks-v1,,,mtsd-no-entry,canonical,183.21,True,True
MTSD,test,SAM 3.1,sens-mtsd-entry-02,road sign indicating no entry,paraphrase-sensitivity,['No Entry (One Way)'],"{'Auxiliary Sign': 44, 'Stop Sign': 107, 'Back-Unknown': 182, 'Pedestrian Crossing': 107, 'Other-Unknown': 144, 'No Entry (One Way)': 162, 'Roundabout Ahead': 52, 'No Through Road (T-Junction)': 52, 'Directional Sign': 55, 'Street Sign': 14, 'Blind-Spot Mirror (Convex Mirror)': 5, 'Tourist Sign': 1}",18,test-set-max-gt-per-image,0.5,162,1177,49,0,0.121,0.7678,0.209,0.1167,0.9327,0.2213,0.1979,211,747,211,181,566,764,8869.2,1,,isolated-model-prompt-chunks-v1,,,mtsd-no-entry,lexical-paraphrase,217.5,True,True
MTSD,test,SAM 3.1,sens-mtsd-entry-03,traffic sign prohibiting vehicles from entering,paraphrase-sensitivity,['No Entry (One Way)'],"{'Auxiliary Sign': 43, 'Back-Unknown': 200, 'Stop Sign': 108, 'Pedestrian Crossing': 110, 'Other-Unknown': 156, 'No Entry (One Way)': 168, 'Blind-Spot Mirror (Convex Mirror)': 27, 'Roundabout Ahead': 57, 'No Through Road (T-Junction)': 54, 'Directional Sign': 69, 'Street Sign': 15, 'Tourist Sign': 1}",18,test-set-max-gt-per-image,0.5,169,1652,42,1,0.0928,0.8009,0.1663,0.0907,0.9272,0.2026,0.1754,211,747,211,181,566,839,8815.6,1,,isolated-model-prompt-chunks-v1,,,mtsd-no-entry,descriptive-paraphrase,240.33,True,True
MTSD,test,SAM 3.1,sens-mtsd-entry-04,find all no entry signs,paraphrase-sensitivity,['No Entry (One Way)'],"{'Auxiliary Sign': 12, 'Stop Sign': 101, 'Pedestrian Crossing': 83, 'Other-Unknown': 82, 'No Entry (One Way)': 161, 'Blind-Spot Mirror (Convex Mirror)': 18, 'Roundabout Ahead': 48, 'Back-Unknown': 26, 'No Through Road (T-Junction)': 48, 'Directional Sign': 40, 'Street Sign': 7, 'Tourist Sign': 1}",18,test-set-max-gt-per-image,0.5,162,581,49,0,0.218,0.7678,0.3396,0.2045,0.9383,0.3767,0.3454,211,747,211,181,566,465,8962.5,1,,isolated-model-prompt-chunks-v1,,,mtsd-no-entry,instruction,179.8,True,True
MTSD,test,SAM 3.1,sens-mtsd-mirror-01,blind-spot convex mirror,paraphrase-sensitivity,['Blind-Spot Mirror (Convex Mirror)'],"{'Blind-Spot Mirror (Convex Mirror)': 72, 'Back-Unknown': 8, 'Other-Unknown': 1}",18,test-set-max-gt-per-image,0.5,72,26,88,0,0.7347,0.45,0.5581,0.3871,0.9647,0.425,0.3992,160,747,160,145,602,9,8824.9,1,,isolated-model-prompt-chunks-v1,,,mtsd-blind-spot-mirror,canonical,154.23,True,True
MTSD,test,SAM 3.1,sens-mtsd-mirror-02,roadside convex mirror for blind spots,paraphrase-sensitivity,['Blind-Spot Mirror (Convex Mirror)'],"{'Back-Unknown': 60, 'Blind-Spot Mirror (Convex Mirror)': 89, 'Other-Unknown': 4, 'No Entry (One Way)': 6, 'Street Sign': 1, 'Directional Sign': 2, 'Pedestrian Crossing': 1, 'Stop Sign': 2}",18,test-set-max-gt-per-image,0.5,89,608,71,0,0.1277,0.5563,0.2077,0.1159,0.9256,0.39,0.3395,160,747,160,145,602,76,8738.7,1,,isolated-model-prompt-chunks-v1,,,mtsd-blind-spot-mirror,lexical-paraphrase,234.74,True,True
MTSD,test,SAM 3.1,sens-mtsd-mirror-03,convex traffic mirror used to improve road visibility,paraphrase-sensitivity,['Blind-Spot Mirror (Convex Mirror)'],"{'Back-Unknown': 242, 'Stop Sign': 102, 'Pedestrian Crossing': 59, 'Other-Unknown': 98, 'No Entry (One Way)': 161, 'Blind-Spot Mirror (Convex Mirror)': 124, 'Roundabout Ahead': 39, 'Auxiliary Sign': 30, 'No Through Road (T-Junction)': 40, 'Street Sign': 12, 'Directional Sign': 39, 'Tourist Sign': 1}",18,test-set-max-gt-per-image,0.5,124,1907,36,1,0.0611,0.775,0.1132,0.06,0.9086,0.1052,0.08,160,747,160,145,602,825,8828.7,1,,isolated-model-prompt-chunks-v1,,,mtsd-blind-spot-mirror,descriptive-paraphrase,238.64,True,True
MTSD,test,SAM 3.1,sens-mtsd-mirror-04,find all roadside blind-spot mirrors,paraphrase-sensitivity,['Blind-Spot Mirror (Convex Mirror)'],"{'Back-Unknown': 64, 'Pedestrian Crossing': 6, 'No Entry (One Way)': 74, 'Blind-Spot Mirror (Convex Mirror)': 91, 'Other-Unknown': 8, 'Directional Sign': 4, 'No Through Road (T-Junction)': 18, 'Roundabout Ahead': 7, 'Stop Sign': 6, 'Street Sign': 1}",18,test-set-max-gt-per-image,0.5,91,463,69,0,0.1643,0.5687,0.2549,0.1461,0.9494,0.3673,0.337,160,747,160,145,602,188,8683.8,1,,isolated-model-prompt-chunks-v1,,,mtsd-blind-spot-mirror,instruction,240.1,True,True
MTSD,test,SAM 3.1,sens-mtsd-ped-01,pedestrian crossing sign,paraphrase-sensitivity,['Pedestrian Crossing'],"{'Pedestrian Crossing': 82, 'Roundabout Ahead': 2, 'Directional Sign': 3, 'No Through Road (T-Junction)': 10, 'Other-Unknown': 6}",18,test-set-max-gt-per-image,0.5,82,45,61,0,0.6457,0.5734,0.6074,0.4362,0.9377,0.5442,0.507,143,747,143,115,632,21,9818.4,1,,isolated-model-prompt-chunks-v1,,,mtsd-pedestrian-crossing,canonical,159.95,True,True
MTSD,test,SAM 3.1,sens-mtsd-ped-02,road sign for a pedestrian crossing,paraphrase-sensitivity,['Pedestrian Crossing'],"{'Pedestrian Crossing': 115, 'Other-Unknown': 138, 'Stop Sign': 39, 'No Entry (One Way)': 146, 'Back-Unknown': 160, 'Roundabout Ahead': 56, 'Blind-Spot Mirror (Convex Mirror)': 21, 'Auxiliary Sign': 45, 'No Through Road (T-Junction)': 54, 'Directional Sign': 69, 'Street Sign': 9, 'Tourist Sign': 1}",18,test-set-max-gt-per-image,0.5,115,1013,28,0,0.102,0.8042,0.181,0.0995,0.8766,0.4742,0.4304,143,747,143,115,632,739,9695.0,1,,isolated-model-prompt-chunks-v1,,,mtsd-pedestrian-crossing,lexical-paraphrase,207.32,True,True
MTSD,test,SAM 3.1,sens-mtsd-ped-03,sign indicating a pedestrian crossing,paraphrase-sensitivity,['Pedestrian Crossing'],"{'Pedestrian Crossing': 98, 'Other-Unknown': 60, 'Stop Sign': 2, 'No Entry (One Way)': 55, 'Roundabout Ahead': 14, 'Auxiliary Sign': 18, 'No Through Road (T-Junction)': 48, 'Street Sign': 4, 'Directional Sign': 24, 'Blind-Spot Mirror (Convex Mirror)': 1, 'Back-Unknown': 13}",18,test-set-max-gt-per-image,0.5,98,363,45,0,0.2126,0.6853,0.3245,0.1937,0.9005,0.5612,0.4995,143,747,143,115,632,239,9646.5,1,,isolated-model-prompt-chunks-v1,,,mtsd-pedestrian-crossing,descriptive-paraphrase,178.94,True,True
MTSD,test,SAM 3.1,sens-mtsd-ped-04,find all pedestrian crossing signs,paraphrase-sensitivity,['Pedestrian Crossing'],"{'Auxiliary Sign': 14, 'Directional Sign': 49, 'Pedestrian Crossing': 102, 'Other-Unknown': 88, 'No Entry (One Way)': 134, 'Roundabout Ahead': 46, 'No Through Road (T-Junction)': 48, 'Street Sign': 10, 'Back-Unknown': 17, 'Stop Sign': 5}",18,test-set-max-gt-per-image,0.5,102,563,41,0,0.1534,0.7133,0.2525,0.1445,0.8993,0.2505,0.2196,143,747,143,115,632,412,9631.4,1,,isolated-model-prompt-chunks-v1,,,mtsd-pedestrian-crossing,instruction,182.37,True,True
MTSD,test,SAM 3.1,sens-mtsd-roundabout-01,roundabout ahead sign,paraphrase-sensitivity,['Roundabout Ahead'],"{'Stop Sign': 102, 'Pedestrian Crossing': 28, 'Other-Unknown': 51, 'No Entry (One Way)': 151, 'Blind-Spot Mirror (Convex Mirror)': 33, 'Roundabout Ahead': 45, 'Back-Unknown': 54, 'Auxiliary Sign': 14, 'No Through Road (T-Junction)': 14, 'Directional Sign': 30, 'Street Sign': 6, 'Tourist Sign': 1}",18,test-set-max-gt-per-image,0.5,46,689,21,0,0.0626,0.6866,0.1147,0.0608,0.9545,0.1683,0.1642,67,747,67,59,688,483,8665.2,1,,isolated-model-prompt-chunks-v1,,,mtsd-roundabout-ahead,canonical,177.77,True,True
MTSD,test,SAM 3.1,sens-mtsd-roundabout-02,warning sign for a roundabout ahead,paraphrase-sensitivity,['Roundabout Ahead'],"{'Auxiliary Sign': 18, 'Stop Sign': 107, 'Pedestrian Crossing': 58, 'Other-Unknown': 100, 'No Entry (One Way)': 167, 'Blind-Spot Mirror (Convex Mirror)': 69, 'Roundabout Ahead': 45, 'Back-Unknown': 55, 'No Through Road (T-Junction)': 25, 'Street Sign': 5, 'Directional Sign': 8, 'Tourist Sign': 1}",18,test-set-max-gt-per-image,0.5,46,857,21,0,0.0509,0.6866,0.0948,0.0498,0.9487,0.0464,0.0424,67,747,67,59,688,612,8805.6,1,,isolated-model-prompt-chunks-v1,,,mtsd-roundabout-ahead,lexical-paraphrase,172.96,True,True
MTSD,test,SAM 3.1,sens-mtsd-roundabout-03,traffic sign indicating an upcoming roundabout,paraphrase-sensitivity,['Roundabout Ahead'],"{'Back-Unknown': 259, 'Auxiliary Sign': 32, 'Directional Sign': 59, 'Stop Sign': 108, 'Pedestrian Crossing': 109, 'Other-Unknown': 146, 'No Entry (One Way)': 172, 'Blind-Spot Mirror (Convex Mirror)': 60, 'Roundabout Ahead': 57, 'No Through Road (T-Junction)': 56, 'Street Sign': 10, 'Tourist Sign': 1}",18,test-set-max-gt-per-image,0.5,58,1504,9,0,0.0371,0.8657,0.0712,0.0369,0.9225,0.09,0.0838,67,747,67,59,688,1013,8791.3,1,,isolated-model-prompt-chunks-v1,,,mtsd-roundabout-ahead,descriptive-paraphrase,194.2,True,True
MTSD,test,SAM 3.1,sens-mtsd-roundabout-04,find all roundabout ahead signs,paraphrase-sensitivity,['Roundabout Ahead'],"{'Back-Unknown': 168, 'Auxiliary Sign': 16, 'Stop Sign': 106, 'Pedestrian Crossing': 73, 'Other-Unknown': 74, 'No Entry (One Way)': 165, 'Blind-Spot Mirror (Convex Mirror)': 64, 'Roundabout Ahead': 47, 'No Through Road (T-Junction)': 47, 'Directional Sign': 36, 'Street Sign': 10, 'Tourist Sign': 1}",18,test-set-max-gt-per-image,0.5,48,959,19,0,0.0477,0.7164,0.0894,0.0468,0.9433,0.0523,0.0468,67,747,67,59,688,759,8808.9,1,,isolated-model-prompt-chunks-v1,,,mtsd-roundabout-ahead,instruction,173.34,True,True
MTSD,test,SAM 3.1,sens-mtsd-stop-01,stop sign,paraphrase-sensitivity,['Stop Sign'],"{'Stop Sign': 110, 'Other-Unknown': 23, 'No Entry (One Way)': 169, 'Back-Unknown': 38, 'Blind-Spot Mirror (Convex Mirror)': 6, 'Auxiliary Sign': 3, 'Pedestrian Crossing': 2, 'Roundabout Ahead': 1}",18,test-set-max-gt-per-image,0.5,110,301,20,0,0.2676,0.8462,0.4067,0.2552,0.9434,0.6464,0.6131,130,747,130,124,623,242,8765.9,1,,isolated-model-prompt-chunks-v1,,,mtsd-stop-sign,canonical,166.95,True,True
MTSD,test,SAM 3.1,sens-mtsd-stop-02,road sign instructing drivers to stop,paraphrase-sensitivity,['Stop Sign'],"{'Auxiliary Sign': 39, 'Stop Sign': 109, 'Back-Unknown': 87, 'Pedestrian Crossing': 108, 'Other-Unknown': 139, 'No Entry (One Way)': 163, 'Roundabout Ahead': 53, 'No Through Road (T-Junction)': 53, 'Directional Sign': 60, 'Street Sign': 7, 'Blind-Spot Mirror (Convex Mirror)': 8, 'Tourist Sign': 1}",18,test-set-max-gt-per-image,0.5,109,1449,21,0,0.07,0.8385,0.1291,0.069,0.9409,0.1207,0.1105,130,747,130,124,623,720,8890.7,1,,isolated-model-prompt-chunks-v1,,,mtsd-stop-sign,lexical-paraphrase,197.23,True,True
MTSD,test,SAM 3.1,sens-mtsd-stop-03,traffic sign indicating that vehicles must stop,paraphrase-sensitivity,['Stop Sign'],"{'Stop Sign': 109, 'Back-Unknown': 225, 'Pedestrian Crossing': 115, 'Other-Unknown': 155, 'No Entry (One Way)': 168, 'Roundabout Ahead': 55, 'Auxiliary Sign': 45, 'No Through Road (T-Junction)': 53, 'Directional Sign': 68, 'Street Sign': 12, 'Blind-Spot Mirror (Convex Mirror)': 8, 'Tourist Sign': 1}",18,test-set-max-gt-per-image,0.5,109,1452,21,0,0.0698,0.8385,0.1289,0.0689,0.946,0.3793,0.3598,130,747,130,124,623,908,8832.9,1,,isolated-model-prompt-chunks-v1,,,mtsd-stop-sign,descriptive-paraphrase,214.29,True,True
MTSD,test,SAM 3.1,sens-mtsd-stop-04,find all stop signs,paraphrase-sensitivity,['Stop Sign'],"{'Auxiliary Sign': 13, 'Stop Sign': 108, 'Back-Unknown': 139, 'Pedestrian Crossing': 73, 'Other-Unknown': 101, 'No Entry (One Way)': 169, 'Blind-Spot Mirror (Convex Mirror)': 58, 'Roundabout Ahead': 49, 'No Through Road (T-Junction)': 52, 'Directional Sign': 38, 'Street Sign': 5, 'Tourist Sign': 1}",18,test-set-max-gt-per-image,0.5,109,847,21,0,0.114,0.8385,0.2007,0.1116,0.9424,0.2733,0.2502,130,747,130,124,623,698,8861.1,1,,isolated-model-prompt-chunks-v1,,,mtsd-stop-sign,instruction,178.84,True,True
MTSD,test,SAM 3,sens-mtsd-entry-01,no entry sign,paraphrase-sensitivity,['No Entry (One Way)'],"{'Auxiliary Sign': 37, 'Directional Sign': 26, 'Stop Sign': 108, 'Back-Unknown': 81, 'Pedestrian Crossing': 46, 'Other-Unknown': 91, 'No Entry (One Way)': 172, 'Blind-Spot Mirror (Convex Mirror)': 19, 'Roundabout Ahead': 22, 'No Through Road (T-Junction)': 47, 'Street Sign': 14, 'Tourist Sign': 1}",18,test-set-max-gt-per-image,0.5,173,801,38,1,0.1776,0.8199,0.292,0.1709,0.9303,0.5076,0.4603,211,747,211,181,566,492,8772.5,1,,isolated-model-prompt-chunks-v1,,,mtsd-no-entry,canonical,180.71,True,True
MTSD,test,SAM 3,sens-mtsd-entry-02,road sign indicating no entry,paraphrase-sensitivity,['No Entry (One Way)'],"{'Auxiliary Sign': 43, 'Directional Sign': 53, 'Stop Sign': 105, 'Back-Unknown': 185, 'Pedestrian Crossing': 108, 'Other-Unknown': 143, 'No Entry (One Way)': 163, 'Roundabout Ahead': 50, 'No Through Road (T-Junction)': 52, 'Street Sign': 13, 'Blind-Spot Mirror (Convex Mirror)': 4, 'Tourist Sign': 1}",18,test-set-max-gt-per-image,0.5,163,1145,48,0,0.1246,0.7725,0.2146,0.1202,0.9324,0.2183,0.1953,211,747,211,181,566,757,8693.2,1,,isolated-model-prompt-chunks-v1,,,mtsd-no-entry,lexical-paraphrase,211.82,True,True
MTSD,test,SAM 3,sens-mtsd-entry-03,traffic sign prohibiting vehicles from entering,paraphrase-sensitivity,['No Entry (One Way)'],"{'Auxiliary Sign': 43, 'Back-Unknown': 180, 'Stop Sign': 107, 'Pedestrian Crossing': 109, 'Other-Unknown': 151, 'No Entry (One Way)': 168, 'Blind-Spot Mirror (Convex Mirror)': 16, 'Roundabout Ahead': 57, 'No Through Road (T-Junction)': 54, 'Directional Sign': 67, 'Street Sign': 14, 'Tourist Sign': 1}",18,test-set-max-gt-per-image,0.5,169,1553,42,0,0.0981,0.8009,0.1749,0.0958,0.9276,0.2015,0.1757,211,747,211,181,566,798,8853.4,1,,isolated-model-prompt-chunks-v1,,,mtsd-no-entry,descriptive-paraphrase,220.77,True,True
MTSD,test,SAM 3,sens-mtsd-entry-04,find all no entry signs,paraphrase-sensitivity,['No Entry (One Way)'],"{'Auxiliary Sign': 9, 'Stop Sign': 96, 'Pedestrian Crossing': 80, 'Other-Unknown': 74, 'No Entry (One Way)': 158, 'Blind-Spot Mirror (Convex Mirror)': 18, 'Roundabout Ahead': 47, 'Back-Unknown': 26, 'No Through Road (T-Junction)': 47, 'Directional Sign': 37, 'Street Sign': 6, 'Tourist Sign': 1}",18,test-set-max-gt-per-image,0.5,159,552,52,0,0.2236,0.7536,0.3449,0.2084,0.9435,0.3648,0.339,211,747,211,181,566,441,9617.0,1,,isolated-model-prompt-chunks-v1,,,mtsd-no-entry,instruction,178.55,True,True
MTSD,test,SAM 3,sens-mtsd-mirror-01,blind-spot convex mirror,paraphrase-sensitivity,['Blind-Spot Mirror (Convex Mirror)'],"{'Blind-Spot Mirror (Convex Mirror)': 69, 'Back-Unknown': 8, 'Other-Unknown': 1}",18,test-set-max-gt-per-image,0.5,69,23,91,0,0.75,0.4313,0.5476,0.377,0.9639,0.411,0.3867,160,747,160,145,602,9,9682.4,1,,isolated-model-prompt-chunks-v1,,,mtsd-blind-spot-mirror,canonical,156.18,True,True
MTSD,test,SAM 3,sens-mtsd-mirror-02,roadside convex mirror for blind spots,paraphrase-sensitivity,['Blind-Spot Mirror (Convex Mirror)'],"{'Back-Unknown': 46, 'Blind-Spot Mirror (Convex Mirror)': 86, 'Other-Unknown': 4, 'Street Sign': 1, 'Directional Sign': 1, 'No Through Road (T-Junction)': 1, 'No Entry (One Way)': 4, 'Pedestrian Crossing': 1}",18,test-set-max-gt-per-image,0.5,86,494,74,0,0.1483,0.5375,0.2324,0.1315,0.9219,0.3818,0.3289,160,747,160,145,602,58,9419.9,1,,isolated-model-prompt-chunks-v1,,,mtsd-blind-spot-mirror,lexical-paraphrase,212.89,True,True
MTSD,test,SAM 3,sens-mtsd-mirror-03,convex traffic mirror used to improve road visibility,paraphrase-sensitivity,['Blind-Spot Mirror (Convex Mirror)'],"{'Back-Unknown': 222, 'Stop Sign': 100, 'Pedestrian Crossing': 53, 'Other-Unknown': 91, 'No Entry (One Way)': 155, 'Blind-Spot Mirror (Convex Mirror)': 124, 'Roundabout Ahead': 37, 'Auxiliary Sign': 30, 'No Through Road (T-Junction)': 38, 'Street Sign': 11, 'Directional Sign': 38, 'Tourist Sign': 1}",18,test-set-max-gt-per-image,0.5,124,1789,36,1,0.0648,0.775,0.1196,0.0636,0.9093,0.1003,0.0764,160,747,160,145,602,778,9474.9,1,,isolated-model-prompt-chunks-v1,,,mtsd-blind-spot-mirror,descriptive-paraphrase,229.22,True,True
MTSD,test,SAM 3,sens-mtsd-mirror-04,find all roadside blind-spot mirrors,paraphrase-sensitivity,['Blind-Spot Mirror (Convex Mirror)'],"{'Back-Unknown': 70, 'Pedestrian Crossing': 6, 'No Entry (One Way)': 58, 'Blind-Spot Mirror (Convex Mirror)': 89, 'Other-Unknown': 8, 'Directional Sign': 4, 'No Through Road (T-Junction)': 16, 'Roundabout Ahead': 5, 'Street Sign': 1, 'Stop Sign': 1}",18,test-set-max-gt-per-image,0.5,89,388,71,0,0.1866,0.5563,0.2794,0.1624,0.9498,0.3692,0.3374,160,747,160,145,602,169,9639.0,1,,isolated-model-prompt-chunks-v1,,,mtsd-blind-spot-mirror,instruction,207.44,True,True
MTSD,test,SAM 3,sens-mtsd-ped-01,pedestrian crossing sign,paraphrase-sensitivity,['Pedestrian Crossing'],"{'Pedestrian Crossing': 84, 'Roundabout Ahead': 2, 'Directional Sign': 3, 'No Through Road (T-Junction)': 11, 'Other-Unknown': 7}",18,test-set-max-gt-per-image,0.5,84,43,59,0,0.6614,0.5874,0.6222,0.4516,0.934,0.5549,0.5161,143,747,143,115,632,23,10272.8,1,,isolated-model-prompt-chunks-v1,,,mtsd-pedestrian-crossing,canonical,159.73,True,True
MTSD,test,SAM 3,sens-mtsd-ped-02,road sign for a pedestrian crossing,paraphrase-sensitivity,['Pedestrian Crossing'],"{'Pedestrian Crossing': 114, 'Other-Unknown': 138, 'Stop Sign': 41, 'No Entry (One Way)': 147, 'Back-Unknown': 154, 'Roundabout Ahead': 56, 'Auxiliary Sign': 45, 'No Through Road (T-Junction)': 54, 'Directional Sign': 70, 'Street Sign': 9, 'Blind-Spot Mirror (Convex Mirror)': 15, 'Tourist Sign': 1}",18,test-set-max-gt-per-image,0.5,114,997,29,0,0.1026,0.7972,0.1818,0.1,0.8793,0.462,0.4207,143,747,143,115,632,731,10060.1,1,,isolated-model-prompt-chunks-v1,,,mtsd-pedestrian-crossing,lexical-paraphrase,212.74,True,True
MTSD,test,SAM 3,sens-mtsd-ped-03,sign indicating a pedestrian crossing,paraphrase-sensitivity,['Pedestrian Crossing'],"{'Pedestrian Crossing': 97, 'Other-Unknown': 64, 'Stop Sign': 1, 'No Entry (One Way)': 74, 'Roundabout Ahead': 16, 'Auxiliary Sign': 20, 'No Through Road (T-Junction)': 49, 'Street Sign': 4, 'Directional Sign': 27, 'Back-Unknown': 11}",18,test-set-max-gt-per-image,0.5,97,397,46,0,0.1964,0.6783,0.3046,0.1796,0.9026,0.5469,0.4892,143,747,143,115,632,266,9702.7,1,,isolated-model-prompt-chunks-v1,,,mtsd-pedestrian-crossing,descriptive-paraphrase,176.46,True,True
MTSD,test,SAM 3,sens-mtsd-ped-04,find all pedestrian crossing signs,paraphrase-sensitivity,['Pedestrian Crossing'],"{'Auxiliary Sign': 12, 'Directional Sign': 48, 'Pedestrian Crossing': 102, 'Other-Unknown': 81, 'No Entry (One Way)': 132, 'Roundabout Ahead': 47, 'Stop Sign': 6, 'No Through Road (T-Junction)': 48, 'Street Sign': 10, 'Back-Unknown': 16}",18,test-set-max-gt-per-image,0.5,102,542,41,0,0.1584,0.7133,0.2592,0.1489,0.8992,0.2488,0.2191,143,747,143,115,632,402,8730.2,1,,isolated-model-prompt-chunks-v1,,,mtsd-pedestrian-crossing,instruction,177.53,True,True
MTSD,test,SAM 3,sens-mtsd-roundabout-01,roundabout ahead sign,paraphrase-sensitivity,['Roundabout Ahead'],"{'Stop Sign': 101, 'Pedestrian Crossing': 22, 'Other-Unknown': 50, 'No Entry (One Way)': 147, 'Blind-Spot Mirror (Convex Mirror)': 27, 'Roundabout Ahead': 45, 'Back-Unknown': 47, 'Auxiliary Sign': 13, 'No Through Road (T-Junction)': 13, 'Directional Sign': 27, 'Street Sign': 6, 'Tourist Sign': 1}",18,test-set-max-gt-per-image,0.5,46,624,21,0,0.0687,0.6866,0.1248,0.0666,0.9555,0.1665,0.1629,67,747,67,59,688,453,9360.1,1,,isolated-model-prompt-chunks-v1,,,mtsd-roundabout-ahead,canonical,176.3,True,True
MTSD,test,SAM 3,sens-mtsd-roundabout-02,warning sign for a roundabout ahead,paraphrase-sensitivity,['Roundabout Ahead'],"{'Auxiliary Sign': 16, 'Stop Sign': 106, 'Pedestrian Crossing': 58, 'Other-Unknown': 86, 'No Entry (One Way)': 165, 'Blind-Spot Mirror (Convex Mirror)': 57, 'Roundabout Ahead': 45, 'Back-Unknown': 48, 'Street Sign': 5, 'Directional Sign': 6, 'No Through Road (T-Junction)': 22, 'Tourist Sign': 1}",18,test-set-max-gt-per-image,0.5,46,779,21,0,0.0558,0.6866,0.1031,0.0544,0.9424,0.044,0.0387,67,747,67,59,688,569,9552.3,1,,isolated-model-prompt-chunks-v1,,,mtsd-roundabout-ahead,lexical-paraphrase,172.35,True,True
MTSD,test,SAM 3,sens-mtsd-roundabout-03,traffic sign indicating an upcoming roundabout,paraphrase-sensitivity,['Roundabout Ahead'],"{'Back-Unknown': 244, 'Auxiliary Sign': 31, 'Stop Sign': 107, 'Pedestrian Crossing': 107, 'Other-Unknown': 141, 'No Entry (One Way)': 170, 'Blind-Spot Mirror (Convex Mirror)': 52, 'Roundabout Ahead': 55, 'No Through Road (T-Junction)': 55, 'Directional Sign': 53, 'Street Sign': 10, 'Tourist Sign': 1}",18,test-set-max-gt-per-image,0.5,56,1404,11,0,0.0384,0.8358,0.0733,0.0381,0.9277,0.0935,0.0877,67,747,67,59,688,971,9488.9,1,,isolated-model-prompt-chunks-v1,,,mtsd-roundabout-ahead,descriptive-paraphrase,191.04,True,True
MTSD,test,SAM 3,sens-mtsd-roundabout-04,find all roundabout ahead signs,paraphrase-sensitivity,['Roundabout Ahead'],"{'Back-Unknown': 171, 'Auxiliary Sign': 12, 'Stop Sign': 106, 'Pedestrian Crossing': 73, 'Other-Unknown': 69, 'No Entry (One Way)': 165, 'Blind-Spot Mirror (Convex Mirror)': 60, 'Roundabout Ahead': 47, 'No Through Road (T-Junction)': 47, 'Directional Sign': 33, 'Street Sign': 10, 'Tourist Sign': 1}",18,test-set-max-gt-per-image,0.5,48,932,19,0,0.049,0.7164,0.0917,0.048,0.9432,0.0523,0.0468,67,747,67,59,688,747,9560.1,1,,isolated-model-prompt-chunks-v1,,,mtsd-roundabout-ahead,instruction,172.9,True,True
MTSD,test,SAM 3,sens-mtsd-stop-01,stop sign,paraphrase-sensitivity,['Stop Sign'],"{'Stop Sign': 109, 'Other-Unknown': 22, 'No Entry (One Way)': 169, 'Back-Unknown': 42, 'Blind-Spot Mirror (Convex Mirror)': 5, 'Auxiliary Sign': 3, 'Pedestrian Crossing': 2, 'Roundabout Ahead': 1}",18,test-set-max-gt-per-image,0.5,109,298,21,0,0.2678,0.8385,0.406,0.2547,0.9452,0.6541,0.6202,130,747,130,124,623,244,9191.7,1,,isolated-model-prompt-chunks-v1,,,mtsd-stop-sign,canonical,166.49,True,True
MTSD,test,SAM 3,sens-mtsd-stop-02,road sign instructing drivers to stop,paraphrase-sensitivity,['Stop Sign'],"{'Auxiliary Sign': 39, 'Stop Sign': 108, 'Back-Unknown': 96, 'Pedestrian Crossing': 108, 'Other-Unknown': 140, 'No Entry (One Way)': 164, 'Roundabout Ahead': 54, 'No Through Road (T-Junction)': 53, 'Directional Sign': 61, 'Street Sign': 8, 'Blind-Spot Mirror (Convex Mirror)': 7, 'Tourist Sign': 1}",18,test-set-max-gt-per-image,0.5,108,1453,22,0,0.0692,0.8308,0.1277,0.0682,0.9438,0.1206,0.1105,130,747,130,124,623,731,8752.5,1,,isolated-model-prompt-chunks-v1,,,mtsd-stop-sign,lexical-paraphrase,193.17,True,True
MTSD,test,SAM 3,sens-mtsd-stop-03,traffic sign indicating that vehicles must stop,paraphrase-sensitivity,['Stop Sign'],"{'Stop Sign': 109, 'Back-Unknown': 213, 'Pedestrian Crossing': 116, 'Other-Unknown': 154, 'No Entry (One Way)': 168, 'Roundabout Ahead': 55, 'Auxiliary Sign': 43, 'No Through Road (T-Junction)': 54, 'Directional Sign': 68, 'Street Sign': 12, 'Blind-Spot Mirror (Convex Mirror)': 6, 'Tourist Sign': 1}",18,test-set-max-gt-per-image,0.5,109,1404,21,0,0.072,0.8385,0.1327,0.0711,0.9458,0.3578,0.3369,130,747,130,124,623,892,8785.1,1,,isolated-model-prompt-chunks-v1,,,mtsd-stop-sign,descriptive-paraphrase,205.38,True,True
MTSD,test,SAM 3,sens-mtsd-stop-04,find all stop signs,paraphrase-sensitivity,['Stop Sign'],"{'Auxiliary Sign': 11, 'Stop Sign': 108, 'Back-Unknown': 143, 'Pedestrian Crossing': 71, 'Other-Unknown': 96, 'No Entry (One Way)': 169, 'Blind-Spot Mirror (Convex Mirror)': 55, 'Roundabout Ahead': 48, 'No Through Road (T-Junction)': 52, 'Directional Sign': 36, 'Street Sign': 5, 'Tourist Sign': 1}",18,test-set-max-gt-per-image,0.5,109,828,21,0,0.1163,0.8385,0.2043,0.1138,0.9407,0.2803,0.2591,130,747,130,124,623,688,8773.3,1,,isolated-model-prompt-chunks-v1,,,mtsd-stop-sign,instruction,180.4,True,True
