model,batch_size,iteration,latency_ms
rfdetr-m@mtsd,1,0,91.218
rfdetr-m@mtsd,1,1,81.796
rfdetr-m@mtsd,1,2,73.504
rfdetr-m@mtsd,1,3,75.475
rfdetr-m@mtsd,1,4,73.574
rfdetr-m@mtsd,1,5,77.269
rfdetr-m@mtsd,1,6,170.786
rfdetr-m@mtsd,1,7,158.253
rfdetr-m@mtsd,1,8,72.554
rfdetr-m@mtsd,1,9,112.085
rfdetr-m@mtsd,1,10,85.146
rfdetr-m@mtsd,1,11,91.306
rfdetr-m@mtsd,1,12,83.383
rfdetr-m@mtsd,1,13,82.647
rfdetr-m@mtsd,1,14,67.482
rfdetr-m@mtsd,1,15,94.53
rfdetr-m@mtsd,1,16,77.286
rfdetr-m@mtsd,1,17,87.577
rfdetr-m@mtsd,1,18,63.668
rfdetr-m@mtsd,1,19,68.664
rfdetr-m@mtsd,1,20,86.134
rfdetr-m@mtsd,1,21,68.337
rfdetr-m@mtsd,1,22,85.766
rfdetr-m@mtsd,1,23,92.953
rfdetr-m@mtsd,1,24,87.154
rfdetr-m@mtsd,1,25,84.746
rfdetr-m@mtsd,1,26,82.41
rfdetr-m@mtsd,1,27,84.977
rfdetr-m@mtsd,1,28,81.75
rfdetr-m@mtsd,1,29,158.196
rfdetr-m@mtsd,1,30,83.236
rfdetr-m@mtsd,1,31,81.441
rfdetr-m@mtsd,1,32,84.704
rfdetr-m@mtsd,1,33,85.304
rfdetr-m@mtsd,1,34,19.474
rfdetr-m@mtsd,1,35,84.325
rfdetr-m@mtsd,1,36,18.571
rfdetr-m@mtsd,1,37,83.923
rfdetr-m@mtsd,1,38,67.479
rfdetr-m@mtsd,1,39,66.012
rfdetr-m@mtsd,1,40,88.156
rfdetr-m@mtsd,1,41,66.236
rfdetr-m@mtsd,1,42,85.377
rfdetr-m@mtsd,1,43,155.448
rfdetr-m@mtsd,1,44,71.136
rfdetr-m@mtsd,1,45,87.909
rfdetr-m@mtsd,1,46,83.95
rfdetr-m@mtsd,1,47,165.228
rfdetr-m@mtsd,1,48,84.47
rfdetr-m@mtsd,1,49,82.752
rfdetr-n@mtsd,1,0,104.665
rfdetr-n@mtsd,1,1,103.148
rfdetr-n@mtsd,1,2,105.43
rfdetr-n@mtsd,1,3,102.725
rfdetr-n@mtsd,1,4,100.079
rfdetr-n@mtsd,1,5,97.849
rfdetr-n@mtsd,1,6,206.581
rfdetr-n@mtsd,1,7,301.681
rfdetr-n@mtsd,1,8,65.441
rfdetr-n@mtsd,1,9,100.173
rfdetr-n@mtsd,1,10,79.955
rfdetr-n@mtsd,1,11,78.953
rfdetr-n@mtsd,1,12,78.173
rfdetr-n@mtsd,1,13,77.564
rfdetr-n@mtsd,1,14,60.135
rfdetr-n@mtsd,1,15,79.898
rfdetr-n@mtsd,1,16,60.72
rfdetr-n@mtsd,1,17,77.865
rfdetr-n@mtsd,1,18,79.784
rfdetr-n@mtsd,1,19,79.87
rfdetr-n@mtsd,1,20,83.809
rfdetr-n@mtsd,1,21,61.818
rfdetr-n@mtsd,1,22,80.19
rfdetr-n@mtsd,1,23,81.273
rfdetr-n@mtsd,1,24,79.218
rfdetr-n@mtsd,1,25,81.042
rfdetr-n@mtsd,1,26,79.642
rfdetr-n@mtsd,1,27,77.66
rfdetr-n@mtsd,1,28,77.164
rfdetr-n@mtsd,1,29,149.831
rfdetr-n@mtsd,1,30,83.123
rfdetr-n@mtsd,1,31,78.517
rfdetr-n@mtsd,1,32,80.434
rfdetr-n@mtsd,1,33,73.068
rfdetr-n@mtsd,1,34,14.354
rfdetr-n@mtsd,1,35,74.285
rfdetr-n@mtsd,1,36,15.898
rfdetr-n@mtsd,1,37,80.222
rfdetr-n@mtsd,1,38,60.38
rfdetr-n@mtsd,1,39,63.372
rfdetr-n@mtsd,1,40,81.352
rfdetr-n@mtsd,1,41,62.441
rfdetr-n@mtsd,1,42,78.246
rfdetr-n@mtsd,1,43,158.581
rfdetr-n@mtsd,1,44,66.358
rfdetr-n@mtsd,1,45,81.106
rfdetr-n@mtsd,1,46,80.682
rfdetr-n@mtsd,1,47,149.006
rfdetr-n@mtsd,1,48,81.343
rfdetr-n@mtsd,1,49,77.314
rfdetr-s@mtsd,1,0,107.782
rfdetr-s@mtsd,1,1,108.584
rfdetr-s@mtsd,1,2,107.331
rfdetr-s@mtsd,1,3,106.176
rfdetr-s@mtsd,1,4,105.332
rfdetr-s@mtsd,1,5,104.237
rfdetr-s@mtsd,1,6,207.293
rfdetr-s@mtsd,1,7,310.699
rfdetr-s@mtsd,1,8,109.769
rfdetr-s@mtsd,1,9,100.44
rfdetr-s@mtsd,1,10,84.928
rfdetr-s@mtsd,1,11,77.458
rfdetr-s@mtsd,1,12,78.575
rfdetr-s@mtsd,1,13,75.458
rfdetr-s@mtsd,1,14,62.778
rfdetr-s@mtsd,1,15,77.86
rfdetr-s@mtsd,1,16,60.318
rfdetr-s@mtsd,1,17,77.231
rfdetr-s@mtsd,1,18,58.834
rfdetr-s@mtsd,1,19,59.904
rfdetr-s@mtsd,1,20,79.009
rfdetr-s@mtsd,1,21,62.12
rfdetr-s@mtsd,1,22,78.924
rfdetr-s@mtsd,1,23,77.593
rfdetr-s@mtsd,1,24,76.578
rfdetr-s@mtsd,1,25,74.731
rfdetr-s@mtsd,1,26,74.006
rfdetr-s@mtsd,1,27,75.318
rfdetr-s@mtsd,1,28,73.495
rfdetr-s@mtsd,1,29,148.323
rfdetr-s@mtsd,1,30,83.773
rfdetr-s@mtsd,1,31,79.562
rfdetr-s@mtsd,1,32,74.183
rfdetr-s@mtsd,1,33,76.247
rfdetr-s@mtsd,1,34,17.583
rfdetr-s@mtsd,1,35,74.126
rfdetr-s@mtsd,1,36,18.918
rfdetr-s@mtsd,1,37,77.729
rfdetr-s@mtsd,1,38,65.976
rfdetr-s@mtsd,1,39,59.585
rfdetr-s@mtsd,1,40,74.977
rfdetr-s@mtsd,1,41,59.642
rfdetr-s@mtsd,1,42,75.946
rfdetr-s@mtsd,1,43,154.847
rfdetr-s@mtsd,1,44,68.075
rfdetr-s@mtsd,1,45,80.351
rfdetr-s@mtsd,1,46,75.321
rfdetr-s@mtsd,1,47,157.164
rfdetr-s@mtsd,1,48,83.88
rfdetr-s@mtsd,1,49,81.168
