variant,run_id,family,backbone,adaptation,test_crops,head,accuracy,accuracy_ci_low,accuracy_ci_high,macro_f1,macro_f1_ci_low,macro_f1_ci_high,n_bootstrap,seed,audit_status
convnext_base_finetune,convnext_base_finetune-20260805-154425,ConvNeXt,ConvNeXt-Base,finetune,1890,view_angle,0.927,0.9153,0.9376,0.9181,0.9052,0.9302,2000,42,pass
convnext_base_finetune,convnext_base_finetune-20260805-154425,ConvNeXt,ConvNeXt-Base,finetune,1890,mounting,0.9709,0.9624,0.9783,0.9392,0.9224,0.9541,2000,42,pass
convnext_base_finetune,convnext_base_finetune-20260805-154425,ConvNeXt,ConvNeXt-Base,finetune,1890,condition,0.8212,0.8042,0.8392,0.6502,0.613,0.6869,2000,42,pass
convnext_base_finetune,convnext_base_finetune-20260805-154425,ConvNeXt,ConvNeXt-Base,finetune,1890,sign_shape,0.9683,0.9598,0.9757,0.966,0.9545,0.9754,2000,42,pass
convnext_base_frozen,convnext_base_frozen-20260805-050013,ConvNeXt,ConvNeXt-Base,frozen,1890,view_angle,0.846,0.8296,0.8624,0.837,0.8193,0.8536,2000,42,pass
convnext_base_frozen,convnext_base_frozen-20260805-050013,ConvNeXt,ConvNeXt-Base,frozen,1890,mounting,0.927,0.9143,0.9381,0.8651,0.8435,0.8856,2000,42,pass
convnext_base_frozen,convnext_base_frozen-20260805-050013,ConvNeXt,ConvNeXt-Base,frozen,1890,condition,0.6873,0.6667,0.7085,0.5339,0.5044,0.5623,2000,42,pass
convnext_base_frozen,convnext_base_frozen-20260805-050013,ConvNeXt,ConvNeXt-Base,frozen,1890,sign_shape,0.9037,0.8905,0.9169,0.8903,0.8684,0.9088,2000,42,pass
convnext_base_lora,convnext_base_lora-20260806-141628,ConvNeXt,ConvNeXt-Base,lora,1890,view_angle,0.9265,0.9148,0.9376,0.919,0.9067,0.9312,2000,42,pass
convnext_base_lora,convnext_base_lora-20260806-141628,ConvNeXt,ConvNeXt-Base,lora,1890,mounting,0.9688,0.9608,0.9762,0.9328,0.9146,0.948,2000,42,pass
convnext_base_lora,convnext_base_lora-20260806-141628,ConvNeXt,ConvNeXt-Base,lora,1890,condition,0.8402,0.8243,0.8577,0.7022,0.667,0.7363,2000,42,pass
convnext_base_lora,convnext_base_lora-20260806-141628,ConvNeXt,ConvNeXt-Base,lora,1890,sign_shape,0.9651,0.9566,0.9725,0.9647,0.9537,0.9737,2000,42,pass
convnext_large_finetune,convnext_large_finetune-20260805-165036,ConvNeXt,ConvNeXt-Large,finetune,1890,view_angle,0.9249,0.9132,0.936,0.9173,0.9049,0.9295,2000,42,pass
convnext_large_finetune,convnext_large_finetune-20260805-165036,ConvNeXt,ConvNeXt-Large,finetune,1890,mounting,0.9683,0.9598,0.9762,0.9311,0.9128,0.947,2000,42,pass
convnext_large_finetune,convnext_large_finetune-20260805-165036,ConvNeXt,ConvNeXt-Large,finetune,1890,condition,0.8249,0.8085,0.8423,0.6955,0.6599,0.7288,2000,42,pass
convnext_large_finetune,convnext_large_finetune-20260805-165036,ConvNeXt,ConvNeXt-Large,finetune,1890,sign_shape,0.9677,0.9593,0.9751,0.964,0.9508,0.9743,2000,42,pass
convnext_large_frozen,convnext_large_frozen-20260805-054942,ConvNeXt,ConvNeXt-Large,frozen,1890,view_angle,0.846,0.8296,0.8624,0.837,0.8197,0.8537,2000,42,pass
convnext_large_frozen,convnext_large_frozen-20260805-054942,ConvNeXt,ConvNeXt-Large,frozen,1890,mounting,0.9397,0.928,0.9497,0.8819,0.8596,0.9017,2000,42,pass
convnext_large_frozen,convnext_large_frozen-20260805-054942,ConvNeXt,ConvNeXt-Large,frozen,1890,condition,0.7392,0.7201,0.7587,0.5538,0.5214,0.5838,2000,42,pass
convnext_large_frozen,convnext_large_frozen-20260805-054942,ConvNeXt,ConvNeXt-Large,frozen,1890,sign_shape,0.9053,0.8921,0.9185,0.8765,0.8511,0.8978,2000,42,pass
convnext_large_lora,convnext_large_lora-20260806-161029,ConvNeXt,ConvNeXt-Large,lora,1890,view_angle,0.9249,0.9127,0.936,0.918,0.905,0.9305,2000,42,pass
convnext_large_lora,convnext_large_lora-20260806-161029,ConvNeXt,ConvNeXt-Large,lora,1890,mounting,0.9667,0.9582,0.9746,0.9263,0.9077,0.943,2000,42,pass
convnext_large_lora,convnext_large_lora-20260806-161029,ConvNeXt,ConvNeXt-Large,lora,1890,condition,0.8402,0.8249,0.8566,0.6891,0.6546,0.7223,2000,42,pass
convnext_large_lora,convnext_large_lora-20260806-161029,ConvNeXt,ConvNeXt-Large,lora,1890,sign_shape,0.9672,0.9587,0.9746,0.9659,0.9549,0.975,2000,42,pass
dinov3_vitb_frozen,dinov3_vitb_frozen-20260805-010218,DINOv3,ViT-B/16,frozen,1890,view_angle,0.8757,0.8608,0.8905,0.8686,0.8532,0.8837,2000,42,pass
dinov3_vitb_frozen,dinov3_vitb_frozen-20260805-010218,DINOv3,ViT-B/16,frozen,1890,mounting,0.9476,0.937,0.9571,0.8985,0.878,0.9167,2000,42,pass
dinov3_vitb_frozen,dinov3_vitb_frozen-20260805-010218,DINOv3,ViT-B/16,frozen,1890,condition,0.7354,0.7164,0.7556,0.5767,0.5442,0.6056,2000,42,pass
dinov3_vitb_frozen,dinov3_vitb_frozen-20260805-010218,DINOv3,ViT-B/16,frozen,1890,sign_shape,0.9026,0.8889,0.9159,0.8834,0.8603,0.9031,2000,42,pass
dinov3_vitb_lora,dinov3_vitb_lora-20260805-090227,DINOv3,ViT-B/16,lora,1890,view_angle,0.9286,0.9175,0.9397,0.9219,0.9099,0.9337,2000,42,pass
dinov3_vitb_lora,dinov3_vitb_lora-20260805-090227,DINOv3,ViT-B/16,lora,1890,mounting,0.9767,0.9698,0.9831,0.9519,0.9368,0.9643,2000,42,pass
dinov3_vitb_lora,dinov3_vitb_lora-20260805-090227,DINOv3,ViT-B/16,lora,1890,condition,0.8302,0.8138,0.8471,0.6924,0.6566,0.7254,2000,42,pass
dinov3_vitb_lora,dinov3_vitb_lora-20260805-090227,DINOv3,ViT-B/16,lora,1890,sign_shape,0.9698,0.9614,0.9767,0.9676,0.9573,0.9765,2000,42,pass
dinov3_vitl_frozen,dinov3_vitl_frozen-20260805-015010,DINOv3,ViT-L/16,frozen,1890,view_angle,0.8672,0.8519,0.8825,0.8591,0.8431,0.8751,2000,42,pass
dinov3_vitl_frozen,dinov3_vitl_frozen-20260805-015010,DINOv3,ViT-L/16,frozen,1890,mounting,0.9556,0.946,0.964,0.9127,0.8935,0.9288,2000,42,pass
dinov3_vitl_frozen,dinov3_vitl_frozen-20260805-015010,DINOv3,ViT-L/16,frozen,1890,condition,0.709,0.6884,0.7296,0.5835,0.5508,0.6139,2000,42,pass
dinov3_vitl_frozen,dinov3_vitl_frozen-20260805-015010,DINOv3,ViT-L/16,frozen,1890,sign_shape,0.9111,0.8984,0.9233,0.9095,0.8926,0.9246,2000,42,pass
dinov3_vitl_lora,dinov3_vitl_lora-20260805-120137,DINOv3,ViT-L/16,lora,1890,view_angle,0.9328,0.9217,0.9434,0.9248,0.9127,0.9364,2000,42,pass
dinov3_vitl_lora,dinov3_vitl_lora-20260805-120137,DINOv3,ViT-L/16,lora,1890,mounting,0.9778,0.9709,0.9836,0.9535,0.9384,0.9659,2000,42,pass
dinov3_vitl_lora,dinov3_vitl_lora-20260805-120137,DINOv3,ViT-L/16,lora,1890,condition,0.8434,0.827,0.8598,0.7282,0.6938,0.7593,2000,42,pass
dinov3_vitl_lora,dinov3_vitl_lora-20260805-120137,DINOv3,ViT-L/16,lora,1890,sign_shape,0.9783,0.9709,0.9847,0.9774,0.9696,0.984,2000,42,pass
lingbot_vitb_frozen,lingbot_vitb_frozen-20260805-064029,LingBot-Vision,ViT-B/16,frozen,1890,view_angle,0.8862,0.872,0.9005,0.879,0.8642,0.8936,2000,42,pass
lingbot_vitb_frozen,lingbot_vitb_frozen-20260805-064029,LingBot-Vision,ViT-B/16,frozen,1890,mounting,0.9476,0.9365,0.9571,0.8961,0.8744,0.9145,2000,42,pass
lingbot_vitb_frozen,lingbot_vitb_frozen-20260805-064029,LingBot-Vision,ViT-B/16,frozen,1890,condition,0.6646,0.6434,0.6857,0.5306,0.5011,0.558,2000,42,pass
lingbot_vitb_frozen,lingbot_vitb_frozen-20260805-064029,LingBot-Vision,ViT-B/16,frozen,1890,sign_shape,0.9243,0.9122,0.936,0.9001,0.8769,0.9196,2000,42,pass
lingbot_vitb_lora,lingbot_vitb_lora-20260805-174824,LingBot-Vision,ViT-B/16,lora,1890,view_angle,0.9238,0.9116,0.9349,0.9165,0.9035,0.9286,2000,42,pass
lingbot_vitb_lora,lingbot_vitb_lora-20260805-174824,LingBot-Vision,ViT-B/16,lora,1890,mounting,0.9714,0.9635,0.9783,0.9415,0.9252,0.9554,2000,42,pass
lingbot_vitb_lora,lingbot_vitb_lora-20260805-174824,LingBot-Vision,ViT-B/16,lora,1890,condition,0.8339,0.818,0.8508,0.7101,0.6748,0.7427,2000,42,pass
lingbot_vitb_lora,lingbot_vitb_lora-20260805-174824,LingBot-Vision,ViT-B/16,lora,1890,sign_shape,0.973,0.9656,0.9799,0.9735,0.9655,0.9806,2000,42,pass
lingbot_vitl_frozen,lingbot_vitl_frozen-20260805-075734,LingBot-Vision,ViT-L/16,frozen,1890,view_angle,0.8815,0.8672,0.8963,0.8744,0.8592,0.8895,2000,42,pass
lingbot_vitl_frozen,lingbot_vitl_frozen-20260805-075734,LingBot-Vision,ViT-L/16,frozen,1890,mounting,0.9487,0.9381,0.9582,0.8999,0.879,0.9181,2000,42,pass
lingbot_vitl_frozen,lingbot_vitl_frozen-20260805-075734,LingBot-Vision,ViT-L/16,frozen,1890,condition,0.7249,0.7053,0.7445,0.5578,0.5279,0.5857,2000,42,pass
lingbot_vitl_frozen,lingbot_vitl_frozen-20260805-075734,LingBot-Vision,ViT-L/16,frozen,1890,sign_shape,0.9344,0.9228,0.945,0.9151,0.8937,0.9329,2000,42,pass
lingbot_vitl_lora,lingbot_vitl_lora-20260805-190422,LingBot-Vision,ViT-L/16,lora,1890,view_angle,0.9365,0.9259,0.9466,0.9297,0.918,0.9411,2000,42,pass
lingbot_vitl_lora,lingbot_vitl_lora-20260805-190422,LingBot-Vision,ViT-L/16,lora,1890,mounting,0.9794,0.973,0.9847,0.9569,0.943,0.9688,2000,42,pass
lingbot_vitl_lora,lingbot_vitl_lora-20260805-190422,LingBot-Vision,ViT-L/16,lora,1890,condition,0.8074,0.7899,0.8259,0.7055,0.6713,0.7373,2000,42,pass
lingbot_vitl_lora,lingbot_vitl_lora-20260805-190422,LingBot-Vision,ViT-L/16,lora,1890,sign_shape,0.9788,0.972,0.9852,0.9765,0.9672,0.9846,2000,42,pass
vjepa21_vitb_frozen,vjepa21_vitb_frozen-20260805-023109,V-JEPA,ViT-B/16,frozen,1890,view_angle,0.8571,0.8418,0.873,0.8523,0.8354,0.8686,2000,42,pass
vjepa21_vitb_frozen,vjepa21_vitb_frozen-20260805-023109,V-JEPA,ViT-B/16,frozen,1890,mounting,0.9233,0.9106,0.9344,0.8614,0.8401,0.8815,2000,42,pass
vjepa21_vitb_frozen,vjepa21_vitb_frozen-20260805-023109,V-JEPA,ViT-B/16,frozen,1890,condition,0.7058,0.6857,0.7265,0.5568,0.5246,0.5883,2000,42,pass
vjepa21_vitb_frozen,vjepa21_vitb_frozen-20260805-023109,V-JEPA,ViT-B/16,frozen,1890,sign_shape,0.9185,0.9053,0.9307,0.8846,0.8591,0.907,2000,42,pass
vjepa21_vitb_lora,vjepa21_vitb_lora-20260805-130545,V-JEPA,ViT-B/16,lora,1890,view_angle,0.9349,0.9243,0.945,0.9269,0.9146,0.9387,2000,42,pass
vjepa21_vitb_lora,vjepa21_vitb_lora-20260805-130545,V-JEPA,ViT-B/16,lora,1890,mounting,0.973,0.9656,0.9799,0.9429,0.9262,0.9574,2000,42,pass
vjepa21_vitb_lora,vjepa21_vitb_lora-20260805-130545,V-JEPA,ViT-B/16,lora,1890,condition,0.8328,0.8159,0.8497,0.7126,0.678,0.7439,2000,42,pass
vjepa21_vitb_lora,vjepa21_vitb_lora-20260805-130545,V-JEPA,ViT-B/16,lora,1890,sign_shape,0.9667,0.9587,0.9741,0.9551,0.9386,0.9687,2000,42,pass
vjepa21_vitl_frozen,vjepa21_vitl_frozen-20260805-032934,V-JEPA,ViT-L/16,frozen,1890,view_angle,0.8889,0.8746,0.9026,0.8812,0.8663,0.8959,2000,42,pass
vjepa21_vitl_frozen,vjepa21_vitl_frozen-20260805-032934,V-JEPA,ViT-L/16,frozen,1890,mounting,0.9413,0.9302,0.9508,0.8887,0.8678,0.9072,2000,42,pass
vjepa21_vitl_frozen,vjepa21_vitl_frozen-20260805-032934,V-JEPA,ViT-L/16,frozen,1890,condition,0.7376,0.7185,0.7587,0.5601,0.5283,0.5903,2000,42,pass
vjepa21_vitl_frozen,vjepa21_vitl_frozen-20260805-032934,V-JEPA,ViT-L/16,frozen,1890,sign_shape,0.9307,0.919,0.9418,0.904,0.878,0.925,2000,42,pass
vjepa21_vitl_lora,vjepa21_vitl_lora-20260805-141508,V-JEPA,ViT-L/16,lora,1890,view_angle,0.937,0.9265,0.9471,0.9297,0.9178,0.9409,2000,42,pass
vjepa21_vitl_lora,vjepa21_vitl_lora-20260805-141508,V-JEPA,ViT-L/16,lora,1890,mounting,0.9767,0.9698,0.9831,0.9526,0.9376,0.9656,2000,42,pass
vjepa21_vitl_lora,vjepa21_vitl_lora-20260805-141508,V-JEPA,ViT-L/16,lora,1890,condition,0.8487,0.8328,0.8656,0.747,0.7146,0.7777,2000,42,pass
vjepa21_vitl_lora,vjepa21_vitl_lora-20260805-141508,V-JEPA,ViT-L/16,lora,1890,sign_shape,0.9767,0.9698,0.9831,0.9732,0.9614,0.9827,2000,42,pass
