annotation_uid,image_uid,category_name,bbox_x,bbox_y,bbox_w,bbox_h,image_width,image_height
1053,382,Stop Sign,325.25000000000006,858.76,2153.35,2108.79,3072,4096
1054,382,Stop Sign,325.25000000000006,858.76,2153.35,2108.79,3072,4096
1056,383,Back-Unknown,871.8900000000001,3175.4299999999994,48.690000000000055,53.99000000000024,3024,4032
1057,383,Directional Sign,1012.86,3337.0599999999995,77.45999999999992,92.47000000000027,3024,4032
1058,383,Directional Sign,1012.86,3337.0599999999995,77.45999999999992,92.47000000000027,3024,4032
1059,383,Other-Unknown,1345.77,623.48,377.26,1298.98,3024,4032
1060,383,Roundabout Ahead,1271.94,1867.99,428.0399999999999,968.7999999999998,3024,4032
1061,383,Back-Unknown,871.8900000000001,3175.4299999999994,48.690000000000055,53.99000000000024,3024,4032
1062,383,Back-Unknown,852.02,3297.63,47.440000000000055,50.00999999999976,3024,4032
1063,383,Other-Unknown,2143.43,3158.16,31.7800000000002,37.930000000000284,3024,4032
1064,383,Other-Unknown,2516.61,3140.55,35.86999999999989,44.929999999999836,3024,4032
1065,383,Other-Unknown,1345.77,623.48,377.26,1298.98,3024,4032
1066,383,Roundabout Ahead,1271.94,1867.99,428.0399999999999,968.7999999999998,3024,4032
1067,383,Other-Unknown,2516.61,3140.55,35.86999999999989,44.929999999999836,3024,4032
1068,383,Other-Unknown,2143.43,3158.16,31.7800000000002,37.930000000000284,3024,4032
1069,383,Back-Unknown,852.02,3297.63,47.440000000000055,50.00999999999976,3024,4032
1070,383,Back-Unknown,871.8900000000001,3175.4299999999994,48.690000000000055,53.99000000000024,3024,4032
1072,383,Roundabout Ahead,1271.94,1867.99,428.0399999999999,968.7999999999998,3024,4032
1073,383,Other-Unknown,1345.77,623.48,377.26,1298.98,3024,4032
1074,383,Other-Unknown,2516.61,3140.55,35.86999999999989,44.929999999999836,3024,4032
1075,383,Back-Unknown,852.02,3297.63,47.440000000000055,50.00999999999976,3024,4032
1263,460,No Entry (One Way),1377.91,3295.78,104.24,153.12999999999963,3024,4032
1264,460,No Entry (One Way),1377.91,3295.78,104.24,153.12999999999963,3024,4032
1788,652,No Through Road (T-Junction),958.16,2020.25,1140.93,1084.42,3024,4032
1789,652,No Through Road (T-Junction),958.16,2020.25,1140.93,1084.42,3024,4032
5171,1894,Back-Unknown,1306.97,2627.39,16.56,22.43,3024,4032
5172,1894,Back-Unknown,1306.97,2627.39,16.56,22.43,3024,4032
5415,1959,No Entry (One Way),966.24,540.24,739.94,1382.51,3060,4080
5416,1959,No Entry (One Way),966.24,540.24,739.94,1382.51,3060,4080
5417,1960,Back-Unknown,1169.97,2117.16,683.29,709.84,3060,4080
5418,1960,No Entry (One Way),1151.41,836.33,916.26,830.24,3060,4080
5419,1960,Blind-Spot Mirror (Convex Mirror),1197.74,1554.59,503.41,572.22,3060,4080
5420,1960,Back-Unknown,1169.97,2117.16,683.29,709.84,3060,4080
5421,1960,Blind-Spot Mirror (Convex Mirror),1197.74,1554.59,503.41,572.22,3060,4080
5422,1960,No Entry (One Way),1151.41,836.33,916.26,830.24,3060,4080
