rank,category_id,category_name,annotations,pct_of_annotations,images_with_class,pct_of_annotated_images
1,11,Back-Unknown,6727,32.76,3703,49.44
2,12,Other-Unknown,2342,11.4,1680,22.43
3,3,No Entry (One Way),2214,10.78,1849,24.69
4,6,Blind-Spot Mirror (Convex Mirror),1650,8.03,1465,19.56
5,1,Pedestrian Crossing,1457,7.09,1140,15.22
6,2,Stop Sign,1338,6.52,1280,17.09
7,10,Auxiliary Sign,1300,6.33,993,13.26
8,8,Directional Sign,1126,5.48,773,10.32
9,7,Street Sign,1009,4.91,938,12.52
10,4,Roundabout Ahead,803,3.91,656,8.76
11,5,No Through Road (T-Junction),537,2.61,518,6.92
12,9,Tourist Sign,33,0.16,23,0.31
