category_name,Circular,Quadrangle,Triangular,Octagonal,Pentagon,Damaged-Unknown
Back-Unknown,29.54,31.33,43.1,40.48,2.57,32.26
Other-Unknown,10.43,6.39,35.03,0.84,0.77,16.13
No Entry (One Way),26.66,0.06,0.0,0.04,1.03,25.81
Blind-Spot Mirror (Convex Mirror),19.98,0.04,0.0,0.0,0.0,0.0
Pedestrian Crossing,0.08,15.13,14.72,0.0,0.77,12.9
Stop Sign,0.11,0.12,0.0,58.5,0.0,0.0
Auxiliary Sign,0.11,19.28,0.03,0.0,0.26,3.23
Directional Sign,5.42,4.7,0.03,0.0,93.32,3.23
Street Sign,0.33,14.67,0.0,0.04,0.26,0.0
Roundabout Ahead,7.19,0.03,7.02,0.09,0.0,0.0
No Through Road (T-Junction),0.13,7.81,0.07,0.0,0.0,6.45
Tourist Sign,0.0,0.43,0.0,0.0,1.03,0.0
