group,images,annotation_file,json_tasks,tasks_matching_images,json_tasks_without_matching_image,images_with_rectangles,zero_annotation_images,rectangle_annotations,avg_rectangles_per_image,avg_rectangles_per_annotated_image,all_images_annotations_mean,all_images_annotations_median,all_images_annotations_min,all_images_annotations_max,all_images_annotations_std_dev,all_images_annotations_p25,all_images_annotations_p50,all_images_annotations_p75,all_images_annotations_p90,all_images_annotations_p95,annotated_images_annotations_mean,annotated_images_annotations_median,annotated_images_annotations_min,annotated_images_annotations_max,annotated_images_annotations_std_dev,annotated_images_annotations_p25,annotated_images_annotations_p50,annotated_images_annotations_p75,annotated_images_annotations_p90,annotated_images_annotations_p95,all_images_1_annotation_images,all_images_1_annotation_pct,all_images_2_annotation_images,all_images_2_annotation_pct,all_images_3_annotation_images,all_images_3_annotation_pct,all_images_4_plus_annotation_images,all_images_4_plus_annotation_pct,estimated_hours,estimated_minutes_per_image,projected_rectangles_for_all_images,projected_total_hours_for_all_images,label_studio_annotation_objects,result_items
GRP-1,724,merged_input.json,724,724,0,723,1,806,1.1132596685082874,1.1147994467496543,1.1132596685082874,1.0,0,8,0.5571145908867363,1.0,1.0,1.0,1.0,2.0,1.1147994467496543,1,1,8,0.5559581040363359,1.0,1.0,1.0,1.0,2.0,677,93.50828729281768,30,4.143646408839778,4,0.5524861878453038,12,1.6574585635359116,12.977777777777778,1.0755064456721914,806.0000000000001,12.977777777777778,724,4030
GRP-10,789,,0,0,0,0,789,0,0.0,0.0,0,0,0,0,0.0,0.0,0.0,0.0,0.0,0.0,0.0,0.0,0,0,0.0,0.0,0.0,0.0,0.0,0.0,0,0.0,0,0.0,0,0.0,0,0.0,4.383333333333334,0.3333333333333333,0.0,4.383333333333334,0,0
GRP-11,602,,0,0,0,0,602,0,0.0,0.0,0,0.0,0,0,0.0,0.0,0.0,0.0,0.0,0.0,0.0,0.0,0,0,0.0,0.0,0.0,0.0,0.0,0.0,0,0.0,0,0.0,0,0.0,0,0.0,3.3444444444444446,0.3333333333333333,0.0,3.3444444444444446,0,0
GRP-2,630,merged_input.json,630,630,0,630,0,770,1.2222222222222223,1.2222222222222223,1.2222222222222223,1.0,1,6,0.5785708842290643,1.0,1.0,1.0,2.0,2.0,1.2222222222222223,1.0,1,6,0.5785708842290643,1.0,1.0,1.0,2.0,2.0,528,83.80952380952381,73,11.587301587301587,23,3.650793650793651,6,0.9523809523809524,12.055555555555555,1.1481481481481481,770.0000000000001,12.055555555555555,630,3850
GRP-3,617,,0,0,0,0,617,0,0.0,0.0,0,0,0,0,0.0,0.0,0.0,0.0,0.0,0.0,0.0,0.0,0,0,0.0,0.0,0.0,0.0,0.0,0.0,0,0.0,0,0.0,0,0.0,0,0.0,3.4277777777777776,0.3333333333333333,0.0,3.4277777777777776,0,0
GRP-4,875,,0,0,0,0,875,0,0.0,0.0,0,0,0,0,0.0,0.0,0.0,0.0,0.0,0.0,0.0,0.0,0,0,0.0,0.0,0.0,0.0,0.0,0.0,0,0.0,0,0.0,0,0.0,0,0.0,4.861111111111111,0.33333333333333337,0.0,4.861111111111111,0,0
GRP-5,657,merged_input.json,660,657,3,657,0,712,1.0837138508371384,1.0837138508371384,1.0837138508371384,1,1,3,0.30319390192971035,1.0,1.0,1.0,1.0,2.0,1.0837138508371384,1,1,3,0.30319390192971035,1.0,1.0,1.0,1.0,2.0,607,92.3896499238965,45,6.8493150684931505,5,0.76103500761035,0,0.0,11.561111111111112,1.0558092338914256,712.0,11.561111111111112,657,3560
GRP-6,470,merged_input.json,620,470,150,470,0,504,1.0723404255319149,1.0723404255319149,1.0723404255319149,1.0,1,2,0.2590507447697774,1.0,1.0,1.0,1.0,2.0,1.0723404255319149,1.0,1,2,0.2590507447697774,1.0,1.0,1.0,1.0,2.0,436,92.76595744680851,34,7.234042553191489,0,0.0,0,0.0,8.21111111111111,1.04822695035461,504.0,8.21111111111111,470,2520
GRP-7,710,,0,0,0,0,710,0,0.0,0.0,0,0.0,0,0,0.0,0.0,0.0,0.0,0.0,0.0,0.0,0.0,0,0,0.0,0.0,0.0,0.0,0.0,0.0,0,0.0,0,0.0,0,0.0,0,0.0,3.9444444444444446,0.3333333333333333,0.0,3.9444444444444446,0,0
GRP-8,703,merged_input.json,703,703,0,703,0,830,1.1806543385490753,1.1806543385490753,1.1806543385490753,1,1,5,0.5172100709325609,1.0,1.0,1.0,2.0,2.0,1.1806543385490753,1,1,5,0.5172100709325609,1.0,1.0,1.0,2.0,2.0,607,86.34423897581792,73,10.38406827880512,18,2.5604551920341394,5,0.7112375533428165,13.127777777777778,1.1204362256993836,830.0,13.127777777777778,703,4182
GRP-9,715,merged_input.json,730,715,15,715,0,1054,1.474125874125874,1.474125874125874,1.474125874125874,1,1,10,0.9624207014260068,1.0,1.0,2.0,2.0,3.0,1.474125874125874,1,1,10,0.9624207014260068,1.0,1.0,2.0,2.0,3.0,499,69.79020979020979,149,20.83916083916084,38,5.314685314685315,29,4.055944055944056,15.683333333333334,1.3160839160839162,1054.0,15.683333333333334,715,5271
TOTAL,7492,,4067,3899,168,3898,3594,4676,0.6241324079017618,1.1995895330938944,0.6241324079017618,1.0,0,10,0.7436828512313642,0.0,1.0,1.0,1.0,2.0,1.1995895330938944,1.0,1,10,0.6104778938795286,1.0,1.0,1.0,2.0,2.0,3354,44.767752269087026,404,5.392418579818473,88,1.174586225306994,52,0.6940736785904965,93.57777777777778,0.7494216052678413,8985.019748653502,141.45577498503891,3899,23413
