district,locality,images
Northern,Mosta,548
Northern Harbour,Sliema,402
South Eastern,Zurrieq,355
Northern Harbour,Msida,209
Northern Harbour,Qormi,197
Western,Rabat (Malta),191
Northern,Naxxar,191
Southern Harbour,Zabbar,167
Western,Attard,160
Southern Harbour,Fgura,136
Northern Harbour,Pieta,132
Southern Harbour,Senglea,127
South Eastern,Ghaxaq,119
Northern,Qawra,105
South Eastern,Safi,104
Northern Harbour,San Gwann,93
Northern,Gharghur,79
Northern Harbour,Ta' Xbiex,69
Northern,Bahar ic-Caghaq,59
South Eastern,Kirkop,56
Western,Lija,56
South Eastern,Zejtun,54
Gozo,Victoria (Gozo),53
Southern Harbour,Cospicua,49
Western,Mdina,47
Southern Harbour,Vittoriosa,45
Gozo,Xaghra,45
Northern Harbour,St Julian's,40
Gozo,Xewkija,38
Northern Harbour,Gzira,37
Southern Harbour,Kalkara,25
Southern Harbour,Tarxien,22
Western,Mtarfa,22
Northern,Zebbiegh,21
Gozo,Munxar,21
South Eastern,Gudja,21
Northern,Mgarr (Malta),18
Gozo,Marsalforn,18
Northern,Burmarrad,12
Northern,Bugibba,12
Southern Harbour,Paola,12
Northern Harbour,Santa Venera,12
Southern Harbour,Santa Lucija,11
Northern,Xemxija,10
Northern,Mellieha,6
Northern Harbour,Birkirkara,6
South Eastern,Marsaxlokk,6
Northern Harbour,Hamrun,5
Gozo,Xlendi,3
Northern Harbour,Swieqi,2
