date,images
2025-11-06,223
2025-11-07,0
2025-11-08,0
2025-11-09,0
2025-11-10,0
2025-11-11,84
2025-11-12,81
2025-11-13,0
2025-11-14,0
2025-11-15,21
2025-11-16,238
2025-11-17,24
2025-11-18,0
2025-11-19,0
2025-11-20,2
2025-11-21,12
2025-11-22,159
2025-11-23,111
2025-11-24,22
2025-11-25,301
2025-11-26,166
2025-11-27,0
2025-11-28,0
2025-11-29,276
2025-11-30,114
2025-12-01,3
2025-12-02,321
2025-12-03,109
2025-12-04,49
2025-12-05,0
2025-12-06,36
2025-12-07,0
2025-12-08,71
2025-12-09,0
2025-12-10,8
2025-12-11,0
2025-12-12,0
2025-12-13,33
2025-12-14,0
2025-12-15,116
2025-12-16,82
2025-12-17,14
2025-12-18,84
2025-12-19,18
2025-12-20,86
2025-12-21,0
2025-12-22,365
2025-12-23,165
2025-12-24,36
2025-12-25,2
2025-12-26,130
2025-12-27,1
2025-12-28,8
2025-12-29,94
2025-12-30,86
2025-12-31,68
2026-01-01,0
2026-01-02,0
2026-01-03,66
2026-01-04,229
2026-01-05,200
2026-01-06,0
2026-01-07,46
2026-01-08,83
2026-01-09,401
2026-01-10,46
2026-01-11,172
2026-01-12,102
2026-01-13,14
2026-01-14,0
2026-01-15,0
2026-01-16,0
2026-01-17,0
2026-01-18,0
2026-01-19,0
2026-01-20,0
2026-01-21,0
2026-01-22,0
2026-01-23,0
2026-01-24,0
2026-01-25,0
2026-01-26,0
2026-01-27,0
2026-01-28,0
2026-01-29,0
2026-01-30,243
2026-01-31,11
