dataset,split,model,prompt_id,prompt,prompt_group,target_classes,prompt_class_confusion,max_detections,max_detections_policy,nms_iou_threshold,tp,fp,fn,duplicates,precision,recall,f1,accuracy,mean_matched_iou,ap50,map50_95,n_gt,n_images,target_gt_boxes,positive_images,negative_images,fp_overlapping_nontarget,model_load_ms,worker_processes,worker_chunk_size,execution_strategy,mean_inference_ms,has_confidence,ap_meaningful
MDWD,test,Cosmos Reason2 2B,mdwd-p1,black garbage bag,class-targeted,['Mixed Waste'],"{'Recyclable Material': 57, 'Organic Waste': 62, 'Mixed Waste': 92, 'Other Waste': 12, 'Orange CMD': 20}",28,test-set-max-gt-per-image,0.5,92,191,242,0,0.3251,0.2754,0.2982,0.1752,0.834,0.0984,0.0571,334,369,334,126,243,151,56818.0,6,64,isolated-model-prompt-chunks-v1,1479.1,False,False
MDWD,test,Cosmos Reason2 2B,mdwd-p2,grey recycling bag,class-targeted,['Recyclable Material'],"{'Organic Waste': 39, 'Recyclable Material': 43, 'Other Waste': 8, 'Mixed Waste': 56, 'Orange CMD': 24}",28,test-set-max-gt-per-image,0.5,43,148,195,0,0.2251,0.1807,0.2005,0.1114,0.8523,0.0577,0.0351,238,369,238,114,255,127,54860.3,6,64,isolated-model-prompt-chunks-v1,1353.66,False,False
MDWD,test,Cosmos Reason2 2B,mdwd-p3,white organic-waste bag,class-targeted,['Organic Waste'],"{'Mixed Waste': 47, 'Organic Waste': 32, 'Other Waste': 11, 'Recyclable Material': 33, 'Orange CMD': 18}",28,test-set-max-gt-per-image,0.5,32,147,146,0,0.1788,0.1798,0.1793,0.0985,0.8157,0.0838,0.0418,178,369,178,107,262,109,55381.8,6,64,isolated-model-prompt-chunks-v1,1301.52,False,False
MDWD,test,Cosmos Reason2 2B,mdwd-p4,orange garbage bag,class-targeted,['Orange CMD'],"{'Recyclable Material': 49, 'Organic Waste': 49, 'Mixed Waste': 74, 'Other Waste': 13, 'Orange CMD': 19}",28,test-set-max-gt-per-image,0.5,19,221,59,0,0.0792,0.2436,0.1195,0.0635,0.8747,0.0453,0.0323,78,369,78,37,332,185,54696.7,6,64,isolated-model-prompt-chunks-v1,1267.19,False,False
MDWD,test,Cosmos Reason2 2B,mdwd-p5,domestic waste,broad,"['Mixed Waste', 'Recyclable Material', 'Organic Waste', 'Orange CMD', 'Other Waste']","{'Recyclable Material': 94, 'Mixed Waste': 118, 'Organic Waste': 64, 'Other Waste': 19, 'Orange CMD': 27}",28,test-set-max-gt-per-image,0.5,322,47,784,1,0.8726,0.2911,0.4366,0.2793,0.8525,0.259,0.1611,1106,369,1106,369,0,0,55463.2,6,64,isolated-model-prompt-chunks-v1,1790.94,False,False
MDWD,test,Cosmos Reason2 2B,mdwd-p6,garbage,broad,"['Mixed Waste', 'Recyclable Material', 'Organic Waste', 'Orange CMD', 'Other Waste']","{'Recyclable Material': 101, 'Mixed Waste': 114, 'Other Waste': 28, 'Organic Waste': 65, 'Orange CMD': 26}",28,test-set-max-gt-per-image,0.5,334,50,772,1,0.8698,0.302,0.4483,0.2889,0.8538,0.2685,0.1686,1106,369,1106,369,0,0,54575.7,6,64,isolated-model-prompt-chunks-v1,1985.25,False,False
MDWD,test,Cosmos Reason2 8B,mdwd-p1,black garbage bag,class-targeted,['Mixed Waste'],"{'Recyclable Material': 74, 'Organic Waste': 89, 'Mixed Waste': 212, 'Other Waste': 7, 'Orange CMD': 26}",28,test-set-max-gt-per-image,0.5,212,266,122,0,0.4435,0.6347,0.5222,0.3533,0.8432,0.3277,0.2103,334,369,334,126,243,196,99023.4,6,64,isolated-model-prompt-chunks-v1,2417.98,False,False
MDWD,test,Cosmos Reason2 8B,mdwd-p2,grey recycling bag,class-targeted,['Recyclable Material'],"{'Recyclable Material': 125, 'Organic Waste': 111, 'Mixed Waste': 151, 'Other Waste': 12, 'Orange CMD': 35}",28,test-set-max-gt-per-image,0.5,126,361,112,0,0.2587,0.5294,0.3476,0.2104,0.8741,0.1752,0.1127,238,369,238,114,255,308,82687.8,6,64,isolated-model-prompt-chunks-v1,2396.47,False,False
MDWD,test,Cosmos Reason2 8B,mdwd-p3,white organic-waste bag,class-targeted,['Organic Waste'],"{'Recyclable Material': 107, 'Organic Waste': 128, 'Mixed Waste': 104, 'Other Waste': 22, 'Orange CMD': 35}",28,test-set-max-gt-per-image,0.5,128,312,50,0,0.2909,0.7191,0.4142,0.2612,0.8428,0.2457,0.1559,178,369,178,107,262,268,82533.3,6,64,isolated-model-prompt-chunks-v1,2348.62,False,False
MDWD,test,Cosmos Reason2 8B,mdwd-p4,orange garbage bag,class-targeted,['Orange CMD'],"{'Recyclable Material': 79, 'Organic Waste': 91, 'Mixed Waste': 80, 'Other Waste': 18, 'Orange CMD': 42}",28,test-set-max-gt-per-image,0.5,42,303,36,0,0.1217,0.5385,0.1986,0.1102,0.8431,0.1423,0.0845,78,369,78,37,332,268,82696.9,6,64,isolated-model-prompt-chunks-v1,1862.91,False,False
MDWD,test,Cosmos Reason2 8B,mdwd-p5,domestic waste,broad,"['Mixed Waste', 'Recyclable Material', 'Organic Waste', 'Orange CMD', 'Other Waste']","{'Recyclable Material': 126, 'Organic Waste': 102, 'Mixed Waste': 148, 'Other Waste': 24, 'Orange CMD': 39}",28,test-set-max-gt-per-image,0.5,439,99,667,0,0.816,0.3969,0.5341,0.3643,0.8596,0.3358,0.2229,1106,369,1106,369,0,0,82876.7,6,64,isolated-model-prompt-chunks-v1,2657.44,False,False
MDWD,test,Cosmos Reason2 8B,mdwd-p6,garbage,broad,"['Mixed Waste', 'Recyclable Material', 'Organic Waste', 'Orange CMD', 'Other Waste']","{'Recyclable Material': 116, 'Organic Waste': 101, 'Mixed Waste': 135, 'Other Waste': 21, 'Orange CMD': 38}",28,test-set-max-gt-per-image,0.5,411,95,695,0,0.8123,0.3716,0.5099,0.3422,0.862,0.309,0.2074,1106,369,1106,369,0,0,83323.0,6,64,isolated-model-prompt-chunks-v1,2461.07,False,False
MDWD,test,LocateAnything 3B,mdwd-p1,black garbage bag,class-targeted,['Mixed Waste'],"{'Mixed Waste': 244, 'Organic Waste': 15, 'Recyclable Material': 37, 'Other Waste': 17, 'Orange CMD': 1}",28,test-set-max-gt-per-image,0.5,244,246,90,2,0.498,0.7305,0.5922,0.4207,0.8833,0.4311,0.3117,334,369,334,126,243,70,77413.1,6,64,isolated-model-prompt-chunks-v1,1353.78,False,False
MDWD,test,LocateAnything 3B,mdwd-p2,grey recycling bag,class-targeted,['Recyclable Material'],"{'Recyclable Material': 190, 'Organic Waste': 156, 'Mixed Waste': 239, 'Other Waste': 54, 'Orange CMD': 31}",28,test-set-max-gt-per-image,0.5,190,953,48,1,0.1662,0.7983,0.2752,0.1595,0.9087,0.1875,0.1489,238,369,238,114,255,487,72194.2,6,64,isolated-model-prompt-chunks-v1,2695.81,False,False
MDWD,test,LocateAnything 3B,mdwd-p3,white organic-waste bag,class-targeted,['Organic Waste'],"{'Recyclable Material': 182, 'Organic Waste': 152, 'Mixed Waste': 111, 'Other Waste': 54, 'Orange CMD': 22}",28,test-set-max-gt-per-image,0.5,152,783,26,0,0.1626,0.8539,0.2731,0.1582,0.8711,0.1667,0.1132,178,369,178,107,262,374,74523.1,6,64,isolated-model-prompt-chunks-v1,2261.7,False,False
MDWD,test,LocateAnything 3B,mdwd-p4,orange garbage bag,class-targeted,['Orange CMD'],"{'Organic Waste': 53, 'Mixed Waste': 41, 'Other Waste': 21, 'Recyclable Material': 33, 'Orange CMD': 57}",28,test-set-max-gt-per-image,0.5,57,390,21,1,0.1275,0.7308,0.2171,0.1218,0.89,0.1394,0.0987,78,369,78,37,332,154,73768.4,6,64,isolated-model-prompt-chunks-v1,1035.0,False,False
MDWD,test,LocateAnything 3B,mdwd-p5,domestic waste,broad,"['Mixed Waste', 'Recyclable Material', 'Organic Waste', 'Orange CMD', 'Other Waste']","{'Recyclable Material': 193, 'Organic Waste': 134, 'Mixed Waste': 253, 'Other Waste': 115, 'Orange CMD': 44}",28,test-set-max-gt-per-image,0.5,739,929,367,7,0.443,0.6682,0.5328,0.3631,0.8751,0.3106,0.2134,1106,369,1106,369,0,0,73042.2,6,64,isolated-model-prompt-chunks-v1,3008.52,False,False
MDWD,test,LocateAnything 3B,mdwd-p6,garbage,broad,"['Mixed Waste', 'Recyclable Material', 'Organic Waste', 'Orange CMD', 'Other Waste']","{'Recyclable Material': 216, 'Organic Waste': 154, 'Mixed Waste': 280, 'Other Waste': 141, 'Orange CMD': 48}",28,test-set-max-gt-per-image,0.5,839,1406,267,5,0.3737,0.7586,0.5007,0.334,0.8751,0.3201,0.2219,1106,369,1106,369,0,0,72742.9,6,64,isolated-model-prompt-chunks-v1,2925.47,False,False
MDWD,test,SAM 3.1,mdwd-p1,black garbage bag,class-targeted,['Mixed Waste'],"{'Mixed Waste': 310, 'Other Waste': 5, 'Recyclable Material': 7}",28,test-set-max-gt-per-image,0.5,310,93,24,3,0.7692,0.9281,0.8412,0.726,0.877,0.8944,0.6848,334,369,334,126,243,12,8707.3,1,,isolated-model-prompt-chunks-v1,110.07,True,True
MDWD,test,SAM 3.1,mdwd-p2,grey recycling bag,class-targeted,['Recyclable Material'],"{'Mixed Waste': 14, 'Recyclable Material': 12, 'Other Waste': 4}",28,test-set-max-gt-per-image,0.5,12,21,226,0,0.3636,0.0504,0.0886,0.0463,0.9056,0.0197,0.016,238,369,238,114,255,18,8216.3,1,,isolated-model-prompt-chunks-v1,108.96,True,True
MDWD,test,SAM 3.1,mdwd-p3,white organic-waste bag,class-targeted,['Organic Waste'],"{'Recyclable Material': 177, 'Organic Waste': 140, 'Mixed Waste': 14, 'Other Waste': 19, 'Orange CMD': 9}",28,test-set-max-gt-per-image,0.5,140,244,38,0,0.3646,0.7865,0.4982,0.3318,0.8842,0.4607,0.3644,178,369,178,107,262,219,8396.5,1,,isolated-model-prompt-chunks-v1,109.8,True,True
MDWD,test,SAM 3.1,mdwd-p4,orange garbage bag,class-targeted,['Orange CMD'],"{'Mixed Waste': 1, 'Orange CMD': 64, 'Other Waste': 1, 'Recyclable Material': 1}",28,test-set-max-gt-per-image,0.5,64,12,14,0,0.8421,0.8205,0.8312,0.7111,0.9207,0.7956,0.6906,78,369,78,37,332,3,8385.0,1,,isolated-model-prompt-chunks-v1,109.33,True,True
MDWD,test,SAM 3.1,mdwd-p5,domestic waste,broad,"['Mixed Waste', 'Recyclable Material', 'Organic Waste', 'Orange CMD', 'Other Waste']","{'Recyclable Material': 89, 'Mixed Waste': 54, 'Other Waste': 30, 'Organic Waste': 25, 'Orange CMD': 12}",28,test-set-max-gt-per-image,0.5,210,49,896,1,0.8108,0.1899,0.3077,0.1818,0.8703,0.1728,0.1221,1106,369,1106,369,0,0,8343.2,1,,isolated-model-prompt-chunks-v1,112.32,True,True
MDWD,test,SAM 3.1,mdwd-p6,garbage,broad,"['Mixed Waste', 'Recyclable Material', 'Organic Waste', 'Orange CMD', 'Other Waste']","{'Recyclable Material': 229, 'Organic Waste': 174, 'Mixed Waste': 308, 'Other Waste': 218, 'Orange CMD': 64}",28,test-set-max-gt-per-image,0.5,993,1124,113,12,0.4691,0.8978,0.6162,0.4453,0.8784,0.8385,0.6413,1106,369,1106,369,0,0,8397.7,1,,isolated-model-prompt-chunks-v1,119.65,True,True
MDWD,test,SAM 3,mdwd-p1,black garbage bag,class-targeted,['Mixed Waste'],"{'Mixed Waste': 310, 'Other Waste': 5, 'Orange CMD': 1, 'Recyclable Material': 6}",28,test-set-max-gt-per-image,0.5,310,84,24,2,0.7868,0.9281,0.8516,0.7416,0.8769,0.895,0.6842,334,369,334,126,243,12,8938.3,1,,isolated-model-prompt-chunks-v1,110.05,True,True
MDWD,test,SAM 3,mdwd-p2,grey recycling bag,class-targeted,['Recyclable Material'],"{'Mixed Waste': 11, 'Recyclable Material': 8, 'Other Waste': 4}",28,test-set-max-gt-per-image,0.5,8,18,230,0,0.3077,0.0336,0.0606,0.0312,0.902,0.0117,0.0095,238,369,238,114,255,15,8167.3,1,,isolated-model-prompt-chunks-v1,109.22,True,True
MDWD,test,SAM 3,mdwd-p3,white organic-waste bag,class-targeted,['Organic Waste'],"{'Recyclable Material': 158, 'Organic Waste': 137, 'Mixed Waste': 6, 'Other Waste': 14, 'Orange CMD': 8}",28,test-set-max-gt-per-image,0.5,137,205,41,0,0.4006,0.7697,0.5269,0.3577,0.8849,0.4682,0.3739,178,369,178,107,262,186,8305.9,1,,isolated-model-prompt-chunks-v1,109.3,True,True
MDWD,test,SAM 3,mdwd-p4,orange garbage bag,class-targeted,['Orange CMD'],"{'Mixed Waste': 1, 'Orange CMD': 64, 'Other Waste': 1, 'Recyclable Material': 1}",28,test-set-max-gt-per-image,0.5,64,12,14,0,0.8421,0.8205,0.8312,0.7111,0.9218,0.7913,0.6874,78,369,78,37,332,3,8232.5,1,,isolated-model-prompt-chunks-v1,109.08,True,True
MDWD,test,SAM 3,mdwd-p5,domestic waste,broad,"['Mixed Waste', 'Recyclable Material', 'Organic Waste', 'Orange CMD', 'Other Waste']","{'Recyclable Material': 64, 'Other Waste': 19, 'Mixed Waste': 43, 'Organic Waste': 22, 'Orange CMD': 7}",28,test-set-max-gt-per-image,0.5,155,31,951,1,0.8333,0.1401,0.2399,0.1363,0.8702,0.129,0.0929,1106,369,1106,369,0,0,8405.9,1,,isolated-model-prompt-chunks-v1,109.75,True,True
MDWD,test,SAM 3,mdwd-p6,garbage,broad,"['Mixed Waste', 'Recyclable Material', 'Organic Waste', 'Orange CMD', 'Other Waste']","{'Recyclable Material': 229, 'Organic Waste': 174, 'Mixed Waste': 308, 'Other Waste': 212, 'Orange CMD': 64}",28,test-set-max-gt-per-image,0.5,987,1088,119,13,0.4757,0.8924,0.6206,0.4499,0.879,0.8324,0.6369,1106,369,1106,369,0,0,8366.0,1,,isolated-model-prompt-chunks-v1,117.81,True,True
