dataset,model,sensitivity_family,n_pairs,mean_pairwise_box_f1,mean_pairwise_box_jaccard,mean_matched_pair_iou,min_pairwise_box_f1,max_pairwise_box_f1
MDWD,Cosmos Reason2 2B,mdwd-mixed-waste,6,0.5544,0.5481,0.9779,0.2297,0.8807
MDWD,Cosmos Reason2 2B,mdwd-orange-cmd,6,0.543,0.5401,0.9713,0.2708,0.8424
MDWD,Cosmos Reason2 2B,mdwd-organic-waste,6,0.5519,0.5478,0.9727,0.198,0.8972
MDWD,Cosmos Reason2 2B,mdwd-recyclable-material,6,0.5569,0.5507,0.9673,0.195,0.9064
MDWD,Cosmos Reason2 8B,mdwd-mixed-waste,6,0.8203,0.8068,0.9724,0.7701,0.9133
MDWD,Cosmos Reason2 8B,mdwd-orange-cmd,6,0.7296,0.7245,0.979,0.5372,0.9487
MDWD,Cosmos Reason2 8B,mdwd-organic-waste,6,0.8289,0.8121,0.9743,0.7618,0.9011
MDWD,Cosmos Reason2 8B,mdwd-recyclable-material,6,0.8831,0.8618,0.9727,0.817,0.9323
MDWD,LocateAnything 3B,mdwd-mixed-waste,6,0.6502,0.6135,0.9479,0.5221,0.8998
MDWD,LocateAnything 3B,mdwd-orange-cmd,6,0.7678,0.7453,0.939,0.6307,0.8898
MDWD,LocateAnything 3B,mdwd-organic-waste,6,0.6266,0.5597,0.9369,0.5241,0.7791
MDWD,LocateAnything 3B,mdwd-recyclable-material,6,0.7178,0.6415,0.9519,0.6088,0.8489
MDWD,SAM 3,mdwd-mixed-waste,6,0.8413,0.8345,0.9841,0.7334,0.99
MDWD,SAM 3,mdwd-orange-cmd,6,0.9271,0.9262,0.9915,0.8768,0.9533
MDWD,SAM 3,mdwd-organic-waste,6,0.7553,0.7474,0.9903,0.5786,0.8488
MDWD,SAM 3,mdwd-recyclable-material,6,0.6733,0.6716,0.982,0.4744,0.9675
MDWD,SAM 3.1,mdwd-mixed-waste,6,0.8218,0.8134,0.9834,0.7155,0.9884
MDWD,SAM 3.1,mdwd-orange-cmd,6,0.9213,0.9204,0.9926,0.8602,0.9621
MDWD,SAM 3.1,mdwd-organic-waste,6,0.7675,0.759,0.9898,0.605,0.8629
MDWD,SAM 3.1,mdwd-recyclable-material,6,0.6543,0.6523,0.9864,0.4627,0.9642
