model,prompt_group,n_prompts,precision,recall,f1,accuracy,mean_matched_iou,mean_inference_ms
Cosmos Reason2 2B,broad,2,0.5517,0.223,0.3157,0.1906,0.8688,2760.125
Cosmos Reason2 2B,class-targeted,7,0.0998,0.4033,0.1446,0.0798,0.8992,2614.3371
Cosmos Reason2 2B,synonym-comparison,4,0.1065,0.5573,0.1711,0.0948,0.9117,2581.17
Cosmos Reason2 8B,broad,2,0.6321,0.3339,0.4324,0.2855,0.8906,2953.99
Cosmos Reason2 8B,class-targeted,7,0.1431,0.5429,0.208,0.1202,0.909,2429.3343
Cosmos Reason2 8B,synonym-comparison,4,0.1518,0.6744,0.2348,0.1364,0.9396,2161.0375
LocateAnything 3B,broad,2,0.2158,0.4428,0.2902,0.1697,0.9148,7762.325
LocateAnything 3B,class-targeted,7,0.0567,0.5222,0.0991,0.0532,0.9404,6938.3914
LocateAnything 3B,synonym-comparison,4,0.0484,0.6493,0.0862,0.0456,0.9611,6753.95
SAM 3,broad,2,0.4878,0.4107,0.4256,0.294,0.9087,237.715
SAM 3,class-targeted,7,0.2971,0.6232,0.3092,0.2029,0.9363,191.2743
SAM 3,synonym-comparison,4,0.1046,0.5056,0.1668,0.0955,0.7131,172.045
SAM 3.1,broad,2,0.4727,0.4138,0.4206,0.2899,0.9049,237.89
SAM 3.1,class-targeted,7,0.2911,0.6337,0.3076,0.2017,0.9354,197.2386
SAM 3.1,synonym-comparison,4,0.102,0.4909,0.163,0.093,0.7129,175.7575
