model,task,dataset,suite,checkpoint,input_size,batch_size,device,gpu_name,warmup_iterations,model_file_mb,status,timed_images,mean_latency_ms,median_latency_ms,p95_latency_ms,fps,total_wall_seconds,peak_gpu_mem_gb,cold_start_s,parameters,preprocess_ms,inference_ms,postprocess_ms,notes
yolo11m,detection,MTSD,YOLO11-MTSD,E:\2. UM-Student\MSC Dissertation\Urban-Vision-Benchmark\Results\MTSD-Runs\YOLO11-MTSD\E01_yolo11m_mtsdqa1aug_img1280_eb32_e100_adamw_s42\weights\best.pt,1280,1,cuda,NVIDIA GeForce RTX 4090,3,38.69,ok,50,129.64,116.6,246.66,7.71,6.482,0.348,0.18,20062260,5.57,13.9,1.74,trained run E01_yolo11m_mtsdqa1aug_img1280_eb32_e100_adamw_s42
yolo11s@mtsd,detection,MTSD,YOLO11-MTSD,E:\2. UM-Student\MSC Dissertation\Urban-Vision-Benchmark\Results\MTSD-Runs\YOLO11-MTSD\E03_yolo11s_mtsdqa1aug_img1280_eb32_e100_adamw_s42\weights\best.pt,1280,1,cuda,NVIDIA GeForce RTX 4090,3,18.33,ok,50,142.01,135.45,267.93,7.04,7.101,0.271,0.06,9432436,6.97,24.26,1.66,trained run E03_yolo11s_mtsdqa1aug_img1280_eb32_e100_adamw_s42
yolo11n@mtsd,detection,MTSD,YOLO11-MTSD,E:\2. UM-Student\MSC Dissertation\Urban-Vision-Benchmark\Results\MTSD-Runs\YOLO11-MTSD\FINAL_yolo11n_mtsd_strong_img1280_pb8_eb64_e100_adamw_s42\weights\best.pt,1280,1,cuda,NVIDIA GeForce RTX 4090,3,5.26,ok,50,128.98,121.29,239.54,7.75,6.449,0.2,0.05,2592180,6.82,11.56,1.68,trained run FINAL_yolo11n_mtsd_strong_img1280_pb8_eb64_e100_adamw_s42
yolo11s@mtsd,detection,MTSD,YOLO11-MTSD,E:\2. UM-Student\MSC Dissertation\Urban-Vision-Benchmark\Results\MTSD-Runs\YOLO11-MTSD\strongaug-wandb-cuda-yolo11s-img1280-s42\weights\best.pt,1280,1,cuda,NVIDIA GeForce RTX 4090,3,18.34,ok,50,140.2,132.47,251.47,7.13,7.011,0.284,0.07,9432436,7.06,24.75,1.64,trained run strongaug-wandb-cuda-yolo11s-img1280-s42
yolo11m@mtsd,detection,MTSD,YOLO11-MTSD,E:\2. UM-Student\MSC Dissertation\Urban-Vision-Benchmark\Results\MTSD-Runs\YOLO11-MTSD\strongaug-wandb-followup-yolo11m-img1280-s42\weights\best.pt,1280,1,cuda,NVIDIA GeForce RTX 4090,3,38.69,ok,50,163.42,151.37,294.48,6.12,8.171,0.437,0.12,20062260,6.35,48.84,1.67,trained run strongaug-wandb-followup-yolo11m-img1280-s42
yolo12n@mtsd,detection,MTSD,YOLO12-MTSD,E:\2. UM-Student\MSC Dissertation\Urban-Vision-Benchmark\Results\MTSD-Runs\YOLO12-MTSD\FINAL_yolo12n_mtsd_strong_img1280_pb8_eb64_e100_adamw_s42\weights\best.pt,1280,1,cuda,NVIDIA GeForce RTX 4090,3,5.31,ok,50,144.45,136.16,269.84,6.92,7.223,0.325,0.06,2570388,7.15,30.32,1.78,trained run FINAL_yolo12n_mtsd_strong_img1280_pb8_eb64_e100_adamw_s42
yolo12s@mtsd,detection,MTSD,YOLO12-MTSD,E:\2. UM-Student\MSC Dissertation\Urban-Vision-Benchmark\Results\MTSD-Runs\YOLO12-MTSD\FINAL_yolo12s_mtsd_strong_img1280_pb8_eb64_e100_adamw_s42\weights\best.pt,1280,1,cuda,NVIDIA GeForce RTX 4090,3,71.4,ok,50,133.83,121.52,277.07,7.47,6.692,0.468,0.14,9257780,5.54,20.26,1.63,trained run FINAL_yolo12s_mtsd_strong_img1280_pb8_eb64_e100_adamw_s42
yolo12s@mtsd,detection,MTSD,YOLO12-MTSD,E:\2. UM-Student\MSC Dissertation\Urban-Vision-Benchmark\Results\MTSD-Runs\YOLO12-MTSD\strongaug-wandb-followup-yolo12s-img1280-s42\weights\best.pt,1280,1,cuda,NVIDIA GeForce RTX 4090,3,71.4,ok,50,167.37,155.03,318.71,5.97,8.369,0.502,0.13,9257780,6.48,52.87,1.66,trained run strongaug-wandb-followup-yolo12s-img1280-s42
yolo26s,detection,MTSD,YOLO26-MTSD,E:\2. UM-Student\MSC Dissertation\Urban-Vision-Benchmark\Results\MTSD-Runs\YOLO26-MTSD\E02_yolo26s_mtsdqa1aug_img1280_eb32_e100_adamw_s42\weights\best.pt,1280,1,cuda,NVIDIA GeForce RTX 4090,3,19.42,ok,50,146.22,137.78,268.9,6.84,7.311,0.432,0.08,9957152,6.84,28.29,1.06,trained run E02_yolo26s_mtsdqa1aug_img1280_eb32_e100_adamw_s42
yolo26n@mtsd,detection,MTSD,YOLO26-MTSD,E:\2. UM-Student\MSC Dissertation\Urban-Vision-Benchmark\Results\MTSD-Runs\YOLO26-MTSD\FINAL_yolo26n_mtsd_strong_img1280_pb8_eb64_e100_adamw_s42\weights\best.pt,1280,1,cuda,NVIDIA GeForce RTX 4090,3,5.19,ok,50,131.47,122.53,247.26,7.61,6.574,0.372,0.06,2508480,7.13,11.16,1.01,trained run FINAL_yolo26n_mtsd_strong_img1280_pb8_eb64_e100_adamw_s42
yolo26s@mtsd,detection,MTSD,YOLO26-MTSD,E:\2. UM-Student\MSC Dissertation\Urban-Vision-Benchmark\Results\MTSD-Runs\YOLO26-MTSD\FINAL_yolo26s_mtsd_noaug_img1280_pb8_eb64_e100_adamw_s42\weights\best.pt,1280,1,cuda,NVIDIA GeForce RTX 4090,3,19.43,ok,50,149.44,141.69,270.81,6.69,7.472,0.197,0.2,9957152,7.03,29.59,1.0,trained run FINAL_yolo26s_mtsd_noaug_img1280_pb8_eb64_e100_adamw_s42
yolo26s@mtsd,detection,MTSD,YOLO26-MTSD,E:\2. UM-Student\MSC Dissertation\Urban-Vision-Benchmark\Results\MTSD-Runs\YOLO26-MTSD\strongaug-wandb-cuda-yolo26s-img1280-s42\weights\best.pt,1280,1,cuda,NVIDIA GeForce RTX 4090,3,19.42,ok,50,147.0,139.04,264.44,6.8,7.35,0.23,0.09,9957152,7.1,28.79,1.01,trained run strongaug-wandb-cuda-yolo26s-img1280-s42
yolo26m@mtsd,detection,MTSD,YOLO26-MTSD,E:\2. UM-Student\MSC Dissertation\Urban-Vision-Benchmark\Results\MTSD-Runs\YOLO26-MTSD\strongaug-wandb-followup-yolo26m-img1280-s42\weights\best.pt,1280,1,cuda,NVIDIA GeForce RTX 4090,3,42.05,ok,50,136.11,127.63,265.74,7.35,6.806,0.42,0.13,21791392,5.52,20.86,1.1,trained run strongaug-wandb-followup-yolo26m-img1280-s42
