dataset,split,model,prompt_id,prompt,prompt_group,target_classes,prompt_class_confusion,tp,fp,fn,duplicates,precision,recall,f1,accuracy,mean_matched_iou,ap50,map50_95,n_gt,n_images,target_gt_boxes,positive_images,negative_images,fp_overlapping_nontarget,model_load_ms,mean_inference_ms,has_confidence,ap_meaningful
MDWD,test,Cosmos Reason2 2B,mdwd-p5,domestic waste,broad,"['Mixed Waste', 'Recyclable Material', 'Organic Waste', 'Orange CMD', 'Other Waste']","{'Recyclable Material': 94, 'Mixed Waste': 120, 'Organic Waste': 64, 'Other Waste': 19, 'Orange CMD': 26}",323,75,783,30,0.8116,0.292,0.4295,0.2735,0.8504,0.2486,0.1537,1106,369,1106,369,0,0,7171.3,1816.15,False,False
MDWD,test,Cosmos Reason2 2B,mdwd-p6,garbage,broad,"['Mixed Waste', 'Recyclable Material', 'Organic Waste', 'Orange CMD', 'Other Waste']","{'Recyclable Material': 100, 'Mixed Waste': 113, 'Other Waste': 28, 'Organic Waste': 66, 'Orange CMD': 26}",333,79,773,31,0.8083,0.3011,0.4387,0.281,0.8512,0.2551,0.158,1106,369,1106,369,0,0,7171.3,2116.15,False,False
MDWD,test,Cosmos Reason2 8B,mdwd-p5,domestic waste,broad,"['Mixed Waste', 'Recyclable Material', 'Organic Waste', 'Orange CMD', 'Other Waste']","{'Recyclable Material': 127, 'Organic Waste': 102, 'Mixed Waste': 150, 'Other Waste': 24, 'Orange CMD': 39}",442,111,664,0,0.7993,0.3996,0.5329,0.3632,0.86,0.3379,0.2249,1106,369,1106,369,0,0,16476.8,2754.62,False,False
MDWD,test,Cosmos Reason2 8B,mdwd-p6,garbage,broad,"['Mixed Waste', 'Recyclable Material', 'Organic Waste', 'Orange CMD', 'Other Waste']","{'Recyclable Material': 116, 'Organic Waste': 101, 'Mixed Waste': 135, 'Other Waste': 21, 'Orange CMD': 38}",411,112,695,0,0.7859,0.3716,0.5046,0.3374,0.862,0.3084,0.2071,1106,369,1106,369,0,0,16476.8,2565.36,False,False
MDWD,test,LocateAnything 3B,mdwd-p5,domestic waste,broad,"['Mixed Waste', 'Recyclable Material', 'Organic Waste', 'Orange CMD', 'Other Waste']","{'Recyclable Material': 196, 'Organic Waste': 136, 'Mixed Waste': 259, 'Other Waste': 113, 'Orange CMD': 44}",748,33551,358,8608,0.0218,0.6763,0.0423,0.0216,0.8752,0.0182,0.0122,1106,369,1106,369,0,0,16190.2,13186.0,False,False
MDWD,test,LocateAnything 3B,mdwd-p6,garbage,broad,"['Mixed Waste', 'Recyclable Material', 'Organic Waste', 'Orange CMD', 'Other Waste']","{'Recyclable Material': 216, 'Organic Waste': 152, 'Mixed Waste': 282, 'Other Waste': 134, 'Orange CMD': 50}",834,30863,272,6084,0.0263,0.7541,0.0508,0.0261,0.8754,0.0253,0.0182,1106,369,1106,369,0,0,16190.2,13295.63,False,False
MDWD,test,SAM 3.1,mdwd-p5,domestic waste,broad,"['Mixed Waste', 'Recyclable Material', 'Organic Waste', 'Orange CMD', 'Other Waste']","{'Recyclable Material': 89, 'Mixed Waste': 55, 'Other Waste': 30, 'Organic Waste': 25, 'Orange CMD': 13}",212,54,894,5,0.797,0.1917,0.309,0.1828,0.871,0.1729,0.1234,1106,369,1106,369,0,0,6374.3,109.71,True,True
MDWD,test,SAM 3.1,mdwd-p6,garbage,broad,"['Mixed Waste', 'Recyclable Material', 'Organic Waste', 'Orange CMD', 'Other Waste']","{'Recyclable Material': 230, 'Organic Waste': 175, 'Mixed Waste': 313, 'Other Waste': 230, 'Orange CMD': 65}",1013,1365,93,99,0.426,0.9159,0.5815,0.41,0.8761,0.8465,0.6505,1106,369,1106,369,0,0,6374.3,116.16,True,True
MDWD,test,SAM 3,mdwd-p5,domestic waste,broad,"['Mixed Waste', 'Recyclable Material', 'Organic Waste', 'Orange CMD', 'Other Waste']","{'Recyclable Material': 64, 'Other Waste': 19, 'Mixed Waste': 44, 'Organic Waste': 22, 'Orange CMD': 8}",157,35,949,4,0.8177,0.142,0.2419,0.1376,0.8713,0.1288,0.0937,1106,369,1106,369,0,0,8218.0,110.13,True,True
MDWD,test,SAM 3,mdwd-p6,garbage,broad,"['Mixed Waste', 'Recyclable Material', 'Organic Waste', 'Orange CMD', 'Other Waste']","{'Recyclable Material': 230, 'Organic Waste': 174, 'Mixed Waste': 314, 'Other Waste': 224, 'Orange CMD': 65}",1007,1317,99,91,0.4333,0.9105,0.5872,0.4156,0.8766,0.8404,0.6457,1106,369,1106,369,0,0,8218.0,117.85,True,True
