dataset,model,sensitivity_family,prompt_id_a,prompt_id_b,variant_type_a,variant_type_b,n_images,n_both_empty,mean_pairwise_box_f1,mean_pairwise_box_jaccard,mean_matched_pair_iou,total_matched,total_unmatched_a,total_unmatched_b
MTSD,SAM 3,mtsd-blind-spot-mirror,sens-mtsd-mirror-01,sens-mtsd-mirror-02,canonical,lexical-paraphrase,5,3,0.8,0.8,0.9992,1,0,1
MTSD,SAM 3,mtsd-blind-spot-mirror,sens-mtsd-mirror-01,sens-mtsd-mirror-03,canonical,descriptive-paraphrase,5,0,0.2,0.2,0.9954,1,0,14
MTSD,SAM 3,mtsd-blind-spot-mirror,sens-mtsd-mirror-01,sens-mtsd-mirror-04,canonical,instruction,5,3,0.8,0.8,0.9978,1,0,1
MTSD,SAM 3,mtsd-blind-spot-mirror,sens-mtsd-mirror-02,sens-mtsd-mirror-03,lexical-paraphrase,descriptive-paraphrase,5,0,0.2,0.2,0.9961,1,1,14
MTSD,SAM 3,mtsd-blind-spot-mirror,sens-mtsd-mirror-02,sens-mtsd-mirror-04,lexical-paraphrase,instruction,5,2,0.6,0.6,0.9983,1,1,1
MTSD,SAM 3,mtsd-blind-spot-mirror,sens-mtsd-mirror-03,sens-mtsd-mirror-04,descriptive-paraphrase,instruction,5,0,0.3,0.2667,0.9944,2,13,0
MTSD,SAM 3,mtsd-no-entry,sens-mtsd-entry-01,sens-mtsd-entry-02,canonical,lexical-paraphrase,5,1,0.8513,0.7714,0.9895,11,2,1
MTSD,SAM 3,mtsd-no-entry,sens-mtsd-entry-01,sens-mtsd-entry-03,canonical,descriptive-paraphrase,5,1,0.8048,0.7167,0.9856,12,1,5
MTSD,SAM 3,mtsd-no-entry,sens-mtsd-entry-01,sens-mtsd-entry-04,canonical,instruction,5,1,0.56,0.5333,0.9536,7,6,0
MTSD,SAM 3,mtsd-no-entry,sens-mtsd-entry-02,sens-mtsd-entry-03,lexical-paraphrase,descriptive-paraphrase,5,1,0.8,0.725,0.9886,12,0,5
MTSD,SAM 3,mtsd-no-entry,sens-mtsd-entry-02,sens-mtsd-entry-04,lexical-paraphrase,instruction,5,1,0.5455,0.5143,0.9529,7,5,0
MTSD,SAM 3,mtsd-no-entry,sens-mtsd-entry-03,sens-mtsd-entry-04,descriptive-paraphrase,instruction,5,1,0.5333,0.5,0.9532,7,10,0
MTSD,SAM 3,mtsd-pedestrian-crossing,sens-mtsd-ped-01,sens-mtsd-ped-02,canonical,lexical-paraphrase,5,3,0.6889,0.6571,0.9941,2,0,8
MTSD,SAM 3,mtsd-pedestrian-crossing,sens-mtsd-ped-01,sens-mtsd-ped-03,canonical,descriptive-paraphrase,5,3,0.7143,0.68,0.9949,2,0,6
MTSD,SAM 3,mtsd-pedestrian-crossing,sens-mtsd-ped-01,sens-mtsd-ped-04,canonical,instruction,5,2,0.6,0.6,0.9857,2,0,4
MTSD,SAM 3,mtsd-pedestrian-crossing,sens-mtsd-ped-02,sens-mtsd-ped-03,lexical-paraphrase,descriptive-paraphrase,5,3,0.9667,0.9429,0.9948,8,2,0
MTSD,SAM 3,mtsd-pedestrian-crossing,sens-mtsd-ped-02,sens-mtsd-ped-04,lexical-paraphrase,instruction,5,2,0.6889,0.6571,0.99,5,5,1
MTSD,SAM 3,mtsd-pedestrian-crossing,sens-mtsd-ped-03,sens-mtsd-ped-04,descriptive-paraphrase,instruction,5,2,0.7143,0.68,0.9914,5,3,1
MTSD,SAM 3,mtsd-roundabout-ahead,sens-mtsd-roundabout-01,sens-mtsd-roundabout-02,canonical,lexical-paraphrase,5,1,0.72,0.6667,0.9955,5,2,1
MTSD,SAM 3,mtsd-roundabout-ahead,sens-mtsd-roundabout-01,sens-mtsd-roundabout-03,canonical,descriptive-paraphrase,5,1,0.6667,0.6,0.9932,7,0,6
MTSD,SAM 3,mtsd-roundabout-ahead,sens-mtsd-roundabout-01,sens-mtsd-roundabout-04,canonical,instruction,5,1,0.76,0.7333,0.9958,6,1,1
MTSD,SAM 3,mtsd-roundabout-ahead,sens-mtsd-roundabout-02,sens-mtsd-roundabout-03,lexical-paraphrase,descriptive-paraphrase,5,1,0.7267,0.6,0.996,6,0,7
MTSD,SAM 3,mtsd-roundabout-ahead,sens-mtsd-roundabout-02,sens-mtsd-roundabout-04,lexical-paraphrase,instruction,5,1,0.96,0.9333,0.9967,6,0,1
MTSD,SAM 3,mtsd-roundabout-ahead,sens-mtsd-roundabout-03,sens-mtsd-roundabout-04,descriptive-paraphrase,instruction,5,1,0.7667,0.6667,0.9956,7,6,0
MTSD,SAM 3,mtsd-stop-sign,sens-mtsd-stop-01,sens-mtsd-stop-02,canonical,lexical-paraphrase,5,2,0.6844,0.6083,0.9925,4,0,11
MTSD,SAM 3,mtsd-stop-sign,sens-mtsd-stop-01,sens-mtsd-stop-03,canonical,descriptive-paraphrase,5,2,0.71,0.6286,0.9938,4,0,9
MTSD,SAM 3,mtsd-stop-sign,sens-mtsd-stop-01,sens-mtsd-stop-04,canonical,instruction,5,1,0.7,0.6667,0.9955,4,0,3
MTSD,SAM 3,mtsd-stop-sign,sens-mtsd-stop-02,sens-mtsd-stop-03,lexical-paraphrase,descriptive-paraphrase,5,2,0.9581,0.925,0.9899,13,2,0
MTSD,SAM 3,mtsd-stop-sign,sens-mtsd-stop-02,sens-mtsd-stop-04,lexical-paraphrase,instruction,5,1,0.5491,0.4583,0.9907,6,9,1
MTSD,SAM 3,mtsd-stop-sign,sens-mtsd-stop-03,sens-mtsd-stop-04,descriptive-paraphrase,instruction,5,1,0.58,0.4857,0.9936,6,7,1
