dataset,model,n_families,macro_mean_f1,mean_within_family_f1_std,median_within_family_f1_std,mean_f1_range,max_f1_range,mean_relative_f1_degradation,worst_family,worst_family_relative_degradation,macro_worst_prompt_f1,macro_canonical_f1,macro_instruction_f1,mean_matched_iou_variability,mean_inference_ms,protocol_version,protocol_hash,run_folder,status
MDWD,Cosmos Reason2 2B,4,0.2111,0.0735,0.0805,0.2037,0.3083,0.5889,mdwd-recyclable-material,0.8022,0.1221,0.1994,0.3258,0.0159,1567.2481,prompt-sensitivity-v2,9559386e86fe19dbcaeaec5d29f631f93c1a11a46e6317792050446236f26792,Results/PromptDetect/BatchEvaluation/MDWD/20260821-170445-optimized-v2-bounded-sensitivity,completed
MDWD,Cosmos Reason2 8B,4,0.3633,0.0274,0.0264,0.0713,0.0965,0.1893,mdwd-orange-cmd,0.2972,0.3265,0.3707,0.3576,0.0031,2561.1894,prompt-sensitivity-v2,9559386e86fe19dbcaeaec5d29f631f93c1a11a46e6317792050446236f26792,Results/PromptDetect/BatchEvaluation/MDWD/20260821-170445-optimized-v2-bounded-sensitivity,completed
MDWD,LocateAnything 3B,4,0.303,0.051,0.042,0.1245,0.1987,0.3432,mdwd-orange-cmd,0.4491,0.2404,0.3394,0.2469,0.005,1984.7331,prompt-sensitivity-v2,9559386e86fe19dbcaeaec5d29f631f93c1a11a46e6317792050446236f26792,Results/PromptDetect/BatchEvaluation/MDWD/20260821-170445-optimized-v2-bounded-sensitivity,completed
MDWD,SAM 3,4,0.5211,0.1235,0.1309,0.2927,0.5086,0.4954,mdwd-recyclable-material,1.0,0.3627,0.5676,0.3652,0.1029,111.9556,prompt-sensitivity-v2,9559386e86fe19dbcaeaec5d29f631f93c1a11a46e6317792050446236f26792,Results/PromptDetect/BatchEvaluation/MDWD/20260821-170445-optimized-v2-bounded-sensitivity,completed
MDWD,SAM 3.1,4,0.5262,0.1204,0.1271,0.2942,0.5086,0.4903,mdwd-recyclable-material,0.9601,0.3613,0.5648,0.3811,0.0069,111.7525,prompt-sensitivity-v2,9559386e86fe19dbcaeaec5d29f631f93c1a11a46e6317792050446236f26792,Results/PromptDetect/BatchEvaluation/MDWD/20260821-170445-optimized-v2-bounded-sensitivity,completed
MTSD,Cosmos Reason2 2B,5,0.1926,0.0296,0.0301,0.0742,0.1076,0.3472,mtsd-roundabout-ahead,0.5406,0.1593,0.1945,0.216,0.0086,2643.295,prompt-sensitivity-v2,9559386e86fe19dbcaeaec5d29f631f93c1a11a46e6317792050446236f26792,Results/PromptDetect/BatchEvaluation/MTSD/20260822-102455-optimized-v2-bounded-sensitivity,completed
MTSD,Cosmos Reason2 8B,5,0.3054,0.0367,0.0369,0.098,0.1684,0.3059,mtsd-roundabout-ahead,0.6653,0.2561,0.2705,0.3049,0.0089,1988.375,prompt-sensitivity-v2,9559386e86fe19dbcaeaec5d29f631f93c1a11a46e6317792050446236f26792,Results/PromptDetect/BatchEvaluation/MTSD/20260822-102455-optimized-v2-bounded-sensitivity,completed
MTSD,LocateAnything 3B,5,0.0865,0.0244,0.0241,0.0628,0.1261,0.4713,mtsd-pedestrian-crossing,0.7136,0.06,0.1228,0.0828,0.0096,8110.4645,prompt-sensitivity-v2,9559386e86fe19dbcaeaec5d29f631f93c1a11a46e6317792050446236f26792,Results/PromptDetect/BatchEvaluation/MTSD/20260822-102455-optimized-v2-bounded-sensitivity,completed
MTSD,SAM 3,5,0.2418,0.1045,0.1129,0.2736,0.4404,0.6161,mtsd-blind-spot-mirror,0.7816,0.1355,0.3985,0.2359,0.0118,189.1035,prompt-sensitivity-v2,9559386e86fe19dbcaeaec5d29f631f93c1a11a46e6317792050446236f26792,Results/PromptDetect/BatchEvaluation/MTSD/20260822-102455-optimized-v2-bounded-sensitivity,completed
MTSD,SAM 3.1,5,0.2367,0.1049,0.1137,0.2732,0.4449,0.6144,mtsd-blind-spot-mirror,0.7972,0.1321,0.3944,0.2274,0.0123,194.6355,prompt-sensitivity-v2,9559386e86fe19dbcaeaec5d29f631f93c1a11a46e6317792050446236f26792,Results/PromptDetect/BatchEvaluation/MTSD/20260822-102455-optimized-v2-bounded-sensitivity,completed
