dataset,model,sensitivity_family,prompt_id_a,prompt_id_b,variant_type_a,variant_type_b,n_images,n_both_empty,mean_pairwise_box_f1,mean_pairwise_box_jaccard,mean_matched_pair_iou,total_matched,total_unmatched_a,total_unmatched_b,protocol_version,protocol_hash,run_folder,status
MDWD,Cosmos Reason2 2B,mdwd-mixed-waste,sens-mdwd-mixed-01,sens-mdwd-mixed-02,canonical,lexical-paraphrase,369,141,0.8807,0.8787,0.989,233,50,47,prompt-sensitivity-v2,9559386e86fe19dbcaeaec5d29f631f93c1a11a46e6317792050446236f26792,Results/PromptDetect/BatchEvaluation/MDWD/20260821-170445-optimized-v2-bounded-sensitivity,completed
MDWD,Cosmos Reason2 2B,mdwd-mixed-waste,sens-mdwd-mixed-01,sens-mdwd-mixed-03,canonical,descriptive-paraphrase,369,144,0.5839,0.5812,0.9849,99,184,24,prompt-sensitivity-v2,9559386e86fe19dbcaeaec5d29f631f93c1a11a46e6317792050446236f26792,Results/PromptDetect/BatchEvaluation/MDWD/20260821-170445-optimized-v2-bounded-sensitivity,completed
MDWD,Cosmos Reason2 2B,mdwd-mixed-waste,sens-mdwd-mixed-01,sens-mdwd-mixed-04,canonical,instruction,369,20,0.5092,0.496,0.9724,224,59,256,prompt-sensitivity-v2,9559386e86fe19dbcaeaec5d29f631f93c1a11a46e6317792050446236f26792,Results/PromptDetect/BatchEvaluation/MDWD/20260821-170445-optimized-v2-bounded-sensitivity,completed
MDWD,Cosmos Reason2 2B,mdwd-mixed-waste,sens-mdwd-mixed-02,sens-mdwd-mixed-03,lexical-paraphrase,descriptive-paraphrase,369,162,0.6465,0.6433,0.976,103,177,20,prompt-sensitivity-v2,9559386e86fe19dbcaeaec5d29f631f93c1a11a46e6317792050446236f26792,Results/PromptDetect/BatchEvaluation/MDWD/20260821-170445-optimized-v2-bounded-sensitivity,completed
MDWD,Cosmos Reason2 2B,mdwd-mixed-waste,sens-mdwd-mixed-02,sens-mdwd-mixed-04,lexical-paraphrase,instruction,369,21,0.4765,0.4647,0.97,215,65,265,prompt-sensitivity-v2,9559386e86fe19dbcaeaec5d29f631f93c1a11a46e6317792050446236f26792,Results/PromptDetect/BatchEvaluation/MDWD/20260821-170445-optimized-v2-bounded-sensitivity,completed
MDWD,Cosmos Reason2 2B,mdwd-mixed-waste,sens-mdwd-mixed-03,sens-mdwd-mixed-04,descriptive-paraphrase,instruction,369,22,0.2297,0.2245,0.9748,87,36,393,prompt-sensitivity-v2,9559386e86fe19dbcaeaec5d29f631f93c1a11a46e6317792050446236f26792,Results/PromptDetect/BatchEvaluation/MDWD/20260821-170445-optimized-v2-bounded-sensitivity,completed
MDWD,Cosmos Reason2 2B,mdwd-orange-cmd,sens-mdwd-orange-01,sens-mdwd-orange-02,canonical,lexical-paraphrase,369,141,0.8424,0.8414,0.9847,186,54,28,prompt-sensitivity-v2,9559386e86fe19dbcaeaec5d29f631f93c1a11a46e6317792050446236f26792,Results/PromptDetect/BatchEvaluation/MDWD/20260821-170445-optimized-v2-bounded-sensitivity,completed
MDWD,Cosmos Reason2 2B,mdwd-orange-cmd,sens-mdwd-orange-01,sens-mdwd-orange-03,canonical,descriptive-paraphrase,369,141,0.6169,0.6155,0.9676,93,147,28,prompt-sensitivity-v2,9559386e86fe19dbcaeaec5d29f631f93c1a11a46e6317792050446236f26792,Results/PromptDetect/BatchEvaluation/MDWD/20260821-170445-optimized-v2-bounded-sensitivity,completed
MDWD,Cosmos Reason2 2B,mdwd-orange-cmd,sens-mdwd-orange-01,sens-mdwd-orange-04,canonical,instruction,369,25,0.4461,0.4406,0.9766,159,81,189,prompt-sensitivity-v2,9559386e86fe19dbcaeaec5d29f631f93c1a11a46e6317792050446236f26792,Results/PromptDetect/BatchEvaluation/MDWD/20260821-170445-optimized-v2-bounded-sensitivity,completed
MDWD,Cosmos Reason2 2B,mdwd-orange-cmd,sens-mdwd-orange-02,sens-mdwd-orange-03,lexical-paraphrase,descriptive-paraphrase,369,165,0.6913,0.6904,0.9647,96,118,25,prompt-sensitivity-v2,9559386e86fe19dbcaeaec5d29f631f93c1a11a46e6317792050446236f26792,Results/PromptDetect/BatchEvaluation/MDWD/20260821-170445-optimized-v2-bounded-sensitivity,completed
MDWD,Cosmos Reason2 2B,mdwd-orange-cmd,sens-mdwd-orange-02,sens-mdwd-orange-04,lexical-paraphrase,instruction,369,25,0.3903,0.3857,0.9711,134,80,214,prompt-sensitivity-v2,9559386e86fe19dbcaeaec5d29f631f93c1a11a46e6317792050446236f26792,Results/PromptDetect/BatchEvaluation/MDWD/20260821-170445-optimized-v2-bounded-sensitivity,completed
MDWD,Cosmos Reason2 2B,mdwd-orange-cmd,sens-mdwd-orange-03,sens-mdwd-orange-04,descriptive-paraphrase,instruction,369,42,0.2708,0.2672,0.9629,67,54,281,prompt-sensitivity-v2,9559386e86fe19dbcaeaec5d29f631f93c1a11a46e6317792050446236f26792,Results/PromptDetect/BatchEvaluation/MDWD/20260821-170445-optimized-v2-bounded-sensitivity,completed
MDWD,Cosmos Reason2 2B,mdwd-organic-waste,sens-mdwd-organic-01,sens-mdwd-organic-02,canonical,lexical-paraphrase,369,229,0.8972,0.8957,0.9728,130,49,23,prompt-sensitivity-v2,9559386e86fe19dbcaeaec5d29f631f93c1a11a46e6317792050446236f26792,Results/PromptDetect/BatchEvaluation/MDWD/20260821-170445-optimized-v2-bounded-sensitivity,completed
MDWD,Cosmos Reason2 2B,mdwd-organic-waste,sens-mdwd-organic-01,sens-mdwd-organic-03,canonical,descriptive-paraphrase,369,238,0.7818,0.781,0.9926,68,111,18,prompt-sensitivity-v2,9559386e86fe19dbcaeaec5d29f631f93c1a11a46e6317792050446236f26792,Results/PromptDetect/BatchEvaluation/MDWD/20260821-170445-optimized-v2-bounded-sensitivity,completed
MDWD,Cosmos Reason2 2B,mdwd-organic-waste,sens-mdwd-organic-01,sens-mdwd-organic-04,canonical,instruction,369,22,0.3321,0.3227,0.9586,130,49,363,prompt-sensitivity-v2,9559386e86fe19dbcaeaec5d29f631f93c1a11a46e6317792050446236f26792,Results/PromptDetect/BatchEvaluation/MDWD/20260821-170445-optimized-v2-bounded-sensitivity,completed
MDWD,Cosmos Reason2 2B,mdwd-organic-waste,sens-mdwd-organic-02,sens-mdwd-organic-03,lexical-paraphrase,descriptive-paraphrase,369,237,0.7693,0.769,0.9887,60,93,26,prompt-sensitivity-v2,9559386e86fe19dbcaeaec5d29f631f93c1a11a46e6317792050446236f26792,Results/PromptDetect/BatchEvaluation/MDWD/20260821-170445-optimized-v2-bounded-sensitivity,completed
MDWD,Cosmos Reason2 2B,mdwd-organic-waste,sens-mdwd-organic-02,sens-mdwd-organic-04,lexical-paraphrase,instruction,369,23,0.3327,0.3246,0.967,124,29,369,prompt-sensitivity-v2,9559386e86fe19dbcaeaec5d29f631f93c1a11a46e6317792050446236f26792,Results/PromptDetect/BatchEvaluation/MDWD/20260821-170445-optimized-v2-bounded-sensitivity,completed
MDWD,Cosmos Reason2 2B,mdwd-organic-waste,sens-mdwd-organic-03,sens-mdwd-organic-04,descriptive-paraphrase,instruction,369,22,0.198,0.1934,0.9565,71,15,422,prompt-sensitivity-v2,9559386e86fe19dbcaeaec5d29f631f93c1a11a46e6317792050446236f26792,Results/PromptDetect/BatchEvaluation/MDWD/20260821-170445-optimized-v2-bounded-sensitivity,completed
MDWD,Cosmos Reason2 2B,mdwd-recyclable-material,sens-mdwd-recycling-01,sens-mdwd-recycling-02,canonical,lexical-paraphrase,369,229,0.9064,0.9031,0.9767,152,39,39,prompt-sensitivity-v2,9559386e86fe19dbcaeaec5d29f631f93c1a11a46e6317792050446236f26792,Results/PromptDetect/BatchEvaluation/MDWD/20260821-170445-optimized-v2-bounded-sensitivity,completed
MDWD,Cosmos Reason2 2B,mdwd-recyclable-material,sens-mdwd-recycling-01,sens-mdwd-recycling-03,canonical,descriptive-paraphrase,369,229,0.8007,0.7989,0.9745,83,108,21,prompt-sensitivity-v2,9559386e86fe19dbcaeaec5d29f631f93c1a11a46e6317792050446236f26792,Results/PromptDetect/BatchEvaluation/MDWD/20260821-170445-optimized-v2-bounded-sensitivity,completed
MDWD,Cosmos Reason2 2B,mdwd-recyclable-material,sens-mdwd-recycling-01,sens-mdwd-recycling-04,canonical,instruction,369,5,0.3259,0.3136,0.9601,168,23,359,prompt-sensitivity-v2,9559386e86fe19dbcaeaec5d29f631f93c1a11a46e6317792050446236f26792,Results/PromptDetect/BatchEvaluation/MDWD/20260821-170445-optimized-v2-bounded-sensitivity,completed
MDWD,Cosmos Reason2 2B,mdwd-recyclable-material,sens-mdwd-recycling-02,sens-mdwd-recycling-03,lexical-paraphrase,descriptive-paraphrase,369,238,0.8194,0.817,0.9677,82,109,22,prompt-sensitivity-v2,9559386e86fe19dbcaeaec5d29f631f93c1a11a46e6317792050446236f26792,Results/PromptDetect/BatchEvaluation/MDWD/20260821-170445-optimized-v2-bounded-sensitivity,completed
MDWD,Cosmos Reason2 2B,mdwd-recyclable-material,sens-mdwd-recycling-02,sens-mdwd-recycling-04,lexical-paraphrase,instruction,369,5,0.294,0.2845,0.9623,153,38,374,prompt-sensitivity-v2,9559386e86fe19dbcaeaec5d29f631f93c1a11a46e6317792050446236f26792,Results/PromptDetect/BatchEvaluation/MDWD/20260821-170445-optimized-v2-bounded-sensitivity,completed
MDWD,Cosmos Reason2 2B,mdwd-recyclable-material,sens-mdwd-recycling-03,sens-mdwd-recycling-04,descriptive-paraphrase,instruction,369,5,0.195,0.1871,0.9629,86,18,441,prompt-sensitivity-v2,9559386e86fe19dbcaeaec5d29f631f93c1a11a46e6317792050446236f26792,Results/PromptDetect/BatchEvaluation/MDWD/20260821-170445-optimized-v2-bounded-sensitivity,completed
MDWD,Cosmos Reason2 8B,mdwd-mixed-waste,sens-mdwd-mixed-01,sens-mdwd-mixed-02,canonical,lexical-paraphrase,369,7,0.9133,0.9103,0.9788,448,30,46,prompt-sensitivity-v2,9559386e86fe19dbcaeaec5d29f631f93c1a11a46e6317792050446236f26792,Results/PromptDetect/BatchEvaluation/MDWD/20260821-170445-optimized-v2-bounded-sensitivity,completed
MDWD,Cosmos Reason2 8B,mdwd-mixed-waste,sens-mdwd-mixed-01,sens-mdwd-mixed-03,canonical,descriptive-paraphrase,369,3,0.8361,0.8259,0.9746,409,69,87,prompt-sensitivity-v2,9559386e86fe19dbcaeaec5d29f631f93c1a11a46e6317792050446236f26792,Results/PromptDetect/BatchEvaluation/MDWD/20260821-170445-optimized-v2-bounded-sensitivity,completed
MDWD,Cosmos Reason2 8B,mdwd-mixed-waste,sens-mdwd-mixed-01,sens-mdwd-mixed-04,canonical,instruction,369,9,0.7781,0.7582,0.9629,366,112,108,prompt-sensitivity-v2,9559386e86fe19dbcaeaec5d29f631f93c1a11a46e6317792050446236f26792,Results/PromptDetect/BatchEvaluation/MDWD/20260821-170445-optimized-v2-bounded-sensitivity,completed
MDWD,Cosmos Reason2 8B,mdwd-mixed-waste,sens-mdwd-mixed-02,sens-mdwd-mixed-03,lexical-paraphrase,descriptive-paraphrase,369,4,0.8356,0.8244,0.9755,407,87,89,prompt-sensitivity-v2,9559386e86fe19dbcaeaec5d29f631f93c1a11a46e6317792050446236f26792,Results/PromptDetect/BatchEvaluation/MDWD/20260821-170445-optimized-v2-bounded-sensitivity,completed
MDWD,Cosmos Reason2 8B,mdwd-mixed-waste,sens-mdwd-mixed-02,sens-mdwd-mixed-04,lexical-paraphrase,instruction,369,9,0.7701,0.7528,0.9694,362,132,112,prompt-sensitivity-v2,9559386e86fe19dbcaeaec5d29f631f93c1a11a46e6317792050446236f26792,Results/PromptDetect/BatchEvaluation/MDWD/20260821-170445-optimized-v2-bounded-sensitivity,completed
MDWD,Cosmos Reason2 8B,mdwd-mixed-waste,sens-mdwd-mixed-03,sens-mdwd-mixed-04,descriptive-paraphrase,instruction,369,4,0.7887,0.7695,0.9731,379,117,95,prompt-sensitivity-v2,9559386e86fe19dbcaeaec5d29f631f93c1a11a46e6317792050446236f26792,Results/PromptDetect/BatchEvaluation/MDWD/20260821-170445-optimized-v2-bounded-sensitivity,completed
MDWD,Cosmos Reason2 8B,mdwd-orange-cmd,sens-mdwd-orange-01,sens-mdwd-orange-02,canonical,lexical-paraphrase,369,38,0.9487,0.9478,0.9855,326,19,17,prompt-sensitivity-v2,9559386e86fe19dbcaeaec5d29f631f93c1a11a46e6317792050446236f26792,Results/PromptDetect/BatchEvaluation/MDWD/20260821-170445-optimized-v2-bounded-sensitivity,completed
MDWD,Cosmos Reason2 8B,mdwd-orange-cmd,sens-mdwd-orange-01,sens-mdwd-orange-03,canonical,descriptive-paraphrase,369,18,0.8431,0.842,0.9817,309,36,73,prompt-sensitivity-v2,9559386e86fe19dbcaeaec5d29f631f93c1a11a46e6317792050446236f26792,Results/PromptDetect/BatchEvaluation/MDWD/20260821-170445-optimized-v2-bounded-sensitivity,completed
MDWD,Cosmos Reason2 8B,mdwd-orange-cmd,sens-mdwd-orange-01,sens-mdwd-orange-04,canonical,instruction,369,41,0.6113,0.6023,0.9785,205,140,48,prompt-sensitivity-v2,9559386e86fe19dbcaeaec5d29f631f93c1a11a46e6317792050446236f26792,Results/PromptDetect/BatchEvaluation/MDWD/20260821-170445-optimized-v2-bounded-sensitivity,completed
MDWD,Cosmos Reason2 8B,mdwd-orange-cmd,sens-mdwd-orange-02,sens-mdwd-orange-03,lexical-paraphrase,descriptive-paraphrase,369,19,0.8384,0.8373,0.9823,305,38,77,prompt-sensitivity-v2,9559386e86fe19dbcaeaec5d29f631f93c1a11a46e6317792050446236f26792,Results/PromptDetect/BatchEvaluation/MDWD/20260821-170445-optimized-v2-bounded-sensitivity,completed
MDWD,Cosmos Reason2 8B,mdwd-orange-cmd,sens-mdwd-orange-02,sens-mdwd-orange-04,lexical-paraphrase,instruction,369,39,0.5988,0.5881,0.9711,200,143,53,prompt-sensitivity-v2,9559386e86fe19dbcaeaec5d29f631f93c1a11a46e6317792050446236f26792,Results/PromptDetect/BatchEvaluation/MDWD/20260821-170445-optimized-v2-bounded-sensitivity,completed
MDWD,Cosmos Reason2 8B,mdwd-orange-cmd,sens-mdwd-orange-03,sens-mdwd-orange-04,descriptive-paraphrase,instruction,369,20,0.5372,0.5292,0.9749,198,184,55,prompt-sensitivity-v2,9559386e86fe19dbcaeaec5d29f631f93c1a11a46e6317792050446236f26792,Results/PromptDetect/BatchEvaluation/MDWD/20260821-170445-optimized-v2-bounded-sensitivity,completed
MDWD,Cosmos Reason2 8B,mdwd-organic-waste,sens-mdwd-organic-01,sens-mdwd-organic-02,canonical,lexical-paraphrase,369,2,0.9011,0.8951,0.9912,393,47,77,prompt-sensitivity-v2,9559386e86fe19dbcaeaec5d29f631f93c1a11a46e6317792050446236f26792,Results/PromptDetect/BatchEvaluation/MDWD/20260821-170445-optimized-v2-bounded-sensitivity,completed
MDWD,Cosmos Reason2 8B,mdwd-organic-waste,sens-mdwd-organic-01,sens-mdwd-organic-03,canonical,descriptive-paraphrase,369,3,0.8653,0.8542,0.9816,375,65,103,prompt-sensitivity-v2,9559386e86fe19dbcaeaec5d29f631f93c1a11a46e6317792050446236f26792,Results/PromptDetect/BatchEvaluation/MDWD/20260821-170445-optimized-v2-bounded-sensitivity,completed
MDWD,Cosmos Reason2 8B,mdwd-organic-waste,sens-mdwd-organic-01,sens-mdwd-organic-04,canonical,instruction,369,4,0.7618,0.7343,0.9695,325,115,120,prompt-sensitivity-v2,9559386e86fe19dbcaeaec5d29f631f93c1a11a46e6317792050446236f26792,Results/PromptDetect/BatchEvaluation/MDWD/20260821-170445-optimized-v2-bounded-sensitivity,completed
MDWD,Cosmos Reason2 8B,mdwd-organic-waste,sens-mdwd-organic-02,sens-mdwd-organic-03,lexical-paraphrase,descriptive-paraphrase,369,2,0.8863,0.8764,0.9706,420,50,58,prompt-sensitivity-v2,9559386e86fe19dbcaeaec5d29f631f93c1a11a46e6317792050446236f26792,Results/PromptDetect/BatchEvaluation/MDWD/20260821-170445-optimized-v2-bounded-sensitivity,completed
MDWD,Cosmos Reason2 8B,mdwd-organic-waste,sens-mdwd-organic-02,sens-mdwd-organic-04,lexical-paraphrase,instruction,369,5,0.7708,0.7455,0.9671,344,126,101,prompt-sensitivity-v2,9559386e86fe19dbcaeaec5d29f631f93c1a11a46e6317792050446236f26792,Results/PromptDetect/BatchEvaluation/MDWD/20260821-170445-optimized-v2-bounded-sensitivity,completed
MDWD,Cosmos Reason2 8B,mdwd-organic-waste,sens-mdwd-organic-03,sens-mdwd-organic-04,descriptive-paraphrase,instruction,369,5,0.7884,0.7671,0.9659,359,119,86,prompt-sensitivity-v2,9559386e86fe19dbcaeaec5d29f631f93c1a11a46e6317792050446236f26792,Results/PromptDetect/BatchEvaluation/MDWD/20260821-170445-optimized-v2-bounded-sensitivity,completed
MDWD,Cosmos Reason2 8B,mdwd-recyclable-material,sens-mdwd-recycling-01,sens-mdwd-recycling-02,canonical,lexical-paraphrase,369,0,0.9314,0.9201,0.9833,456,31,64,prompt-sensitivity-v2,9559386e86fe19dbcaeaec5d29f631f93c1a11a46e6317792050446236f26792,Results/PromptDetect/BatchEvaluation/MDWD/20260821-170445-optimized-v2-bounded-sensitivity,completed
MDWD,Cosmos Reason2 8B,mdwd-recyclable-material,sens-mdwd-recycling-01,sens-mdwd-recycling-03,canonical,descriptive-paraphrase,369,0,0.9025,0.889,0.9731,431,56,85,prompt-sensitivity-v2,9559386e86fe19dbcaeaec5d29f631f93c1a11a46e6317792050446236f26792,Results/PromptDetect/BatchEvaluation/MDWD/20260821-170445-optimized-v2-bounded-sensitivity,completed
MDWD,Cosmos Reason2 8B,mdwd-recyclable-material,sens-mdwd-recycling-01,sens-mdwd-recycling-04,canonical,instruction,369,0,0.817,0.7841,0.969,404,83,153,prompt-sensitivity-v2,9559386e86fe19dbcaeaec5d29f631f93c1a11a46e6317792050446236f26792,Results/PromptDetect/BatchEvaluation/MDWD/20260821-170445-optimized-v2-bounded-sensitivity,completed
MDWD,Cosmos Reason2 8B,mdwd-recyclable-material,sens-mdwd-recycling-02,sens-mdwd-recycling-03,lexical-paraphrase,descriptive-paraphrase,369,1,0.9323,0.923,0.9745,461,59,55,prompt-sensitivity-v2,9559386e86fe19dbcaeaec5d29f631f93c1a11a46e6317792050446236f26792,Results/PromptDetect/BatchEvaluation/MDWD/20260821-170445-optimized-v2-bounded-sensitivity,completed
MDWD,Cosmos Reason2 8B,mdwd-recyclable-material,sens-mdwd-recycling-02,sens-mdwd-recycling-04,lexical-paraphrase,instruction,369,1,0.8537,0.823,0.9661,441,79,116,prompt-sensitivity-v2,9559386e86fe19dbcaeaec5d29f631f93c1a11a46e6317792050446236f26792,Results/PromptDetect/BatchEvaluation/MDWD/20260821-170445-optimized-v2-bounded-sensitivity,completed
MDWD,Cosmos Reason2 8B,mdwd-recyclable-material,sens-mdwd-recycling-03,sens-mdwd-recycling-04,descriptive-paraphrase,instruction,369,1,0.8614,0.8315,0.9704,435,81,122,prompt-sensitivity-v2,9559386e86fe19dbcaeaec5d29f631f93c1a11a46e6317792050446236f26792,Results/PromptDetect/BatchEvaluation/MDWD/20260821-170445-optimized-v2-bounded-sensitivity,completed
MDWD,LocateAnything 3B,mdwd-mixed-waste,sens-mdwd-mixed-01,sens-mdwd-mixed-02,canonical,lexical-paraphrase,369,203,0.8998,0.8781,0.9592,381,109,126,prompt-sensitivity-v2,9559386e86fe19dbcaeaec5d29f631f93c1a11a46e6317792050446236f26792,Results/PromptDetect/BatchEvaluation/MDWD/20260821-170445-optimized-v2-bounded-sensitivity,completed
MDWD,LocateAnything 3B,mdwd-mixed-waste,sens-mdwd-mixed-01,sens-mdwd-mixed-03,canonical,descriptive-paraphrase,369,84,0.5738,0.5464,0.9549,392,98,483,prompt-sensitivity-v2,9559386e86fe19dbcaeaec5d29f631f93c1a11a46e6317792050446236f26792,Results/PromptDetect/BatchEvaluation/MDWD/20260821-170445-optimized-v2-bounded-sensitivity,completed
MDWD,LocateAnything 3B,mdwd-mixed-waste,sens-mdwd-mixed-01,sens-mdwd-mixed-04,canonical,instruction,369,147,0.6566,0.6168,0.9402,350,140,724,prompt-sensitivity-v2,9559386e86fe19dbcaeaec5d29f631f93c1a11a46e6317792050446236f26792,Results/PromptDetect/BatchEvaluation/MDWD/20260821-170445-optimized-v2-bounded-sensitivity,completed
MDWD,LocateAnything 3B,mdwd-mixed-waste,sens-mdwd-mixed-02,sens-mdwd-mixed-03,lexical-paraphrase,descriptive-paraphrase,369,84,0.5909,0.5589,0.9538,401,106,474,prompt-sensitivity-v2,9559386e86fe19dbcaeaec5d29f631f93c1a11a46e6317792050446236f26792,Results/PromptDetect/BatchEvaluation/MDWD/20260821-170445-optimized-v2-bounded-sensitivity,completed
MDWD,LocateAnything 3B,mdwd-mixed-waste,sens-mdwd-mixed-02,sens-mdwd-mixed-04,lexical-paraphrase,instruction,369,146,0.658,0.6155,0.9448,348,159,726,prompt-sensitivity-v2,9559386e86fe19dbcaeaec5d29f631f93c1a11a46e6317792050446236f26792,Results/PromptDetect/BatchEvaluation/MDWD/20260821-170445-optimized-v2-bounded-sensitivity,completed
MDWD,LocateAnything 3B,mdwd-mixed-waste,sens-mdwd-mixed-03,sens-mdwd-mixed-04,descriptive-paraphrase,instruction,369,69,0.5221,0.4649,0.9343,477,398,597,prompt-sensitivity-v2,9559386e86fe19dbcaeaec5d29f631f93c1a11a46e6317792050446236f26792,Results/PromptDetect/BatchEvaluation/MDWD/20260821-170445-optimized-v2-bounded-sensitivity,completed
MDWD,LocateAnything 3B,mdwd-orange-cmd,sens-mdwd-orange-01,sens-mdwd-orange-02,canonical,lexical-paraphrase,369,248,0.8898,0.8697,0.9582,244,203,80,prompt-sensitivity-v2,9559386e86fe19dbcaeaec5d29f631f93c1a11a46e6317792050446236f26792,Results/PromptDetect/BatchEvaluation/MDWD/20260821-170445-optimized-v2-bounded-sensitivity,completed
MDWD,LocateAnything 3B,mdwd-orange-cmd,sens-mdwd-orange-01,sens-mdwd-orange-03,canonical,descriptive-paraphrase,369,200,0.7814,0.7517,0.9374,283,164,293,prompt-sensitivity-v2,9559386e86fe19dbcaeaec5d29f631f93c1a11a46e6317792050446236f26792,Results/PromptDetect/BatchEvaluation/MDWD/20260821-170445-optimized-v2-bounded-sensitivity,completed
MDWD,LocateAnything 3B,mdwd-orange-cmd,sens-mdwd-orange-01,sens-mdwd-orange-04,canonical,instruction,369,239,0.7602,0.7398,0.9268,158,289,284,prompt-sensitivity-v2,9559386e86fe19dbcaeaec5d29f631f93c1a11a46e6317792050446236f26792,Results/PromptDetect/BatchEvaluation/MDWD/20260821-170445-optimized-v2-bounded-sensitivity,completed
MDWD,LocateAnything 3B,mdwd-orange-cmd,sens-mdwd-orange-02,sens-mdwd-orange-03,lexical-paraphrase,descriptive-paraphrase,369,200,0.7445,0.7202,0.9435,227,97,349,prompt-sensitivity-v2,9559386e86fe19dbcaeaec5d29f631f93c1a11a46e6317792050446236f26792,Results/PromptDetect/BatchEvaluation/MDWD/20260821-170445-optimized-v2-bounded-sensitivity,completed
MDWD,LocateAnything 3B,mdwd-orange-cmd,sens-mdwd-orange-02,sens-mdwd-orange-04,lexical-paraphrase,instruction,369,255,0.8001,0.7808,0.943,146,178,296,prompt-sensitivity-v2,9559386e86fe19dbcaeaec5d29f631f93c1a11a46e6317792050446236f26792,Results/PromptDetect/BatchEvaluation/MDWD/20260821-170445-optimized-v2-bounded-sensitivity,completed
MDWD,LocateAnything 3B,mdwd-orange-cmd,sens-mdwd-orange-03,sens-mdwd-orange-04,descriptive-paraphrase,instruction,369,193,0.6307,0.6094,0.9252,160,416,282,prompt-sensitivity-v2,9559386e86fe19dbcaeaec5d29f631f93c1a11a46e6317792050446236f26792,Results/PromptDetect/BatchEvaluation/MDWD/20260821-170445-optimized-v2-bounded-sensitivity,completed
MDWD,LocateAnything 3B,mdwd-organic-waste,sens-mdwd-organic-01,sens-mdwd-organic-02,canonical,lexical-paraphrase,369,64,0.7791,0.73,0.9519,611,324,232,prompt-sensitivity-v2,9559386e86fe19dbcaeaec5d29f631f93c1a11a46e6317792050446236f26792,Results/PromptDetect/BatchEvaluation/MDWD/20260821-170445-optimized-v2-bounded-sensitivity,completed
MDWD,LocateAnything 3B,mdwd-organic-waste,sens-mdwd-organic-01,sens-mdwd-organic-03,canonical,descriptive-paraphrase,369,41,0.7161,0.6535,0.9405,608,327,415,prompt-sensitivity-v2,9559386e86fe19dbcaeaec5d29f631f93c1a11a46e6317792050446236f26792,Results/PromptDetect/BatchEvaluation/MDWD/20260821-170445-optimized-v2-bounded-sensitivity,completed
MDWD,LocateAnything 3B,mdwd-organic-waste,sens-mdwd-organic-01,sens-mdwd-organic-04,canonical,instruction,369,49,0.5461,0.4708,0.9259,518,417,960,prompt-sensitivity-v2,9559386e86fe19dbcaeaec5d29f631f93c1a11a46e6317792050446236f26792,Results/PromptDetect/BatchEvaluation/MDWD/20260821-170445-optimized-v2-bounded-sensitivity,completed
MDWD,LocateAnything 3B,mdwd-organic-waste,sens-mdwd-organic-02,sens-mdwd-organic-03,lexical-paraphrase,descriptive-paraphrase,369,37,0.6602,0.5959,0.942,562,281,461,prompt-sensitivity-v2,9559386e86fe19dbcaeaec5d29f631f93c1a11a46e6317792050446236f26792,Results/PromptDetect/BatchEvaluation/MDWD/20260821-170445-optimized-v2-bounded-sensitivity,completed
MDWD,LocateAnything 3B,mdwd-organic-waste,sens-mdwd-organic-02,sens-mdwd-organic-04,lexical-paraphrase,instruction,369,52,0.5341,0.4615,0.9367,486,357,992,prompt-sensitivity-v2,9559386e86fe19dbcaeaec5d29f631f93c1a11a46e6317792050446236f26792,Results/PromptDetect/BatchEvaluation/MDWD/20260821-170445-optimized-v2-bounded-sensitivity,completed
MDWD,LocateAnything 3B,mdwd-organic-waste,sens-mdwd-organic-03,sens-mdwd-organic-04,descriptive-paraphrase,instruction,369,32,0.5241,0.4466,0.9245,552,471,926,prompt-sensitivity-v2,9559386e86fe19dbcaeaec5d29f631f93c1a11a46e6317792050446236f26792,Results/PromptDetect/BatchEvaluation/MDWD/20260821-170445-optimized-v2-bounded-sensitivity,completed
MDWD,LocateAnything 3B,mdwd-recyclable-material,sens-mdwd-recycling-01,sens-mdwd-recycling-02,canonical,lexical-paraphrase,369,12,0.8489,0.7979,0.9667,847,296,170,prompt-sensitivity-v2,9559386e86fe19dbcaeaec5d29f631f93c1a11a46e6317792050446236f26792,Results/PromptDetect/BatchEvaluation/MDWD/20260821-170445-optimized-v2-bounded-sensitivity,completed
MDWD,LocateAnything 3B,mdwd-recyclable-material,sens-mdwd-recycling-01,sens-mdwd-recycling-03,canonical,descriptive-paraphrase,369,9,0.794,0.7307,0.9624,809,334,320,prompt-sensitivity-v2,9559386e86fe19dbcaeaec5d29f631f93c1a11a46e6317792050446236f26792,Results/PromptDetect/BatchEvaluation/MDWD/20260821-170445-optimized-v2-bounded-sensitivity,completed
MDWD,LocateAnything 3B,mdwd-recyclable-material,sens-mdwd-recycling-01,sens-mdwd-recycling-04,canonical,instruction,369,13,0.6108,0.5144,0.9375,747,396,871,prompt-sensitivity-v2,9559386e86fe19dbcaeaec5d29f631f93c1a11a46e6317792050446236f26792,Results/PromptDetect/BatchEvaluation/MDWD/20260821-170445-optimized-v2-bounded-sensitivity,completed
MDWD,LocateAnything 3B,mdwd-recyclable-material,sens-mdwd-recycling-02,sens-mdwd-recycling-03,lexical-paraphrase,descriptive-paraphrase,369,8,0.8162,0.7534,0.9629,806,211,323,prompt-sensitivity-v2,9559386e86fe19dbcaeaec5d29f631f93c1a11a46e6317792050446236f26792,Results/PromptDetect/BatchEvaluation/MDWD/20260821-170445-optimized-v2-bounded-sensitivity,completed
MDWD,LocateAnything 3B,mdwd-recyclable-material,sens-mdwd-recycling-02,sens-mdwd-recycling-04,lexical-paraphrase,instruction,369,12,0.6283,0.536,0.943,754,263,864,prompt-sensitivity-v2,9559386e86fe19dbcaeaec5d29f631f93c1a11a46e6317792050446236f26792,Results/PromptDetect/BatchEvaluation/MDWD/20260821-170445-optimized-v2-bounded-sensitivity,completed
MDWD,LocateAnything 3B,mdwd-recyclable-material,sens-mdwd-recycling-03,sens-mdwd-recycling-04,descriptive-paraphrase,instruction,369,8,0.6088,0.5168,0.9387,753,376,865,prompt-sensitivity-v2,9559386e86fe19dbcaeaec5d29f631f93c1a11a46e6317792050446236f26792,Results/PromptDetect/BatchEvaluation/MDWD/20260821-170445-optimized-v2-bounded-sensitivity,completed
MDWD,SAM 3,mdwd-mixed-waste,sens-mdwd-mixed-01,sens-mdwd-mixed-02,canonical,lexical-paraphrase,369,238,0.99,0.9867,0.9921,380,14,8,prompt-sensitivity-v2,9559386e86fe19dbcaeaec5d29f631f93c1a11a46e6317792050446236f26792,Results/PromptDetect/BatchEvaluation/MDWD/20260821-170445-optimized-v2-bounded-sensitivity,completed
MDWD,SAM 3,mdwd-mixed-waste,sens-mdwd-mixed-01,sens-mdwd-mixed-03,canonical,descriptive-paraphrase,369,159,0.766,0.7595,0.981,378,16,185,prompt-sensitivity-v2,9559386e86fe19dbcaeaec5d29f631f93c1a11a46e6317792050446236f26792,Results/PromptDetect/BatchEvaluation/MDWD/20260821-170445-optimized-v2-bounded-sensitivity,completed
MDWD,SAM 3,mdwd-mixed-waste,sens-mdwd-mixed-01,sens-mdwd-mixed-04,canonical,instruction,369,227,0.8905,0.8819,0.9829,224,170,20,prompt-sensitivity-v2,9559386e86fe19dbcaeaec5d29f631f93c1a11a46e6317792050446236f26792,Results/PromptDetect/BatchEvaluation/MDWD/20260821-170445-optimized-v2-bounded-sensitivity,completed
MDWD,SAM 3,mdwd-mixed-waste,sens-mdwd-mixed-02,sens-mdwd-mixed-03,lexical-paraphrase,descriptive-paraphrase,369,159,0.774,0.7684,0.9825,382,6,181,prompt-sensitivity-v2,9559386e86fe19dbcaeaec5d29f631f93c1a11a46e6317792050446236f26792,Results/PromptDetect/BatchEvaluation/MDWD/20260821-170445-optimized-v2-bounded-sensitivity,completed
MDWD,SAM 3,mdwd-mixed-waste,sens-mdwd-mixed-02,sens-mdwd-mixed-04,lexical-paraphrase,instruction,369,226,0.8939,0.886,0.982,227,161,17,prompt-sensitivity-v2,9559386e86fe19dbcaeaec5d29f631f93c1a11a46e6317792050446236f26792,Results/PromptDetect/BatchEvaluation/MDWD/20260821-170445-optimized-v2-bounded-sensitivity,completed
MDWD,SAM 3,mdwd-mixed-waste,sens-mdwd-mixed-03,sens-mdwd-mixed-04,descriptive-paraphrase,instruction,369,158,0.7334,0.7243,0.9838,241,322,3,prompt-sensitivity-v2,9559386e86fe19dbcaeaec5d29f631f93c1a11a46e6317792050446236f26792,Results/PromptDetect/BatchEvaluation/MDWD/20260821-170445-optimized-v2-bounded-sensitivity,completed
MDWD,SAM 3,mdwd-orange-cmd,sens-mdwd-orange-01,sens-mdwd-orange-02,canonical,lexical-paraphrase,369,326,0.9533,0.952,0.9947,43,33,5,prompt-sensitivity-v2,9559386e86fe19dbcaeaec5d29f631f93c1a11a46e6317792050446236f26792,Results/PromptDetect/BatchEvaluation/MDWD/20260821-170445-optimized-v2-bounded-sensitivity,completed
MDWD,SAM 3,mdwd-orange-cmd,sens-mdwd-orange-01,sens-mdwd-orange-03,canonical,descriptive-paraphrase,369,314,0.9499,0.9491,0.9933,73,3,23,prompt-sensitivity-v2,9559386e86fe19dbcaeaec5d29f631f93c1a11a46e6317792050446236f26792,Results/PromptDetect/BatchEvaluation/MDWD/20260821-170445-optimized-v2-bounded-sensitivity,completed
MDWD,SAM 3,mdwd-orange-cmd,sens-mdwd-orange-01,sens-mdwd-orange-04,canonical,instruction,369,331,0.9198,0.919,0.9894,15,61,0,prompt-sensitivity-v2,9559386e86fe19dbcaeaec5d29f631f93c1a11a46e6317792050446236f26792,Results/PromptDetect/BatchEvaluation/MDWD/20260821-170445-optimized-v2-bounded-sensitivity,completed
MDWD,SAM 3,mdwd-orange-cmd,sens-mdwd-orange-02,sens-mdwd-orange-03,lexical-paraphrase,descriptive-paraphrase,369,313,0.9264,0.9254,0.9927,46,2,50,prompt-sensitivity-v2,9559386e86fe19dbcaeaec5d29f631f93c1a11a46e6317792050446236f26792,Results/PromptDetect/BatchEvaluation/MDWD/20260821-170445-optimized-v2-bounded-sensitivity,completed
MDWD,SAM 3,mdwd-orange-cmd,sens-mdwd-orange-02,sens-mdwd-orange-04,lexical-paraphrase,instruction,369,337,0.9364,0.9356,0.9904,15,33,0,prompt-sensitivity-v2,9559386e86fe19dbcaeaec5d29f631f93c1a11a46e6317792050446236f26792,Results/PromptDetect/BatchEvaluation/MDWD/20260821-170445-optimized-v2-bounded-sensitivity,completed
MDWD,SAM 3,mdwd-orange-cmd,sens-mdwd-orange-03,sens-mdwd-orange-04,descriptive-paraphrase,instruction,369,315,0.8768,0.876,0.9887,15,81,0,prompt-sensitivity-v2,9559386e86fe19dbcaeaec5d29f631f93c1a11a46e6317792050446236f26792,Results/PromptDetect/BatchEvaluation/MDWD/20260821-170445-optimized-v2-bounded-sensitivity,completed
MDWD,SAM 3,mdwd-organic-waste,sens-mdwd-organic-01,sens-mdwd-organic-02,canonical,lexical-paraphrase,369,180,0.8488,0.841,0.9963,222,120,2,prompt-sensitivity-v2,9559386e86fe19dbcaeaec5d29f631f93c1a11a46e6317792050446236f26792,Results/PromptDetect/BatchEvaluation/MDWD/20260821-170445-optimized-v2-bounded-sensitivity,completed
MDWD,SAM 3,mdwd-organic-waste,sens-mdwd-organic-01,sens-mdwd-organic-03,canonical,descriptive-paraphrase,369,135,0.8343,0.82,0.9872,334,8,217,prompt-sensitivity-v2,9559386e86fe19dbcaeaec5d29f631f93c1a11a46e6317792050446236f26792,Results/PromptDetect/BatchEvaluation/MDWD/20260821-170445-optimized-v2-bounded-sensitivity,completed
MDWD,SAM 3,mdwd-organic-waste,sens-mdwd-organic-01,sens-mdwd-organic-04,canonical,instruction,369,180,0.7071,0.703,0.9924,125,217,2,prompt-sensitivity-v2,9559386e86fe19dbcaeaec5d29f631f93c1a11a46e6317792050446236f26792,Results/PromptDetect/BatchEvaluation/MDWD/20260821-170445-optimized-v2-bounded-sensitivity,completed
MDWD,SAM 3,mdwd-organic-waste,sens-mdwd-organic-02,sens-mdwd-organic-03,lexical-paraphrase,descriptive-paraphrase,369,139,0.7226,0.7105,0.9898,222,2,329,prompt-sensitivity-v2,9559386e86fe19dbcaeaec5d29f631f93c1a11a46e6317792050446236f26792,Results/PromptDetect/BatchEvaluation/MDWD/20260821-170445-optimized-v2-bounded-sensitivity,completed
MDWD,SAM 3,mdwd-organic-waste,sens-mdwd-organic-02,sens-mdwd-organic-04,lexical-paraphrase,instruction,369,229,0.8404,0.8379,0.9928,125,99,2,prompt-sensitivity-v2,9559386e86fe19dbcaeaec5d29f631f93c1a11a46e6317792050446236f26792,Results/PromptDetect/BatchEvaluation/MDWD/20260821-170445-optimized-v2-bounded-sensitivity,completed
MDWD,SAM 3,mdwd-organic-waste,sens-mdwd-organic-03,sens-mdwd-organic-04,descriptive-paraphrase,instruction,369,138,0.5786,0.5718,0.9832,123,428,4,prompt-sensitivity-v2,9559386e86fe19dbcaeaec5d29f631f93c1a11a46e6317792050446236f26792,Results/PromptDetect/BatchEvaluation/MDWD/20260821-170445-optimized-v2-bounded-sensitivity,completed
MDWD,SAM 3,mdwd-recyclable-material,sens-mdwd-recycling-01,sens-mdwd-recycling-02,canonical,lexical-paraphrase,369,173,0.5008,0.4991,0.991,26,0,482,prompt-sensitivity-v2,9559386e86fe19dbcaeaec5d29f631f93c1a11a46e6317792050446236f26792,Results/PromptDetect/BatchEvaluation/MDWD/20260821-170445-optimized-v2-bounded-sensitivity,completed
MDWD,SAM 3,mdwd-recyclable-material,sens-mdwd-recycling-01,sens-mdwd-recycling-03,canonical,descriptive-paraphrase,369,237,0.6746,0.6734,0.9906,26,0,331,prompt-sensitivity-v2,9559386e86fe19dbcaeaec5d29f631f93c1a11a46e6317792050446236f26792,Results/PromptDetect/BatchEvaluation/MDWD/20260821-170445-optimized-v2-bounded-sensitivity,completed
MDWD,SAM 3,mdwd-recyclable-material,sens-mdwd-recycling-01,sens-mdwd-recycling-04,canonical,instruction,369,355,0.9675,0.9675,0.9556,3,23,1,prompt-sensitivity-v2,9559386e86fe19dbcaeaec5d29f631f93c1a11a46e6317792050446236f26792,Results/PromptDetect/BatchEvaluation/MDWD/20260821-170445-optimized-v2-bounded-sensitivity,completed
MDWD,SAM 3,mdwd-recyclable-material,sens-mdwd-recycling-02,sens-mdwd-recycling-03,lexical-paraphrase,descriptive-paraphrase,369,166,0.7737,0.7676,0.9925,335,173,22,prompt-sensitivity-v2,9559386e86fe19dbcaeaec5d29f631f93c1a11a46e6317792050446236f26792,Results/PromptDetect/BatchEvaluation/MDWD/20260821-170445-optimized-v2-bounded-sensitivity,completed
MDWD,SAM 3,mdwd-recyclable-material,sens-mdwd-recycling-02,sens-mdwd-recycling-04,lexical-paraphrase,instruction,369,173,0.4744,0.4736,0.9793,4,504,0,prompt-sensitivity-v2,9559386e86fe19dbcaeaec5d29f631f93c1a11a46e6317792050446236f26792,Results/PromptDetect/BatchEvaluation/MDWD/20260821-170445-optimized-v2-bounded-sensitivity,completed
MDWD,SAM 3,mdwd-recyclable-material,sens-mdwd-recycling-03,sens-mdwd-recycling-04,descriptive-paraphrase,instruction,369,237,0.6488,0.6484,0.9833,4,353,0,prompt-sensitivity-v2,9559386e86fe19dbcaeaec5d29f631f93c1a11a46e6317792050446236f26792,Results/PromptDetect/BatchEvaluation/MDWD/20260821-170445-optimized-v2-bounded-sensitivity,completed
MDWD,SAM 3.1,mdwd-mixed-waste,sens-mdwd-mixed-01,sens-mdwd-mixed-02,canonical,lexical-paraphrase,369,238,0.9884,0.9843,0.9927,388,15,9,prompt-sensitivity-v2,9559386e86fe19dbcaeaec5d29f631f93c1a11a46e6317792050446236f26792,Results/PromptDetect/BatchEvaluation/MDWD/20260821-170445-optimized-v2-bounded-sensitivity,completed
MDWD,SAM 3.1,mdwd-mixed-waste,sens-mdwd-mixed-01,sens-mdwd-mixed-03,canonical,descriptive-paraphrase,369,143,0.7205,0.7126,0.9794,383,20,213,prompt-sensitivity-v2,9559386e86fe19dbcaeaec5d29f631f93c1a11a46e6317792050446236f26792,Results/PromptDetect/BatchEvaluation/MDWD/20260821-170445-optimized-v2-bounded-sensitivity,completed
MDWD,SAM 3.1,mdwd-mixed-waste,sens-mdwd-mixed-01,sens-mdwd-mixed-04,canonical,instruction,369,220,0.8837,0.8728,0.9819,254,149,30,prompt-sensitivity-v2,9559386e86fe19dbcaeaec5d29f631f93c1a11a46e6317792050446236f26792,Results/PromptDetect/BatchEvaluation/MDWD/20260821-170445-optimized-v2-bounded-sensitivity,completed
MDWD,SAM 3.1,mdwd-mixed-waste,sens-mdwd-mixed-02,sens-mdwd-mixed-03,lexical-paraphrase,descriptive-paraphrase,369,143,0.7299,0.7238,0.9816,386,11,210,prompt-sensitivity-v2,9559386e86fe19dbcaeaec5d29f631f93c1a11a46e6317792050446236f26792,Results/PromptDetect/BatchEvaluation/MDWD/20260821-170445-optimized-v2-bounded-sensitivity,completed
MDWD,SAM 3.1,mdwd-mixed-waste,sens-mdwd-mixed-02,sens-mdwd-mixed-04,lexical-paraphrase,instruction,369,220,0.8928,0.8825,0.9831,257,140,27,prompt-sensitivity-v2,9559386e86fe19dbcaeaec5d29f631f93c1a11a46e6317792050446236f26792,Results/PromptDetect/BatchEvaluation/MDWD/20260821-170445-optimized-v2-bounded-sensitivity,completed
MDWD,SAM 3.1,mdwd-mixed-waste,sens-mdwd-mixed-03,sens-mdwd-mixed-04,descriptive-paraphrase,instruction,369,141,0.7155,0.7045,0.9816,277,319,7,prompt-sensitivity-v2,9559386e86fe19dbcaeaec5d29f631f93c1a11a46e6317792050446236f26792,Results/PromptDetect/BatchEvaluation/MDWD/20260821-170445-optimized-v2-bounded-sensitivity,completed
MDWD,SAM 3.1,mdwd-orange-cmd,sens-mdwd-orange-01,sens-mdwd-orange-02,canonical,lexical-paraphrase,369,326,0.9621,0.9612,0.9953,48,28,5,prompt-sensitivity-v2,9559386e86fe19dbcaeaec5d29f631f93c1a11a46e6317792050446236f26792,Results/PromptDetect/BatchEvaluation/MDWD/20260821-170445-optimized-v2-bounded-sensitivity,completed
MDWD,SAM 3.1,mdwd-orange-cmd,sens-mdwd-orange-01,sens-mdwd-orange-03,canonical,descriptive-paraphrase,369,309,0.939,0.9381,0.9932,75,1,28,prompt-sensitivity-v2,9559386e86fe19dbcaeaec5d29f631f93c1a11a46e6317792050446236f26792,Results/PromptDetect/BatchEvaluation/MDWD/20260821-170445-optimized-v2-bounded-sensitivity,completed
MDWD,SAM 3.1,mdwd-orange-cmd,sens-mdwd-orange-01,sens-mdwd-orange-04,canonical,instruction,369,331,0.9198,0.919,0.9912,15,61,0,prompt-sensitivity-v2,9559386e86fe19dbcaeaec5d29f631f93c1a11a46e6317792050446236f26792,Results/PromptDetect/BatchEvaluation/MDWD/20260821-170445-optimized-v2-bounded-sensitivity,completed
MDWD,SAM 3.1,mdwd-orange-cmd,sens-mdwd-orange-02,sens-mdwd-orange-03,lexical-paraphrase,descriptive-paraphrase,369,307,0.9187,0.9179,0.9927,51,2,52,prompt-sensitivity-v2,9559386e86fe19dbcaeaec5d29f631f93c1a11a46e6317792050446236f26792,Results/PromptDetect/BatchEvaluation/MDWD/20260821-170445-optimized-v2-bounded-sensitivity,completed
MDWD,SAM 3.1,mdwd-orange-cmd,sens-mdwd-orange-02,sens-mdwd-orange-04,lexical-paraphrase,instruction,369,334,0.928,0.9271,0.9922,15,38,0,prompt-sensitivity-v2,9559386e86fe19dbcaeaec5d29f631f93c1a11a46e6317792050446236f26792,Results/PromptDetect/BatchEvaluation/MDWD/20260821-170445-optimized-v2-bounded-sensitivity,completed
MDWD,SAM 3.1,mdwd-orange-cmd,sens-mdwd-orange-03,sens-mdwd-orange-04,descriptive-paraphrase,instruction,369,309,0.8602,0.8593,0.991,15,88,0,prompt-sensitivity-v2,9559386e86fe19dbcaeaec5d29f631f93c1a11a46e6317792050446236f26792,Results/PromptDetect/BatchEvaluation/MDWD/20260821-170445-optimized-v2-bounded-sensitivity,completed
MDWD,SAM 3.1,mdwd-organic-waste,sens-mdwd-organic-01,sens-mdwd-organic-02,canonical,lexical-paraphrase,369,165,0.8629,0.8565,0.9951,263,121,2,prompt-sensitivity-v2,9559386e86fe19dbcaeaec5d29f631f93c1a11a46e6317792050446236f26792,Results/PromptDetect/BatchEvaluation/MDWD/20260821-170445-optimized-v2-bounded-sensitivity,completed
MDWD,SAM 3.1,mdwd-organic-waste,sens-mdwd-organic-01,sens-mdwd-organic-03,canonical,descriptive-paraphrase,369,129,0.8511,0.8366,0.9875,371,13,198,prompt-sensitivity-v2,9559386e86fe19dbcaeaec5d29f631f93c1a11a46e6317792050446236f26792,Results/PromptDetect/BatchEvaluation/MDWD/20260821-170445-optimized-v2-bounded-sensitivity,completed
MDWD,SAM 3.1,mdwd-organic-waste,sens-mdwd-organic-01,sens-mdwd-organic-04,canonical,instruction,369,165,0.7014,0.6954,0.9922,143,241,3,prompt-sensitivity-v2,9559386e86fe19dbcaeaec5d29f631f93c1a11a46e6317792050446236f26792,Results/PromptDetect/BatchEvaluation/MDWD/20260821-170445-optimized-v2-bounded-sensitivity,completed
MDWD,SAM 3.1,mdwd-organic-waste,sens-mdwd-organic-02,sens-mdwd-organic-03,lexical-paraphrase,descriptive-paraphrase,369,135,0.7662,0.7545,0.9874,263,2,306,prompt-sensitivity-v2,9559386e86fe19dbcaeaec5d29f631f93c1a11a46e6317792050446236f26792,Results/PromptDetect/BatchEvaluation/MDWD/20260821-170445-optimized-v2-bounded-sensitivity,completed
MDWD,SAM 3.1,mdwd-organic-waste,sens-mdwd-organic-02,sens-mdwd-organic-04,lexical-paraphrase,instruction,369,209,0.8187,0.8141,0.9924,142,123,4,prompt-sensitivity-v2,9559386e86fe19dbcaeaec5d29f631f93c1a11a46e6317792050446236f26792,Results/PromptDetect/BatchEvaluation/MDWD/20260821-170445-optimized-v2-bounded-sensitivity,completed
MDWD,SAM 3.1,mdwd-organic-waste,sens-mdwd-organic-03,sens-mdwd-organic-04,descriptive-paraphrase,instruction,369,134,0.605,0.5969,0.984,142,427,4,prompt-sensitivity-v2,9559386e86fe19dbcaeaec5d29f631f93c1a11a46e6317792050446236f26792,Results/PromptDetect/BatchEvaluation/MDWD/20260821-170445-optimized-v2-bounded-sensitivity,completed
MDWD,SAM 3.1,mdwd-recyclable-material,sens-mdwd-recycling-01,sens-mdwd-recycling-02,canonical,lexical-paraphrase,369,168,0.4934,0.4921,0.9917,33,0,489,prompt-sensitivity-v2,9559386e86fe19dbcaeaec5d29f631f93c1a11a46e6317792050446236f26792,Results/PromptDetect/BatchEvaluation/MDWD/20260821-170445-optimized-v2-bounded-sensitivity,completed
MDWD,SAM 3.1,mdwd-recyclable-material,sens-mdwd-recycling-01,sens-mdwd-recycling-03,canonical,descriptive-paraphrase,369,211,0.6105,0.6096,0.9909,33,0,396,prompt-sensitivity-v2,9559386e86fe19dbcaeaec5d29f631f93c1a11a46e6317792050446236f26792,Results/PromptDetect/BatchEvaluation/MDWD/20260821-170445-optimized-v2-bounded-sensitivity,completed
MDWD,SAM 3.1,mdwd-recyclable-material,sens-mdwd-recycling-01,sens-mdwd-recycling-04,canonical,instruction,369,353,0.9642,0.9639,0.9711,5,28,1,prompt-sensitivity-v2,9559386e86fe19dbcaeaec5d29f631f93c1a11a46e6317792050446236f26792,Results/PromptDetect/BatchEvaluation/MDWD/20260821-170445-optimized-v2-bounded-sensitivity,completed
MDWD,SAM 3.1,mdwd-recyclable-material,sens-mdwd-recycling-02,sens-mdwd-recycling-03,lexical-paraphrase,descriptive-paraphrase,369,158,0.815,0.8074,0.9918,396,126,33,prompt-sensitivity-v2,9559386e86fe19dbcaeaec5d29f631f93c1a11a46e6317792050446236f26792,Results/PromptDetect/BatchEvaluation/MDWD/20260821-170445-optimized-v2-bounded-sensitivity,completed
MDWD,SAM 3.1,mdwd-recyclable-material,sens-mdwd-recycling-02,sens-mdwd-recycling-04,lexical-paraphrase,instruction,369,168,0.4627,0.4614,0.985,6,516,0,prompt-sensitivity-v2,9559386e86fe19dbcaeaec5d29f631f93c1a11a46e6317792050446236f26792,Results/PromptDetect/BatchEvaluation/MDWD/20260821-170445-optimized-v2-bounded-sensitivity,completed
MDWD,SAM 3.1,mdwd-recyclable-material,sens-mdwd-recycling-03,sens-mdwd-recycling-04,descriptive-paraphrase,instruction,369,211,0.5801,0.5793,0.9879,6,423,0,prompt-sensitivity-v2,9559386e86fe19dbcaeaec5d29f631f93c1a11a46e6317792050446236f26792,Results/PromptDetect/BatchEvaluation/MDWD/20260821-170445-optimized-v2-bounded-sensitivity,completed
MTSD,Cosmos Reason2 2B,mtsd-blind-spot-mirror,sens-mtsd-mirror-01,sens-mtsd-mirror-02,canonical,lexical-paraphrase,747,59,0.5823,0.5823,0.9629,376,307,224,prompt-sensitivity-v2,9559386e86fe19dbcaeaec5d29f631f93c1a11a46e6317792050446236f26792,Results/PromptDetect/BatchEvaluation/MTSD/20260822-102455-optimized-v2-bounded-sensitivity,completed
MTSD,Cosmos Reason2 2B,mtsd-blind-spot-mirror,sens-mtsd-mirror-01,sens-mtsd-mirror-03,canonical,descriptive-paraphrase,747,69,0.6379,0.6377,0.9696,408,275,201,prompt-sensitivity-v2,9559386e86fe19dbcaeaec5d29f631f93c1a11a46e6317792050446236f26792,Results/PromptDetect/BatchEvaluation/MTSD/20260822-102455-optimized-v2-bounded-sensitivity,completed
MTSD,Cosmos Reason2 2B,mtsd-blind-spot-mirror,sens-mtsd-mirror-01,sens-mtsd-mirror-04,canonical,instruction,747,15,0.3749,0.3734,0.9567,269,414,770,prompt-sensitivity-v2,9559386e86fe19dbcaeaec5d29f631f93c1a11a46e6317792050446236f26792,Results/PromptDetect/BatchEvaluation/MTSD/20260822-102455-optimized-v2-bounded-sensitivity,completed
MTSD,Cosmos Reason2 2B,mtsd-blind-spot-mirror,sens-mtsd-mirror-02,sens-mtsd-mirror-03,lexical-paraphrase,descriptive-paraphrase,747,90,0.672,0.672,0.9682,412,188,197,prompt-sensitivity-v2,9559386e86fe19dbcaeaec5d29f631f93c1a11a46e6317792050446236f26792,Results/PromptDetect/BatchEvaluation/MTSD/20260822-102455-optimized-v2-bounded-sensitivity,completed
MTSD,Cosmos Reason2 2B,mtsd-blind-spot-mirror,sens-mtsd-mirror-02,sens-mtsd-mirror-04,lexical-paraphrase,instruction,747,29,0.3382,0.3373,0.9637,225,375,814,prompt-sensitivity-v2,9559386e86fe19dbcaeaec5d29f631f93c1a11a46e6317792050446236f26792,Results/PromptDetect/BatchEvaluation/MTSD/20260822-102455-optimized-v2-bounded-sensitivity,completed
MTSD,Cosmos Reason2 2B,mtsd-blind-spot-mirror,sens-mtsd-mirror-03,sens-mtsd-mirror-04,descriptive-paraphrase,instruction,747,45,0.392,0.3902,0.9677,252,357,787,prompt-sensitivity-v2,9559386e86fe19dbcaeaec5d29f631f93c1a11a46e6317792050446236f26792,Results/PromptDetect/BatchEvaluation/MTSD/20260822-102455-optimized-v2-bounded-sensitivity,completed
MTSD,Cosmos Reason2 2B,mtsd-no-entry,sens-mtsd-entry-01,sens-mtsd-entry-02,canonical,lexical-paraphrase,747,53,0.7626,0.7624,0.978,520,145,144,prompt-sensitivity-v2,9559386e86fe19dbcaeaec5d29f631f93c1a11a46e6317792050446236f26792,Results/PromptDetect/BatchEvaluation/MTSD/20260822-102455-optimized-v2-bounded-sensitivity,completed
MTSD,Cosmos Reason2 2B,mtsd-no-entry,sens-mtsd-entry-01,sens-mtsd-entry-03,canonical,descriptive-paraphrase,747,61,0.7749,0.7738,0.9791,521,144,142,prompt-sensitivity-v2,9559386e86fe19dbcaeaec5d29f631f93c1a11a46e6317792050446236f26792,Results/PromptDetect/BatchEvaluation/MTSD/20260822-102455-optimized-v2-bounded-sensitivity,completed
MTSD,Cosmos Reason2 2B,mtsd-no-entry,sens-mtsd-entry-01,sens-mtsd-entry-04,canonical,instruction,747,19,0.5163,0.5133,0.9722,374,291,154,prompt-sensitivity-v2,9559386e86fe19dbcaeaec5d29f631f93c1a11a46e6317792050446236f26792,Results/PromptDetect/BatchEvaluation/MTSD/20260822-102455-optimized-v2-bounded-sensitivity,completed
MTSD,Cosmos Reason2 2B,mtsd-no-entry,sens-mtsd-entry-02,sens-mtsd-entry-03,lexical-paraphrase,descriptive-paraphrase,747,75,0.8753,0.8742,0.9824,582,82,81,prompt-sensitivity-v2,9559386e86fe19dbcaeaec5d29f631f93c1a11a46e6317792050446236f26792,Results/PromptDetect/BatchEvaluation/MTSD/20260822-102455-optimized-v2-bounded-sensitivity,completed
MTSD,Cosmos Reason2 2B,mtsd-no-entry,sens-mtsd-entry-02,sens-mtsd-entry-04,lexical-paraphrase,instruction,747,24,0.4855,0.4832,0.968,345,319,183,prompt-sensitivity-v2,9559386e86fe19dbcaeaec5d29f631f93c1a11a46e6317792050446236f26792,Results/PromptDetect/BatchEvaluation/MTSD/20260822-102455-optimized-v2-bounded-sensitivity,completed
MTSD,Cosmos Reason2 2B,mtsd-no-entry,sens-mtsd-entry-03,sens-mtsd-entry-04,descriptive-paraphrase,instruction,747,23,0.4746,0.4716,0.9607,338,325,190,prompt-sensitivity-v2,9559386e86fe19dbcaeaec5d29f631f93c1a11a46e6317792050446236f26792,Results/PromptDetect/BatchEvaluation/MTSD/20260822-102455-optimized-v2-bounded-sensitivity,completed
MTSD,Cosmos Reason2 2B,mtsd-pedestrian-crossing,sens-mtsd-ped-01,sens-mtsd-ped-02,canonical,lexical-paraphrase,747,67,0.7921,0.7918,0.9839,526,135,141,prompt-sensitivity-v2,9559386e86fe19dbcaeaec5d29f631f93c1a11a46e6317792050446236f26792,Results/PromptDetect/BatchEvaluation/MTSD/20260822-102455-optimized-v2-bounded-sensitivity,completed
MTSD,Cosmos Reason2 2B,mtsd-pedestrian-crossing,sens-mtsd-ped-01,sens-mtsd-ped-03,canonical,descriptive-paraphrase,747,46,0.7613,0.761,0.9737,524,137,173,prompt-sensitivity-v2,9559386e86fe19dbcaeaec5d29f631f93c1a11a46e6317792050446236f26792,Results/PromptDetect/BatchEvaluation/MTSD/20260822-102455-optimized-v2-bounded-sensitivity,completed
MTSD,Cosmos Reason2 2B,mtsd-pedestrian-crossing,sens-mtsd-ped-01,sens-mtsd-ped-04,canonical,instruction,747,13,0.5652,0.5617,0.9781,416,245,184,prompt-sensitivity-v2,9559386e86fe19dbcaeaec5d29f631f93c1a11a46e6317792050446236f26792,Results/PromptDetect/BatchEvaluation/MTSD/20260822-102455-optimized-v2-bounded-sensitivity,completed
MTSD,Cosmos Reason2 2B,mtsd-pedestrian-crossing,sens-mtsd-ped-02,sens-mtsd-ped-03,lexical-paraphrase,descriptive-paraphrase,747,48,0.8286,0.8286,0.9755,572,95,125,prompt-sensitivity-v2,9559386e86fe19dbcaeaec5d29f631f93c1a11a46e6317792050446236f26792,Results/PromptDetect/BatchEvaluation/MTSD/20260822-102455-optimized-v2-bounded-sensitivity,completed
MTSD,Cosmos Reason2 2B,mtsd-pedestrian-crossing,sens-mtsd-ped-02,sens-mtsd-ped-04,lexical-paraphrase,instruction,747,13,0.5627,0.5596,0.9733,413,254,187,prompt-sensitivity-v2,9559386e86fe19dbcaeaec5d29f631f93c1a11a46e6317792050446236f26792,Results/PromptDetect/BatchEvaluation/MTSD/20260822-102455-optimized-v2-bounded-sensitivity,completed
MTSD,Cosmos Reason2 2B,mtsd-pedestrian-crossing,sens-mtsd-ped-03,sens-mtsd-ped-04,descriptive-paraphrase,instruction,747,9,0.5734,0.5703,0.9668,425,272,175,prompt-sensitivity-v2,9559386e86fe19dbcaeaec5d29f631f93c1a11a46e6317792050446236f26792,Results/PromptDetect/BatchEvaluation/MTSD/20260822-102455-optimized-v2-bounded-sensitivity,completed
MTSD,Cosmos Reason2 2B,mtsd-roundabout-ahead,sens-mtsd-roundabout-01,sens-mtsd-roundabout-02,canonical,lexical-paraphrase,747,89,0.668,0.668,0.9717,410,240,176,prompt-sensitivity-v2,9559386e86fe19dbcaeaec5d29f631f93c1a11a46e6317792050446236f26792,Results/PromptDetect/BatchEvaluation/MTSD/20260822-102455-optimized-v2-bounded-sensitivity,completed
MTSD,Cosmos Reason2 2B,mtsd-roundabout-ahead,sens-mtsd-roundabout-01,sens-mtsd-roundabout-03,canonical,descriptive-paraphrase,747,89,0.6765,0.676,0.9647,417,233,178,prompt-sensitivity-v2,9559386e86fe19dbcaeaec5d29f631f93c1a11a46e6317792050446236f26792,Results/PromptDetect/BatchEvaluation/MTSD/20260822-102455-optimized-v2-bounded-sensitivity,completed
MTSD,Cosmos Reason2 2B,mtsd-roundabout-ahead,sens-mtsd-roundabout-01,sens-mtsd-roundabout-04,canonical,instruction,747,22,0.7474,0.7456,0.9804,539,111,193,prompt-sensitivity-v2,9559386e86fe19dbcaeaec5d29f631f93c1a11a46e6317792050446236f26792,Results/PromptDetect/BatchEvaluation/MTSD/20260822-102455-optimized-v2-bounded-sensitivity,completed
MTSD,Cosmos Reason2 2B,mtsd-roundabout-ahead,sens-mtsd-roundabout-02,sens-mtsd-roundabout-03,lexical-paraphrase,descriptive-paraphrase,747,131,0.805,0.8046,0.9825,471,115,124,prompt-sensitivity-v2,9559386e86fe19dbcaeaec5d29f631f93c1a11a46e6317792050446236f26792,Results/PromptDetect/BatchEvaluation/MTSD/20260822-102455-optimized-v2-bounded-sensitivity,completed
MTSD,Cosmos Reason2 2B,mtsd-roundabout-ahead,sens-mtsd-roundabout-02,sens-mtsd-roundabout-04,lexical-paraphrase,instruction,747,23,0.5631,0.5616,0.9664,400,186,332,prompt-sensitivity-v2,9559386e86fe19dbcaeaec5d29f631f93c1a11a46e6317792050446236f26792,Results/PromptDetect/BatchEvaluation/MTSD/20260822-102455-optimized-v2-bounded-sensitivity,completed
MTSD,Cosmos Reason2 2B,mtsd-roundabout-ahead,sens-mtsd-roundabout-03,sens-mtsd-roundabout-04,descriptive-paraphrase,instruction,747,25,0.5921,0.5897,0.9684,421,174,311,prompt-sensitivity-v2,9559386e86fe19dbcaeaec5d29f631f93c1a11a46e6317792050446236f26792,Results/PromptDetect/BatchEvaluation/MTSD/20260822-102455-optimized-v2-bounded-sensitivity,completed
MTSD,Cosmos Reason2 2B,mtsd-stop-sign,sens-mtsd-stop-01,sens-mtsd-stop-02,canonical,lexical-paraphrase,747,57,0.7492,0.749,0.9824,503,166,119,prompt-sensitivity-v2,9559386e86fe19dbcaeaec5d29f631f93c1a11a46e6317792050446236f26792,Results/PromptDetect/BatchEvaluation/MTSD/20260822-102455-optimized-v2-bounded-sensitivity,completed
MTSD,Cosmos Reason2 2B,mtsd-stop-sign,sens-mtsd-stop-01,sens-mtsd-stop-03,canonical,descriptive-paraphrase,747,47,0.7961,0.7952,0.9769,549,120,119,prompt-sensitivity-v2,9559386e86fe19dbcaeaec5d29f631f93c1a11a46e6317792050446236f26792,Results/PromptDetect/BatchEvaluation/MTSD/20260822-102455-optimized-v2-bounded-sensitivity,completed
MTSD,Cosmos Reason2 2B,mtsd-stop-sign,sens-mtsd-stop-01,sens-mtsd-stop-04,canonical,instruction,747,31,0.705,0.7021,0.9795,500,169,108,prompt-sensitivity-v2,9559386e86fe19dbcaeaec5d29f631f93c1a11a46e6317792050446236f26792,Results/PromptDetect/BatchEvaluation/MTSD/20260822-102455-optimized-v2-bounded-sensitivity,completed
MTSD,Cosmos Reason2 2B,mtsd-stop-sign,sens-mtsd-stop-02,sens-mtsd-stop-03,lexical-paraphrase,descriptive-paraphrase,747,79,0.8527,0.8521,0.9829,560,62,108,prompt-sensitivity-v2,9559386e86fe19dbcaeaec5d29f631f93c1a11a46e6317792050446236f26792,Results/PromptDetect/BatchEvaluation/MTSD/20260822-102455-optimized-v2-bounded-sensitivity,completed
MTSD,Cosmos Reason2 2B,mtsd-stop-sign,sens-mtsd-stop-02,sens-mtsd-stop-04,lexical-paraphrase,instruction,747,26,0.5663,0.5636,0.9777,402,220,206,prompt-sensitivity-v2,9559386e86fe19dbcaeaec5d29f631f93c1a11a46e6317792050446236f26792,Results/PromptDetect/BatchEvaluation/MTSD/20260822-102455-optimized-v2-bounded-sensitivity,completed
MTSD,Cosmos Reason2 2B,mtsd-stop-sign,sens-mtsd-stop-03,sens-mtsd-stop-04,descriptive-paraphrase,instruction,747,16,0.6263,0.6229,0.9812,458,210,150,prompt-sensitivity-v2,9559386e86fe19dbcaeaec5d29f631f93c1a11a46e6317792050446236f26792,Results/PromptDetect/BatchEvaluation/MTSD/20260822-102455-optimized-v2-bounded-sensitivity,completed
MTSD,Cosmos Reason2 8B,mtsd-blind-spot-mirror,sens-mtsd-mirror-01,sens-mtsd-mirror-02,canonical,lexical-paraphrase,747,167,0.7193,0.7182,0.9728,377,209,80,prompt-sensitivity-v2,9559386e86fe19dbcaeaec5d29f631f93c1a11a46e6317792050446236f26792,Results/PromptDetect/BatchEvaluation/MTSD/20260822-102455-optimized-v2-bounded-sensitivity,completed
MTSD,Cosmos Reason2 8B,mtsd-blind-spot-mirror,sens-mtsd-mirror-01,sens-mtsd-mirror-03,canonical,descriptive-paraphrase,747,167,0.6564,0.656,0.9733,329,257,64,prompt-sensitivity-v2,9559386e86fe19dbcaeaec5d29f631f93c1a11a46e6317792050446236f26792,Results/PromptDetect/BatchEvaluation/MTSD/20260822-102455-optimized-v2-bounded-sensitivity,completed
MTSD,Cosmos Reason2 8B,mtsd-blind-spot-mirror,sens-mtsd-mirror-01,sens-mtsd-mirror-04,canonical,instruction,747,153,0.3878,0.3849,0.9505,143,443,111,prompt-sensitivity-v2,9559386e86fe19dbcaeaec5d29f631f93c1a11a46e6317792050446236f26792,Results/PromptDetect/BatchEvaluation/MTSD/20260822-102455-optimized-v2-bounded-sensitivity,completed
MTSD,Cosmos Reason2 8B,mtsd-blind-spot-mirror,sens-mtsd-mirror-02,sens-mtsd-mirror-03,lexical-paraphrase,descriptive-paraphrase,747,274,0.8121,0.8119,0.9812,339,118,54,prompt-sensitivity-v2,9559386e86fe19dbcaeaec5d29f631f93c1a11a46e6317792050446236f26792,Results/PromptDetect/BatchEvaluation/MTSD/20260822-102455-optimized-v2-bounded-sensitivity,completed
MTSD,Cosmos Reason2 8B,mtsd-blind-spot-mirror,sens-mtsd-mirror-02,sens-mtsd-mirror-04,lexical-paraphrase,instruction,747,270,0.5602,0.5573,0.9562,155,302,99,prompt-sensitivity-v2,9559386e86fe19dbcaeaec5d29f631f93c1a11a46e6317792050446236f26792,Results/PromptDetect/BatchEvaluation/MTSD/20260822-102455-optimized-v2-bounded-sensitivity,completed
MTSD,Cosmos Reason2 8B,mtsd-blind-spot-mirror,sens-mtsd-mirror-03,sens-mtsd-mirror-04,descriptive-paraphrase,instruction,747,323,0.6194,0.6165,0.9687,146,247,108,prompt-sensitivity-v2,9559386e86fe19dbcaeaec5d29f631f93c1a11a46e6317792050446236f26792,Results/PromptDetect/BatchEvaluation/MTSD/20260822-102455-optimized-v2-bounded-sensitivity,completed
MTSD,Cosmos Reason2 8B,mtsd-no-entry,sens-mtsd-entry-01,sens-mtsd-entry-02,canonical,lexical-paraphrase,747,149,0.7885,0.7881,0.986,451,101,108,prompt-sensitivity-v2,9559386e86fe19dbcaeaec5d29f631f93c1a11a46e6317792050446236f26792,Results/PromptDetect/BatchEvaluation/MTSD/20260822-102455-optimized-v2-bounded-sensitivity,completed
MTSD,Cosmos Reason2 8B,mtsd-no-entry,sens-mtsd-entry-01,sens-mtsd-entry-03,canonical,descriptive-paraphrase,747,158,0.7029,0.7025,0.9894,372,180,90,prompt-sensitivity-v2,9559386e86fe19dbcaeaec5d29f631f93c1a11a46e6317792050446236f26792,Results/PromptDetect/BatchEvaluation/MTSD/20260822-102455-optimized-v2-bounded-sensitivity,completed
MTSD,Cosmos Reason2 8B,mtsd-no-entry,sens-mtsd-entry-01,sens-mtsd-entry-04,canonical,instruction,747,164,0.8086,0.8024,0.9845,458,94,115,prompt-sensitivity-v2,9559386e86fe19dbcaeaec5d29f631f93c1a11a46e6317792050446236f26792,Results/PromptDetect/BatchEvaluation/MTSD/20260822-102455-optimized-v2-bounded-sensitivity,completed
MTSD,Cosmos Reason2 8B,mtsd-no-entry,sens-mtsd-entry-02,sens-mtsd-entry-03,lexical-paraphrase,descriptive-paraphrase,747,178,0.7725,0.7717,0.9897,405,154,57,prompt-sensitivity-v2,9559386e86fe19dbcaeaec5d29f631f93c1a11a46e6317792050446236f26792,Results/PromptDetect/BatchEvaluation/MTSD/20260822-102455-optimized-v2-bounded-sensitivity,completed
MTSD,Cosmos Reason2 8B,mtsd-no-entry,sens-mtsd-entry-02,sens-mtsd-entry-04,lexical-paraphrase,instruction,747,158,0.7705,0.7655,0.9809,436,123,137,prompt-sensitivity-v2,9559386e86fe19dbcaeaec5d29f631f93c1a11a46e6317792050446236f26792,Results/PromptDetect/BatchEvaluation/MTSD/20260822-102455-optimized-v2-bounded-sensitivity,completed
MTSD,Cosmos Reason2 8B,mtsd-no-entry,sens-mtsd-entry-03,sens-mtsd-entry-04,descriptive-paraphrase,instruction,747,172,0.7059,0.7008,0.9832,367,95,206,prompt-sensitivity-v2,9559386e86fe19dbcaeaec5d29f631f93c1a11a46e6317792050446236f26792,Results/PromptDetect/BatchEvaluation/MTSD/20260822-102455-optimized-v2-bounded-sensitivity,completed
MTSD,Cosmos Reason2 8B,mtsd-pedestrian-crossing,sens-mtsd-ped-01,sens-mtsd-ped-02,canonical,lexical-paraphrase,747,160,0.7131,0.7124,0.9844,379,210,58,prompt-sensitivity-v2,9559386e86fe19dbcaeaec5d29f631f93c1a11a46e6317792050446236f26792,Results/PromptDetect/BatchEvaluation/MTSD/20260822-102455-optimized-v2-bounded-sensitivity,completed
MTSD,Cosmos Reason2 8B,mtsd-pedestrian-crossing,sens-mtsd-ped-01,sens-mtsd-ped-03,canonical,descriptive-paraphrase,747,159,0.5997,0.5997,0.9779,292,297,41,prompt-sensitivity-v2,9559386e86fe19dbcaeaec5d29f631f93c1a11a46e6317792050446236f26792,Results/PromptDetect/BatchEvaluation/MTSD/20260822-102455-optimized-v2-bounded-sensitivity,completed
MTSD,Cosmos Reason2 8B,mtsd-pedestrian-crossing,sens-mtsd-ped-01,sens-mtsd-ped-04,canonical,instruction,747,143,0.5886,0.587,0.9774,305,284,116,prompt-sensitivity-v2,9559386e86fe19dbcaeaec5d29f631f93c1a11a46e6317792050446236f26792,Results/PromptDetect/BatchEvaluation/MTSD/20260822-102455-optimized-v2-bounded-sensitivity,completed
MTSD,Cosmos Reason2 8B,mtsd-pedestrian-crossing,sens-mtsd-ped-02,sens-mtsd-ped-03,lexical-paraphrase,descriptive-paraphrase,747,309,0.7849,0.7847,0.9833,281,156,52,prompt-sensitivity-v2,9559386e86fe19dbcaeaec5d29f631f93c1a11a46e6317792050446236f26792,Results/PromptDetect/BatchEvaluation/MTSD/20260822-102455-optimized-v2-bounded-sensitivity,completed
MTSD,Cosmos Reason2 8B,mtsd-pedestrian-crossing,sens-mtsd-ped-02,sens-mtsd-ped-04,lexical-paraphrase,instruction,747,267,0.7067,0.7049,0.9769,270,167,151,prompt-sensitivity-v2,9559386e86fe19dbcaeaec5d29f631f93c1a11a46e6317792050446236f26792,Results/PromptDetect/BatchEvaluation/MTSD/20260822-102455-optimized-v2-bounded-sensitivity,completed
MTSD,Cosmos Reason2 8B,mtsd-pedestrian-crossing,sens-mtsd-ped-03,sens-mtsd-ped-04,descriptive-paraphrase,instruction,747,317,0.7407,0.7396,0.9727,241,92,180,prompt-sensitivity-v2,9559386e86fe19dbcaeaec5d29f631f93c1a11a46e6317792050446236f26792,Results/PromptDetect/BatchEvaluation/MTSD/20260822-102455-optimized-v2-bounded-sensitivity,completed
MTSD,Cosmos Reason2 8B,mtsd-roundabout-ahead,sens-mtsd-roundabout-01,sens-mtsd-roundabout-02,canonical,lexical-paraphrase,747,203,0.6118,0.6118,0.9828,255,266,103,prompt-sensitivity-v2,9559386e86fe19dbcaeaec5d29f631f93c1a11a46e6317792050446236f26792,Results/PromptDetect/BatchEvaluation/MTSD/20260822-102455-optimized-v2-bounded-sensitivity,completed
MTSD,Cosmos Reason2 8B,mtsd-roundabout-ahead,sens-mtsd-roundabout-01,sens-mtsd-roundabout-03,canonical,descriptive-paraphrase,747,221,0.5765,0.5756,0.9826,212,309,45,prompt-sensitivity-v2,9559386e86fe19dbcaeaec5d29f631f93c1a11a46e6317792050446236f26792,Results/PromptDetect/BatchEvaluation/MTSD/20260822-102455-optimized-v2-bounded-sensitivity,completed
MTSD,Cosmos Reason2 8B,mtsd-roundabout-ahead,sens-mtsd-roundabout-01,sens-mtsd-roundabout-04,canonical,instruction,747,152,0.7407,0.739,0.9903,405,116,111,prompt-sensitivity-v2,9559386e86fe19dbcaeaec5d29f631f93c1a11a46e6317792050446236f26792,Results/PromptDetect/BatchEvaluation/MTSD/20260822-102455-optimized-v2-bounded-sensitivity,completed
MTSD,Cosmos Reason2 8B,mtsd-roundabout-ahead,sens-mtsd-roundabout-02,sens-mtsd-roundabout-03,lexical-paraphrase,descriptive-paraphrase,747,378,0.7626,0.7617,0.9888,194,164,63,prompt-sensitivity-v2,9559386e86fe19dbcaeaec5d29f631f93c1a11a46e6317792050446236f26792,Results/PromptDetect/BatchEvaluation/MTSD/20260822-102455-optimized-v2-bounded-sensitivity,completed
MTSD,Cosmos Reason2 8B,mtsd-roundabout-ahead,sens-mtsd-roundabout-02,sens-mtsd-roundabout-04,lexical-paraphrase,instruction,747,184,0.5453,0.5442,0.9773,226,132,290,prompt-sensitivity-v2,9559386e86fe19dbcaeaec5d29f631f93c1a11a46e6317792050446236f26792,Results/PromptDetect/BatchEvaluation/MTSD/20260822-102455-optimized-v2-bounded-sensitivity,completed
MTSD,Cosmos Reason2 8B,mtsd-roundabout-ahead,sens-mtsd-roundabout-03,sens-mtsd-roundabout-04,descriptive-paraphrase,instruction,747,209,0.5274,0.5254,0.9807,189,68,327,prompt-sensitivity-v2,9559386e86fe19dbcaeaec5d29f631f93c1a11a46e6317792050446236f26792,Results/PromptDetect/BatchEvaluation/MTSD/20260822-102455-optimized-v2-bounded-sensitivity,completed
MTSD,Cosmos Reason2 8B,mtsd-stop-sign,sens-mtsd-stop-01,sens-mtsd-stop-02,canonical,lexical-paraphrase,747,134,0.67,0.6678,0.986,375,250,22,prompt-sensitivity-v2,9559386e86fe19dbcaeaec5d29f631f93c1a11a46e6317792050446236f26792,Results/PromptDetect/BatchEvaluation/MTSD/20260822-102455-optimized-v2-bounded-sensitivity,completed
MTSD,Cosmos Reason2 8B,mtsd-stop-sign,sens-mtsd-stop-01,sens-mtsd-stop-03,canonical,descriptive-paraphrase,747,136,0.691,0.6885,0.9895,388,237,21,prompt-sensitivity-v2,9559386e86fe19dbcaeaec5d29f631f93c1a11a46e6317792050446236f26792,Results/PromptDetect/BatchEvaluation/MTSD/20260822-102455-optimized-v2-bounded-sensitivity,completed
MTSD,Cosmos Reason2 8B,mtsd-stop-sign,sens-mtsd-stop-01,sens-mtsd-stop-04,canonical,instruction,747,138,0.8406,0.8385,0.9936,511,114,33,prompt-sensitivity-v2,9559386e86fe19dbcaeaec5d29f631f93c1a11a46e6317792050446236f26792,Results/PromptDetect/BatchEvaluation/MTSD/20260822-102455-optimized-v2-bounded-sensitivity,completed
MTSD,Cosmos Reason2 8B,mtsd-stop-sign,sens-mtsd-stop-02,sens-mtsd-stop-03,lexical-paraphrase,descriptive-paraphrase,747,299,0.859,0.8588,0.9942,347,50,62,prompt-sensitivity-v2,9559386e86fe19dbcaeaec5d29f631f93c1a11a46e6317792050446236f26792,Results/PromptDetect/BatchEvaluation/MTSD/20260822-102455-optimized-v2-bounded-sensitivity,completed
MTSD,Cosmos Reason2 8B,mtsd-stop-sign,sens-mtsd-stop-02,sens-mtsd-stop-04,lexical-paraphrase,instruction,747,220,0.7632,0.7595,0.9872,361,36,183,prompt-sensitivity-v2,9559386e86fe19dbcaeaec5d29f631f93c1a11a46e6317792050446236f26792,Results/PromptDetect/BatchEvaluation/MTSD/20260822-102455-optimized-v2-bounded-sensitivity,completed
MTSD,Cosmos Reason2 8B,mtsd-stop-sign,sens-mtsd-stop-03,sens-mtsd-stop-04,descriptive-paraphrase,instruction,747,218,0.7775,0.7735,0.992,373,36,171,prompt-sensitivity-v2,9559386e86fe19dbcaeaec5d29f631f93c1a11a46e6317792050446236f26792,Results/PromptDetect/BatchEvaluation/MTSD/20260822-102455-optimized-v2-bounded-sensitivity,completed
MTSD,LocateAnything 3B,mtsd-blind-spot-mirror,sens-mtsd-mirror-01,sens-mtsd-mirror-02,canonical,lexical-paraphrase,747,388,0.6671,0.6333,0.9122,432,889,1183,prompt-sensitivity-v2,9559386e86fe19dbcaeaec5d29f631f93c1a11a46e6317792050446236f26792,Results/PromptDetect/BatchEvaluation/MTSD/20260822-102455-optimized-v2-bounded-sensitivity,completed
MTSD,LocateAnything 3B,mtsd-blind-spot-mirror,sens-mtsd-mirror-01,sens-mtsd-mirror-03,canonical,descriptive-paraphrase,747,279,0.5199,0.485,0.8991,400,921,1717,prompt-sensitivity-v2,9559386e86fe19dbcaeaec5d29f631f93c1a11a46e6317792050446236f26792,Results/PromptDetect/BatchEvaluation/MTSD/20260822-102455-optimized-v2-bounded-sensitivity,completed
MTSD,LocateAnything 3B,mtsd-blind-spot-mirror,sens-mtsd-mirror-01,sens-mtsd-mirror-04,canonical,instruction,747,374,0.5955,0.5695,0.8809,322,999,1579,prompt-sensitivity-v2,9559386e86fe19dbcaeaec5d29f631f93c1a11a46e6317792050446236f26792,Results/PromptDetect/BatchEvaluation/MTSD/20260822-102455-optimized-v2-bounded-sensitivity,completed
MTSD,LocateAnything 3B,mtsd-blind-spot-mirror,sens-mtsd-mirror-02,sens-mtsd-mirror-03,lexical-paraphrase,descriptive-paraphrase,747,292,0.6276,0.5932,0.9357,696,919,1421,prompt-sensitivity-v2,9559386e86fe19dbcaeaec5d29f631f93c1a11a46e6317792050446236f26792,Results/PromptDetect/BatchEvaluation/MTSD/20260822-102455-optimized-v2-bounded-sensitivity,completed
MTSD,LocateAnything 3B,mtsd-blind-spot-mirror,sens-mtsd-mirror-02,sens-mtsd-mirror-04,lexical-paraphrase,instruction,747,345,0.6008,0.5759,0.914,512,1103,1389,prompt-sensitivity-v2,9559386e86fe19dbcaeaec5d29f631f93c1a11a46e6317792050446236f26792,Results/PromptDetect/BatchEvaluation/MTSD/20260822-102455-optimized-v2-bounded-sensitivity,completed
MTSD,LocateAnything 3B,mtsd-blind-spot-mirror,sens-mtsd-mirror-03,sens-mtsd-mirror-04,descriptive-paraphrase,instruction,747,245,0.45,0.4269,0.9242,441,1676,1460,prompt-sensitivity-v2,9559386e86fe19dbcaeaec5d29f631f93c1a11a46e6317792050446236f26792,Results/PromptDetect/BatchEvaluation/MTSD/20260822-102455-optimized-v2-bounded-sensitivity,completed
MTSD,LocateAnything 3B,mtsd-no-entry,sens-mtsd-entry-01,sens-mtsd-entry-02,canonical,lexical-paraphrase,747,185,0.5654,0.5088,0.9385,996,851,1990,prompt-sensitivity-v2,9559386e86fe19dbcaeaec5d29f631f93c1a11a46e6317792050446236f26792,Results/PromptDetect/BatchEvaluation/MTSD/20260822-102455-optimized-v2-bounded-sensitivity,completed
MTSD,LocateAnything 3B,mtsd-no-entry,sens-mtsd-entry-01,sens-mtsd-entry-03,canonical,descriptive-paraphrase,747,120,0.4468,0.3872,0.9272,928,919,2605,prompt-sensitivity-v2,9559386e86fe19dbcaeaec5d29f631f93c1a11a46e6317792050446236f26792,Results/PromptDetect/BatchEvaluation/MTSD/20260822-102455-optimized-v2-bounded-sensitivity,completed
MTSD,LocateAnything 3B,mtsd-no-entry,sens-mtsd-entry-01,sens-mtsd-entry-04,canonical,instruction,747,270,0.6343,0.5791,0.9358,794,1053,1382,prompt-sensitivity-v2,9559386e86fe19dbcaeaec5d29f631f93c1a11a46e6317792050446236f26792,Results/PromptDetect/BatchEvaluation/MTSD/20260822-102455-optimized-v2-bounded-sensitivity,completed
MTSD,LocateAnything 3B,mtsd-no-entry,sens-mtsd-entry-02,sens-mtsd-entry-03,lexical-paraphrase,descriptive-paraphrase,747,120,0.6428,0.5731,0.9413,1796,1190,1737,prompt-sensitivity-v2,9559386e86fe19dbcaeaec5d29f631f93c1a11a46e6317792050446236f26792,Results/PromptDetect/BatchEvaluation/MTSD/20260822-102455-optimized-v2-bounded-sensitivity,completed
MTSD,LocateAnything 3B,mtsd-no-entry,sens-mtsd-entry-02,sens-mtsd-entry-04,lexical-paraphrase,instruction,747,177,0.5611,0.5041,0.9513,1126,1860,1050,prompt-sensitivity-v2,9559386e86fe19dbcaeaec5d29f631f93c1a11a46e6317792050446236f26792,Results/PromptDetect/BatchEvaluation/MTSD/20260822-102455-optimized-v2-bounded-sensitivity,completed
MTSD,LocateAnything 3B,mtsd-no-entry,sens-mtsd-entry-03,sens-mtsd-entry-04,descriptive-paraphrase,instruction,747,121,0.4963,0.4343,0.9393,1271,2262,905,prompt-sensitivity-v2,9559386e86fe19dbcaeaec5d29f631f93c1a11a46e6317792050446236f26792,Results/PromptDetect/BatchEvaluation/MTSD/20260822-102455-optimized-v2-bounded-sensitivity,completed
MTSD,LocateAnything 3B,mtsd-pedestrian-crossing,sens-mtsd-ped-01,sens-mtsd-ped-02,canonical,lexical-paraphrase,747,186,0.3399,0.3175,0.9219,340,366,2919,prompt-sensitivity-v2,9559386e86fe19dbcaeaec5d29f631f93c1a11a46e6317792050446236f26792,Results/PromptDetect/BatchEvaluation/MTSD/20260822-102455-optimized-v2-bounded-sensitivity,completed
MTSD,LocateAnything 3B,mtsd-pedestrian-crossing,sens-mtsd-ped-01,sens-mtsd-ped-03,canonical,descriptive-paraphrase,747,285,0.4796,0.4575,0.9222,342,364,2123,prompt-sensitivity-v2,9559386e86fe19dbcaeaec5d29f631f93c1a11a46e6317792050446236f26792,Results/PromptDetect/BatchEvaluation/MTSD/20260822-102455-optimized-v2-bounded-sensitivity,completed
MTSD,LocateAnything 3B,mtsd-pedestrian-crossing,sens-mtsd-ped-01,sens-mtsd-ped-04,canonical,instruction,747,496,0.7385,0.7204,0.9025,292,414,1289,prompt-sensitivity-v2,9559386e86fe19dbcaeaec5d29f631f93c1a11a46e6317792050446236f26792,Results/PromptDetect/BatchEvaluation/MTSD/20260822-102455-optimized-v2-bounded-sensitivity,completed
MTSD,LocateAnything 3B,mtsd-pedestrian-crossing,sens-mtsd-ped-02,sens-mtsd-ped-03,lexical-paraphrase,descriptive-paraphrase,747,177,0.6609,0.6132,0.9548,1695,1564,770,prompt-sensitivity-v2,9559386e86fe19dbcaeaec5d29f631f93c1a11a46e6317792050446236f26792,Results/PromptDetect/BatchEvaluation/MTSD/20260822-102455-optimized-v2-bounded-sensitivity,completed
MTSD,LocateAnything 3B,mtsd-pedestrian-crossing,sens-mtsd-ped-02,sens-mtsd-ped-04,lexical-paraphrase,instruction,747,184,0.423,0.3956,0.9437,874,2385,707,prompt-sensitivity-v2,9559386e86fe19dbcaeaec5d29f631f93c1a11a46e6317792050446236f26792,Results/PromptDetect/BatchEvaluation/MTSD/20260822-102455-optimized-v2-bounded-sensitivity,completed
MTSD,LocateAnything 3B,mtsd-pedestrian-crossing,sens-mtsd-ped-03,sens-mtsd-ped-04,descriptive-paraphrase,instruction,747,279,0.5484,0.5217,0.9424,851,1614,730,prompt-sensitivity-v2,9559386e86fe19dbcaeaec5d29f631f93c1a11a46e6317792050446236f26792,Results/PromptDetect/BatchEvaluation/MTSD/20260822-102455-optimized-v2-bounded-sensitivity,completed
MTSD,LocateAnything 3B,mtsd-roundabout-ahead,sens-mtsd-roundabout-01,sens-mtsd-roundabout-02,canonical,lexical-paraphrase,747,71,0.4606,0.3678,0.927,1082,1322,2408,prompt-sensitivity-v2,9559386e86fe19dbcaeaec5d29f631f93c1a11a46e6317792050446236f26792,Results/PromptDetect/BatchEvaluation/MTSD/20260822-102455-optimized-v2-bounded-sensitivity,completed
MTSD,LocateAnything 3B,mtsd-roundabout-ahead,sens-mtsd-roundabout-01,sens-mtsd-roundabout-03,canonical,descriptive-paraphrase,747,91,0.4682,0.3749,0.9259,1103,1301,2750,prompt-sensitivity-v2,9559386e86fe19dbcaeaec5d29f631f93c1a11a46e6317792050446236f26792,Results/PromptDetect/BatchEvaluation/MTSD/20260822-102455-optimized-v2-bounded-sensitivity,completed
MTSD,LocateAnything 3B,mtsd-roundabout-ahead,sens-mtsd-roundabout-01,sens-mtsd-roundabout-04,canonical,instruction,747,124,0.4734,0.3936,0.9306,991,1413,2320,prompt-sensitivity-v2,9559386e86fe19dbcaeaec5d29f631f93c1a11a46e6317792050446236f26792,Results/PromptDetect/BatchEvaluation/MTSD/20260822-102455-optimized-v2-bounded-sensitivity,completed
MTSD,LocateAnything 3B,mtsd-roundabout-ahead,sens-mtsd-roundabout-02,sens-mtsd-roundabout-03,lexical-paraphrase,descriptive-paraphrase,747,71,0.6826,0.6113,0.9523,2413,1077,1440,prompt-sensitivity-v2,9559386e86fe19dbcaeaec5d29f631f93c1a11a46e6317792050446236f26792,Results/PromptDetect/BatchEvaluation/MTSD/20260822-102455-optimized-v2-bounded-sensitivity,completed
MTSD,LocateAnything 3B,mtsd-roundabout-ahead,sens-mtsd-roundabout-02,sens-mtsd-roundabout-04,lexical-paraphrase,instruction,747,76,0.5382,0.4696,0.9393,1795,1695,1516,prompt-sensitivity-v2,9559386e86fe19dbcaeaec5d29f631f93c1a11a46e6317792050446236f26792,Results/PromptDetect/BatchEvaluation/MTSD/20260822-102455-optimized-v2-bounded-sensitivity,completed
MTSD,LocateAnything 3B,mtsd-roundabout-ahead,sens-mtsd-roundabout-03,sens-mtsd-roundabout-04,descriptive-paraphrase,instruction,747,92,0.567,0.5012,0.9395,1951,1902,1360,prompt-sensitivity-v2,9559386e86fe19dbcaeaec5d29f631f93c1a11a46e6317792050446236f26792,Results/PromptDetect/BatchEvaluation/MTSD/20260822-102455-optimized-v2-bounded-sensitivity,completed
MTSD,LocateAnything 3B,mtsd-stop-sign,sens-mtsd-stop-01,sens-mtsd-stop-02,canonical,lexical-paraphrase,747,168,0.4826,0.4284,0.9295,759,771,2256,prompt-sensitivity-v2,9559386e86fe19dbcaeaec5d29f631f93c1a11a46e6317792050446236f26792,Results/PromptDetect/BatchEvaluation/MTSD/20260822-102455-optimized-v2-bounded-sensitivity,completed
MTSD,LocateAnything 3B,mtsd-stop-sign,sens-mtsd-stop-01,sens-mtsd-stop-03,canonical,descriptive-paraphrase,747,158,0.4659,0.4116,0.9219,739,791,2274,prompt-sensitivity-v2,9559386e86fe19dbcaeaec5d29f631f93c1a11a46e6317792050446236f26792,Results/PromptDetect/BatchEvaluation/MTSD/20260822-102455-optimized-v2-bounded-sensitivity,completed
MTSD,LocateAnything 3B,mtsd-stop-sign,sens-mtsd-stop-01,sens-mtsd-stop-04,canonical,instruction,747,350,0.7066,0.6588,0.934,673,857,1219,prompt-sensitivity-v2,9559386e86fe19dbcaeaec5d29f631f93c1a11a46e6317792050446236f26792,Results/PromptDetect/BatchEvaluation/MTSD/20260822-102455-optimized-v2-bounded-sensitivity,completed
MTSD,LocateAnything 3B,mtsd-stop-sign,sens-mtsd-stop-02,sens-mtsd-stop-03,lexical-paraphrase,descriptive-paraphrase,747,142,0.7134,0.6521,0.953,1872,1143,1141,prompt-sensitivity-v2,9559386e86fe19dbcaeaec5d29f631f93c1a11a46e6317792050446236f26792,Results/PromptDetect/BatchEvaluation/MTSD/20260822-102455-optimized-v2-bounded-sensitivity,completed
MTSD,LocateAnything 3B,mtsd-stop-sign,sens-mtsd-stop-02,sens-mtsd-stop-04,lexical-paraphrase,instruction,747,167,0.4892,0.4393,0.9477,931,2084,961,prompt-sensitivity-v2,9559386e86fe19dbcaeaec5d29f631f93c1a11a46e6317792050446236f26792,Results/PromptDetect/BatchEvaluation/MTSD/20260822-102455-optimized-v2-bounded-sensitivity,completed
MTSD,LocateAnything 3B,mtsd-stop-sign,sens-mtsd-stop-03,sens-mtsd-stop-04,descriptive-paraphrase,instruction,747,157,0.4979,0.4501,0.9441,1039,1974,853,prompt-sensitivity-v2,9559386e86fe19dbcaeaec5d29f631f93c1a11a46e6317792050446236f26792,Results/PromptDetect/BatchEvaluation/MTSD/20260822-102455-optimized-v2-bounded-sensitivity,completed
MTSD,SAM 3,mtsd-blind-spot-mirror,sens-mtsd-mirror-01,sens-mtsd-mirror-02,canonical,lexical-paraphrase,747,426,0.6656,0.6576,0.9497,90,2,490,prompt-sensitivity-v2,9559386e86fe19dbcaeaec5d29f631f93c1a11a46e6317792050446236f26792,Results/PromptDetect/BatchEvaluation/MTSD/20260822-102455-optimized-v2-bounded-sensitivity,completed
MTSD,SAM 3,mtsd-blind-spot-mirror,sens-mtsd-mirror-01,sens-mtsd-mirror-03,canonical,descriptive-paraphrase,747,28,0.1156,0.1024,0.9354,86,6,1827,prompt-sensitivity-v2,9559386e86fe19dbcaeaec5d29f631f93c1a11a46e6317792050446236f26792,Results/PromptDetect/BatchEvaluation/MTSD/20260822-102455-optimized-v2-bounded-sensitivity,completed
MTSD,SAM 3,mtsd-blind-spot-mirror,sens-mtsd-mirror-01,sens-mtsd-mirror-04,canonical,instruction,747,405,0.647,0.6439,0.9805,85,7,392,prompt-sensitivity-v2,9559386e86fe19dbcaeaec5d29f631f93c1a11a46e6317792050446236f26792,Results/PromptDetect/BatchEvaluation/MTSD/20260822-102455-optimized-v2-bounded-sensitivity,completed
MTSD,SAM 3,mtsd-blind-spot-mirror,sens-mtsd-mirror-02,sens-mtsd-mirror-03,lexical-paraphrase,descriptive-paraphrase,747,21,0.2506,0.219,0.9662,327,253,1586,prompt-sensitivity-v2,9559386e86fe19dbcaeaec5d29f631f93c1a11a46e6317792050446236f26792,Results/PromptDetect/BatchEvaluation/MTSD/20260822-102455-optimized-v2-bounded-sensitivity,completed
MTSD,SAM 3,mtsd-blind-spot-mirror,sens-mtsd-mirror-02,sens-mtsd-mirror-04,lexical-paraphrase,instruction,747,314,0.6233,0.6037,0.948,225,355,252,prompt-sensitivity-v2,9559386e86fe19dbcaeaec5d29f631f93c1a11a46e6317792050446236f26792,Results/PromptDetect/BatchEvaluation/MTSD/20260822-102455-optimized-v2-bounded-sensitivity,completed
MTSD,SAM 3,mtsd-blind-spot-mirror,sens-mtsd-mirror-03,sens-mtsd-mirror-04,descriptive-paraphrase,instruction,747,22,0.2957,0.2514,0.9455,346,1567,131,prompt-sensitivity-v2,9559386e86fe19dbcaeaec5d29f631f93c1a11a46e6317792050446236f26792,Results/PromptDetect/BatchEvaluation/MTSD/20260822-102455-optimized-v2-bounded-sensitivity,completed
MTSD,SAM 3,mtsd-no-entry,sens-mtsd-entry-01,sens-mtsd-entry-02,canonical,lexical-paraphrase,747,149,0.7291,0.6954,0.9889,837,137,471,prompt-sensitivity-v2,9559386e86fe19dbcaeaec5d29f631f93c1a11a46e6317792050446236f26792,Results/PromptDetect/BatchEvaluation/MTSD/20260822-102455-optimized-v2-bounded-sensitivity,completed
MTSD,SAM 3,mtsd-no-entry,sens-mtsd-entry-01,sens-mtsd-entry-03,canonical,descriptive-paraphrase,747,123,0.6791,0.6282,0.978,891,83,831,prompt-sensitivity-v2,9559386e86fe19dbcaeaec5d29f631f93c1a11a46e6317792050446236f26792,Results/PromptDetect/BatchEvaluation/MTSD/20260822-102455-optimized-v2-bounded-sensitivity,completed
MTSD,SAM 3,mtsd-no-entry,sens-mtsd-entry-01,sens-mtsd-entry-04,canonical,instruction,747,178,0.7073,0.6588,0.9859,556,418,155,prompt-sensitivity-v2,9559386e86fe19dbcaeaec5d29f631f93c1a11a46e6317792050446236f26792,Results/PromptDetect/BatchEvaluation/MTSD/20260822-102455-optimized-v2-bounded-sensitivity,completed
MTSD,SAM 3,mtsd-no-entry,sens-mtsd-entry-02,sens-mtsd-entry-03,lexical-paraphrase,descriptive-paraphrase,747,134,0.7876,0.7338,0.9763,1214,94,508,prompt-sensitivity-v2,9559386e86fe19dbcaeaec5d29f631f93c1a11a46e6317792050446236f26792,Results/PromptDetect/BatchEvaluation/MTSD/20260822-102455-optimized-v2-bounded-sensitivity,completed
MTSD,SAM 3,mtsd-no-entry,sens-mtsd-entry-02,sens-mtsd-entry-04,lexical-paraphrase,instruction,747,157,0.6902,0.6295,0.9824,635,673,76,prompt-sensitivity-v2,9559386e86fe19dbcaeaec5d29f631f93c1a11a46e6317792050446236f26792,Results/PromptDetect/BatchEvaluation/MTSD/20260822-102455-optimized-v2-bounded-sensitivity,completed
MTSD,SAM 3,mtsd-no-entry,sens-mtsd-entry-03,sens-mtsd-entry-04,descriptive-paraphrase,instruction,747,132,0.6231,0.5422,0.9761,666,1056,45,prompt-sensitivity-v2,9559386e86fe19dbcaeaec5d29f631f93c1a11a46e6317792050446236f26792,Results/PromptDetect/BatchEvaluation/MTSD/20260822-102455-optimized-v2-bounded-sensitivity,completed
MTSD,SAM 3,mtsd-pedestrian-crossing,sens-mtsd-ped-01,sens-mtsd-ped-02,canonical,lexical-paraphrase,747,312,0.513,0.5025,0.9889,124,3,987,prompt-sensitivity-v2,9559386e86fe19dbcaeaec5d29f631f93c1a11a46e6317792050446236f26792,Results/PromptDetect/BatchEvaluation/MTSD/20260822-102455-optimized-v2-bounded-sensitivity,completed
MTSD,SAM 3,mtsd-pedestrian-crossing,sens-mtsd-ped-01,sens-mtsd-ped-03,canonical,descriptive-paraphrase,747,453,0.7059,0.6942,0.9893,126,1,368,prompt-sensitivity-v2,9559386e86fe19dbcaeaec5d29f631f93c1a11a46e6317792050446236f26792,Results/PromptDetect/BatchEvaluation/MTSD/20260822-102455-optimized-v2-bounded-sensitivity,completed
MTSD,SAM 3,mtsd-pedestrian-crossing,sens-mtsd-ped-01,sens-mtsd-ped-04,canonical,instruction,747,299,0.5158,0.5104,0.9858,120,7,524,prompt-sensitivity-v2,9559386e86fe19dbcaeaec5d29f631f93c1a11a46e6317792050446236f26792,Results/PromptDetect/BatchEvaluation/MTSD/20260822-102455-optimized-v2-bounded-sensitivity,completed
MTSD,SAM 3,mtsd-pedestrian-crossing,sens-mtsd-ped-02,sens-mtsd-ped-03,lexical-paraphrase,descriptive-paraphrase,747,311,0.7332,0.7028,0.9893,458,653,36,prompt-sensitivity-v2,9559386e86fe19dbcaeaec5d29f631f93c1a11a46e6317792050446236f26792,Results/PromptDetect/BatchEvaluation/MTSD/20260822-102455-optimized-v2-bounded-sensitivity,completed
MTSD,SAM 3,mtsd-pedestrian-crossing,sens-mtsd-ped-02,sens-mtsd-ped-04,lexical-paraphrase,instruction,747,269,0.7759,0.7273,0.9808,567,544,77,prompt-sensitivity-v2,9559386e86fe19dbcaeaec5d29f631f93c1a11a46e6317792050446236f26792,Results/PromptDetect/BatchEvaluation/MTSD/20260822-102455-optimized-v2-bounded-sensitivity,completed
MTSD,SAM 3,mtsd-pedestrian-crossing,sens-mtsd-ped-03,sens-mtsd-ped-04,descriptive-paraphrase,instruction,747,299,0.7472,0.7263,0.9848,384,110,260,prompt-sensitivity-v2,9559386e86fe19dbcaeaec5d29f631f93c1a11a46e6317792050446236f26792,Results/PromptDetect/BatchEvaluation/MTSD/20260822-102455-optimized-v2-bounded-sensitivity,completed
MTSD,SAM 3,mtsd-roundabout-ahead,sens-mtsd-roundabout-01,sens-mtsd-roundabout-02,canonical,lexical-paraphrase,747,189,0.7453,0.7107,0.9897,538,132,287,prompt-sensitivity-v2,9559386e86fe19dbcaeaec5d29f631f93c1a11a46e6317792050446236f26792,Results/PromptDetect/BatchEvaluation/MTSD/20260822-102455-optimized-v2-bounded-sensitivity,completed
MTSD,SAM 3,mtsd-roundabout-ahead,sens-mtsd-roundabout-01,sens-mtsd-roundabout-03,canonical,descriptive-paraphrase,747,82,0.6024,0.5622,0.9899,654,16,806,prompt-sensitivity-v2,9559386e86fe19dbcaeaec5d29f631f93c1a11a46e6317792050446236f26792,Results/PromptDetect/BatchEvaluation/MTSD/20260822-102455-optimized-v2-bounded-sensitivity,completed
MTSD,SAM 3,mtsd-roundabout-ahead,sens-mtsd-roundabout-01,sens-mtsd-roundabout-04,canonical,instruction,747,51,0.5887,0.5521,0.9869,537,133,443,prompt-sensitivity-v2,9559386e86fe19dbcaeaec5d29f631f93c1a11a46e6317792050446236f26792,Results/PromptDetect/BatchEvaluation/MTSD/20260822-102455-optimized-v2-bounded-sensitivity,completed
MTSD,SAM 3,mtsd-roundabout-ahead,sens-mtsd-roundabout-02,sens-mtsd-roundabout-03,lexical-paraphrase,descriptive-paraphrase,747,74,0.6685,0.6149,0.9872,769,56,691,prompt-sensitivity-v2,9559386e86fe19dbcaeaec5d29f631f93c1a11a46e6317792050446236f26792,Results/PromptDetect/BatchEvaluation/MTSD/20260822-102455-optimized-v2-bounded-sensitivity,completed
MTSD,SAM 3,mtsd-roundabout-ahead,sens-mtsd-roundabout-02,sens-mtsd-roundabout-04,lexical-paraphrase,instruction,747,49,0.7004,0.6617,0.9832,683,142,297,prompt-sensitivity-v2,9559386e86fe19dbcaeaec5d29f631f93c1a11a46e6317792050446236f26792,Results/PromptDetect/BatchEvaluation/MTSD/20260822-102455-optimized-v2-bounded-sensitivity,completed
MTSD,SAM 3,mtsd-roundabout-ahead,sens-mtsd-roundabout-03,sens-mtsd-roundabout-04,descriptive-paraphrase,instruction,747,45,0.7662,0.6948,0.9734,905,555,75,prompt-sensitivity-v2,9559386e86fe19dbcaeaec5d29f631f93c1a11a46e6317792050446236f26792,Results/PromptDetect/BatchEvaluation/MTSD/20260822-102455-optimized-v2-bounded-sensitivity,completed
MTSD,SAM 3,mtsd-stop-sign,sens-mtsd-stop-01,sens-mtsd-stop-02,canonical,lexical-paraphrase,747,139,0.4656,0.4183,0.9696,368,39,1193,prompt-sensitivity-v2,9559386e86fe19dbcaeaec5d29f631f93c1a11a46e6317792050446236f26792,Results/PromptDetect/BatchEvaluation/MTSD/20260822-102455-optimized-v2-bounded-sensitivity,completed
MTSD,SAM 3,mtsd-stop-sign,sens-mtsd-stop-01,sens-mtsd-stop-03,canonical,descriptive-paraphrase,747,180,0.5405,0.4954,0.9844,393,14,1120,prompt-sensitivity-v2,9559386e86fe19dbcaeaec5d29f631f93c1a11a46e6317792050446236f26792,Results/PromptDetect/BatchEvaluation/MTSD/20260822-102455-optimized-v2-bounded-sensitivity,completed
MTSD,SAM 3,mtsd-stop-sign,sens-mtsd-stop-01,sens-mtsd-stop-04,canonical,instruction,747,101,0.5321,0.5172,0.9824,387,20,550,prompt-sensitivity-v2,9559386e86fe19dbcaeaec5d29f631f93c1a11a46e6317792050446236f26792,Results/PromptDetect/BatchEvaluation/MTSD/20260822-102455-optimized-v2-bounded-sensitivity,completed
MTSD,SAM 3,mtsd-stop-sign,sens-mtsd-stop-02,sens-mtsd-stop-03,lexical-paraphrase,descriptive-paraphrase,747,143,0.8134,0.7583,0.9719,1245,316,268,prompt-sensitivity-v2,9559386e86fe19dbcaeaec5d29f631f93c1a11a46e6317792050446236f26792,Results/PromptDetect/BatchEvaluation/MTSD/20260822-102455-optimized-v2-bounded-sensitivity,completed
MTSD,SAM 3,mtsd-stop-sign,sens-mtsd-stop-02,sens-mtsd-stop-04,lexical-paraphrase,instruction,747,77,0.6095,0.5212,0.9576,746,815,191,prompt-sensitivity-v2,9559386e86fe19dbcaeaec5d29f631f93c1a11a46e6317792050446236f26792,Results/PromptDetect/BatchEvaluation/MTSD/20260822-102455-optimized-v2-bounded-sensitivity,completed
MTSD,SAM 3,mtsd-stop-sign,sens-mtsd-stop-03,sens-mtsd-stop-04,descriptive-paraphrase,instruction,747,87,0.6548,0.5806,0.9675,773,740,164,prompt-sensitivity-v2,9559386e86fe19dbcaeaec5d29f631f93c1a11a46e6317792050446236f26792,Results/PromptDetect/BatchEvaluation/MTSD/20260822-102455-optimized-v2-bounded-sensitivity,completed
MTSD,SAM 3.1,mtsd-blind-spot-mirror,sens-mtsd-mirror-01,sens-mtsd-mirror-02,canonical,lexical-paraphrase,747,395,0.6246,0.6149,0.9549,96,2,601,prompt-sensitivity-v2,9559386e86fe19dbcaeaec5d29f631f93c1a11a46e6317792050446236f26792,Results/PromptDetect/BatchEvaluation/MTSD/20260822-102455-optimized-v2-bounded-sensitivity,completed
MTSD,SAM 3.1,mtsd-blind-spot-mirror,sens-mtsd-mirror-01,sens-mtsd-mirror-03,canonical,descriptive-paraphrase,747,22,0.1106,0.0958,0.9401,93,5,1938,prompt-sensitivity-v2,9559386e86fe19dbcaeaec5d29f631f93c1a11a46e6317792050446236f26792,Results/PromptDetect/BatchEvaluation/MTSD/20260822-102455-optimized-v2-bounded-sensitivity,completed
MTSD,SAM 3.1,mtsd-blind-spot-mirror,sens-mtsd-mirror-01,sens-mtsd-mirror-04,canonical,instruction,747,378,0.6137,0.6101,0.9816,90,8,464,prompt-sensitivity-v2,9559386e86fe19dbcaeaec5d29f631f93c1a11a46e6317792050446236f26792,Results/PromptDetect/BatchEvaluation/MTSD/20260822-102455-optimized-v2-bounded-sensitivity,completed
MTSD,SAM 3.1,mtsd-blind-spot-mirror,sens-mtsd-mirror-02,sens-mtsd-mirror-03,lexical-paraphrase,descriptive-paraphrase,747,16,0.2612,0.2261,0.9664,374,323,1657,prompt-sensitivity-v2,9559386e86fe19dbcaeaec5d29f631f93c1a11a46e6317792050446236f26792,Results/PromptDetect/BatchEvaluation/MTSD/20260822-102455-optimized-v2-bounded-sensitivity,completed
MTSD,SAM 3.1,mtsd-blind-spot-mirror,sens-mtsd-mirror-02,sens-mtsd-mirror-04,lexical-paraphrase,instruction,747,284,0.5918,0.5697,0.9528,249,448,305,prompt-sensitivity-v2,9559386e86fe19dbcaeaec5d29f631f93c1a11a46e6317792050446236f26792,Results/PromptDetect/BatchEvaluation/MTSD/20260822-102455-optimized-v2-bounded-sensitivity,completed
MTSD,SAM 3.1,mtsd-blind-spot-mirror,sens-mtsd-mirror-03,sens-mtsd-mirror-04,descriptive-paraphrase,instruction,747,15,0.2992,0.2504,0.9479,375,1656,179,prompt-sensitivity-v2,9559386e86fe19dbcaeaec5d29f631f93c1a11a46e6317792050446236f26792,Results/PromptDetect/BatchEvaluation/MTSD/20260822-102455-optimized-v2-bounded-sensitivity,completed
MTSD,SAM 3.1,mtsd-no-entry,sens-mtsd-entry-01,sens-mtsd-entry-02,canonical,lexical-paraphrase,747,157,0.7291,0.6968,0.9885,867,136,472,prompt-sensitivity-v2,9559386e86fe19dbcaeaec5d29f631f93c1a11a46e6317792050446236f26792,Results/PromptDetect/BatchEvaluation/MTSD/20260822-102455-optimized-v2-bounded-sensitivity,completed
MTSD,SAM 3.1,mtsd-no-entry,sens-mtsd-entry-01,sens-mtsd-entry-03,canonical,descriptive-paraphrase,747,120,0.6772,0.631,0.9766,940,63,881,prompt-sensitivity-v2,9559386e86fe19dbcaeaec5d29f631f93c1a11a46e6317792050446236f26792,Results/PromptDetect/BatchEvaluation/MTSD/20260822-102455-optimized-v2-bounded-sensitivity,completed
MTSD,SAM 3.1,mtsd-no-entry,sens-mtsd-entry-01,sens-mtsd-entry-04,canonical,instruction,747,184,0.7053,0.6529,0.9865,574,429,169,prompt-sensitivity-v2,9559386e86fe19dbcaeaec5d29f631f93c1a11a46e6317792050446236f26792,Results/PromptDetect/BatchEvaluation/MTSD/20260822-102455-optimized-v2-bounded-sensitivity,completed
MTSD,SAM 3.1,mtsd-no-entry,sens-mtsd-entry-02,sens-mtsd-entry-03,lexical-paraphrase,descriptive-paraphrase,747,126,0.7741,0.7194,0.9753,1258,81,563,prompt-sensitivity-v2,9559386e86fe19dbcaeaec5d29f631f93c1a11a46e6317792050446236f26792,Results/PromptDetect/BatchEvaluation/MTSD/20260822-102455-optimized-v2-bounded-sensitivity,completed
MTSD,SAM 3.1,mtsd-no-entry,sens-mtsd-entry-02,sens-mtsd-entry-04,lexical-paraphrase,instruction,747,163,0.7009,0.6365,0.9821,673,666,70,prompt-sensitivity-v2,9559386e86fe19dbcaeaec5d29f631f93c1a11a46e6317792050446236f26792,Results/PromptDetect/BatchEvaluation/MTSD/20260822-102455-optimized-v2-bounded-sensitivity,completed
MTSD,SAM 3.1,mtsd-no-entry,sens-mtsd-entry-03,sens-mtsd-entry-04,descriptive-paraphrase,instruction,747,121,0.6089,0.527,0.9753,700,1121,43,prompt-sensitivity-v2,9559386e86fe19dbcaeaec5d29f631f93c1a11a46e6317792050446236f26792,Results/PromptDetect/BatchEvaluation/MTSD/20260822-102455-optimized-v2-bounded-sensitivity,completed
MTSD,SAM 3.1,mtsd-pedestrian-crossing,sens-mtsd-ped-01,sens-mtsd-ped-02,canonical,lexical-paraphrase,747,313,0.5064,0.4957,0.9884,121,6,1007,prompt-sensitivity-v2,9559386e86fe19dbcaeaec5d29f631f93c1a11a46e6317792050446236f26792,Results/PromptDetect/BatchEvaluation/MTSD/20260822-102455-optimized-v2-bounded-sensitivity,completed
MTSD,SAM 3.1,mtsd-pedestrian-crossing,sens-mtsd-ped-01,sens-mtsd-ped-03,canonical,descriptive-paraphrase,747,488,0.747,0.7365,0.989,127,0,334,prompt-sensitivity-v2,9559386e86fe19dbcaeaec5d29f631f93c1a11a46e6317792050446236f26792,Results/PromptDetect/BatchEvaluation/MTSD/20260822-102455-optimized-v2-bounded-sensitivity,completed
MTSD,SAM 3.1,mtsd-pedestrian-crossing,sens-mtsd-ped-01,sens-mtsd-ped-04,canonical,instruction,747,299,0.5085,0.5027,0.986,120,7,545,prompt-sensitivity-v2,9559386e86fe19dbcaeaec5d29f631f93c1a11a46e6317792050446236f26792,Results/PromptDetect/BatchEvaluation/MTSD/20260822-102455-optimized-v2-bounded-sensitivity,completed
MTSD,SAM 3.1,mtsd-pedestrian-crossing,sens-mtsd-ped-02,sens-mtsd-ped-03,lexical-paraphrase,descriptive-paraphrase,747,311,0.6905,0.6623,0.9894,423,705,38,prompt-sensitivity-v2,9559386e86fe19dbcaeaec5d29f631f93c1a11a46e6317792050446236f26792,Results/PromptDetect/BatchEvaluation/MTSD/20260822-102455-optimized-v2-bounded-sensitivity,completed
MTSD,SAM 3.1,mtsd-pedestrian-crossing,sens-mtsd-ped-02,sens-mtsd-ped-04,lexical-paraphrase,instruction,747,270,0.7732,0.7237,0.9805,578,550,87,prompt-sensitivity-v2,9559386e86fe19dbcaeaec5d29f631f93c1a11a46e6317792050446236f26792,Results/PromptDetect/BatchEvaluation/MTSD/20260822-102455-optimized-v2-bounded-sensitivity,completed
MTSD,SAM 3.1,mtsd-pedestrian-crossing,sens-mtsd-ped-03,sens-mtsd-ped-04,descriptive-paraphrase,instruction,747,299,0.7012,0.6808,0.9834,351,110,314,prompt-sensitivity-v2,9559386e86fe19dbcaeaec5d29f631f93c1a11a46e6317792050446236f26792,Results/PromptDetect/BatchEvaluation/MTSD/20260822-102455-optimized-v2-bounded-sensitivity,completed
MTSD,SAM 3.1,mtsd-roundabout-ahead,sens-mtsd-roundabout-01,sens-mtsd-roundabout-02,canonical,lexical-paraphrase,747,174,0.7474,0.7077,0.9901,589,146,314,prompt-sensitivity-v2,9559386e86fe19dbcaeaec5d29f631f93c1a11a46e6317792050446236f26792,Results/PromptDetect/BatchEvaluation/MTSD/20260822-102455-optimized-v2-bounded-sensitivity,completed
MTSD,SAM 3.1,mtsd-roundabout-ahead,sens-mtsd-roundabout-01,sens-mtsd-roundabout-03,canonical,descriptive-paraphrase,747,74,0.6132,0.5712,0.9898,715,20,847,prompt-sensitivity-v2,9559386e86fe19dbcaeaec5d29f631f93c1a11a46e6317792050446236f26792,Results/PromptDetect/BatchEvaluation/MTSD/20260822-102455-optimized-v2-bounded-sensitivity,completed
MTSD,SAM 3.1,mtsd-roundabout-ahead,sens-mtsd-roundabout-01,sens-mtsd-roundabout-04,canonical,instruction,747,50,0.6042,0.5625,0.9867,577,158,430,prompt-sensitivity-v2,9559386e86fe19dbcaeaec5d29f631f93c1a11a46e6317792050446236f26792,Results/PromptDetect/BatchEvaluation/MTSD/20260822-102455-optimized-v2-bounded-sensitivity,completed
MTSD,SAM 3.1,mtsd-roundabout-ahead,sens-mtsd-roundabout-02,sens-mtsd-roundabout-03,lexical-paraphrase,descriptive-paraphrase,747,66,0.6767,0.6154,0.9872,840,63,722,prompt-sensitivity-v2,9559386e86fe19dbcaeaec5d29f631f93c1a11a46e6317792050446236f26792,Results/PromptDetect/BatchEvaluation/MTSD/20260822-102455-optimized-v2-bounded-sensitivity,completed
MTSD,SAM 3.1,mtsd-roundabout-ahead,sens-mtsd-roundabout-02,sens-mtsd-roundabout-04,lexical-paraphrase,instruction,747,47,0.7149,0.6725,0.9804,732,171,275,prompt-sensitivity-v2,9559386e86fe19dbcaeaec5d29f631f93c1a11a46e6317792050446236f26792,Results/PromptDetect/BatchEvaluation/MTSD/20260822-102455-optimized-v2-bounded-sensitivity,completed
MTSD,SAM 3.1,mtsd-roundabout-ahead,sens-mtsd-roundabout-03,sens-mtsd-roundabout-04,descriptive-paraphrase,instruction,747,45,0.7654,0.6877,0.9727,945,617,62,prompt-sensitivity-v2,9559386e86fe19dbcaeaec5d29f631f93c1a11a46e6317792050446236f26792,Results/PromptDetect/BatchEvaluation/MTSD/20260822-102455-optimized-v2-bounded-sensitivity,completed
MTSD,SAM 3.1,mtsd-stop-sign,sens-mtsd-stop-01,sens-mtsd-stop-02,canonical,lexical-paraphrase,747,149,0.4754,0.4286,0.9689,369,42,1189,prompt-sensitivity-v2,9559386e86fe19dbcaeaec5d29f631f93c1a11a46e6317792050446236f26792,Results/PromptDetect/BatchEvaluation/MTSD/20260822-102455-optimized-v2-bounded-sensitivity,completed
MTSD,SAM 3.1,mtsd-stop-sign,sens-mtsd-stop-01,sens-mtsd-stop-03,canonical,descriptive-paraphrase,747,185,0.5413,0.4954,0.9837,397,14,1164,prompt-sensitivity-v2,9559386e86fe19dbcaeaec5d29f631f93c1a11a46e6317792050446236f26792,Results/PromptDetect/BatchEvaluation/MTSD/20260822-102455-optimized-v2-bounded-sensitivity,completed
MTSD,SAM 3.1,mtsd-stop-sign,sens-mtsd-stop-01,sens-mtsd-stop-04,canonical,instruction,747,99,0.5252,0.5089,0.9826,388,23,568,prompt-sensitivity-v2,9559386e86fe19dbcaeaec5d29f631f93c1a11a46e6317792050446236f26792,Results/PromptDetect/BatchEvaluation/MTSD/20260822-102455-optimized-v2-bounded-sensitivity,completed
MTSD,SAM 3.1,mtsd-stop-sign,sens-mtsd-stop-02,sens-mtsd-stop-03,lexical-paraphrase,descriptive-paraphrase,747,150,0.8099,0.7556,0.97,1253,305,308,prompt-sensitivity-v2,9559386e86fe19dbcaeaec5d29f631f93c1a11a46e6317792050446236f26792,Results/PromptDetect/BatchEvaluation/MTSD/20260822-102455-optimized-v2-bounded-sensitivity,completed
MTSD,SAM 3.1,mtsd-stop-sign,sens-mtsd-stop-02,sens-mtsd-stop-04,lexical-paraphrase,instruction,747,81,0.6104,0.5229,0.9599,751,807,205,prompt-sensitivity-v2,9559386e86fe19dbcaeaec5d29f631f93c1a11a46e6317792050446236f26792,Results/PromptDetect/BatchEvaluation/MTSD/20260822-102455-optimized-v2-bounded-sensitivity,completed
MTSD,SAM 3.1,mtsd-stop-sign,sens-mtsd-stop-03,sens-mtsd-stop-04,descriptive-paraphrase,instruction,747,86,0.6448,0.5679,0.9684,785,776,171,prompt-sensitivity-v2,9559386e86fe19dbcaeaec5d29f631f93c1a11a46e6317792050446236f26792,Results/PromptDetect/BatchEvaluation/MTSD/20260822-102455-optimized-v2-bounded-sensitivity,completed
